<?xml version="1.0" encoding="UTF-8"?>
<vivadoHLSLog:LogRoot xmlns:vivadoHLSLog="www.xilinx.com/vivadoHLSLog">
  <errorLogs>
    <logs>
      <synLog/>
      <simLog/>
      <mgLog/>
      <packageLog/>
      <csimLog/>
    </logs>
  </errorLogs>
  <warningLogs>
    <logs>
      <synLog>
        <logs message="WARNING: [RTGEN 206-101] Register 'acc_7' is power-on initialization." projectName="array_io_prj" solutionName="solution3" date="2021-12-12T03:06:58.329+0300" type="Warning"/>
        <logs message="WARNING: [RTGEN 206-101] Register 'acc_6' is power-on initialization." projectName="array_io_prj" solutionName="solution3" date="2021-12-12T03:06:58.319+0300" type="Warning"/>
        <logs message="WARNING: [RTGEN 206-101] Register 'acc_5' is power-on initialization." projectName="array_io_prj" solutionName="solution3" date="2021-12-12T03:06:58.308+0300" type="Warning"/>
        <logs message="WARNING: [RTGEN 206-101] Register 'acc_4' is power-on initialization." projectName="array_io_prj" solutionName="solution3" date="2021-12-12T03:06:58.304+0300" type="Warning"/>
        <logs message="WARNING: [RTGEN 206-101] Register 'acc_3' is power-on initialization." projectName="array_io_prj" solutionName="solution3" date="2021-12-12T03:06:58.273+0300" type="Warning"/>
        <logs message="WARNING: [RTGEN 206-101] Register 'acc_2' is power-on initialization." projectName="array_io_prj" solutionName="solution3" date="2021-12-12T03:06:58.269+0300" type="Warning"/>
        <logs message="WARNING: [RTGEN 206-101] Register 'acc_1' is power-on initialization." projectName="array_io_prj" solutionName="solution3" date="2021-12-12T03:06:58.264+0300" type="Warning"/>
        <logs message="WARNING: [RTGEN 206-101] Register 'acc_0' is power-on initialization." projectName="array_io_prj" solutionName="solution3" date="2021-12-12T03:06:58.242+0300" type="Warning"/>
        <logs message="WARNING: [HLS 200-40] Cannot find library 'xilinx/aartix7/aartix7'." projectName="array_io_prj" solutionName="solution3" date="2021-12-12T03:06:50.229+0300" type="Warning"/>
        <logs message="WARNING: [HLS 200-40] Cannot find library 'C:/Xilinx/Vivado/2019.2/common/technology/xilinx/aartix7/aartix7.lib'." projectName="array_io_prj" solutionName="solution3" date="2021-12-12T03:06:49.591+0300" type="Warning"/>
        <logs message="WARNING: [RTGEN 206-101] Register 'acc_7' is power-on initialization." projectName="array_io_prj" solutionName="solution2" date="2021-12-12T02:52:19.163+0300" type="Warning"/>
        <logs message="WARNING: [RTGEN 206-101] Register 'acc_6' is power-on initialization." projectName="array_io_prj" solutionName="solution2" date="2021-12-12T02:52:19.128+0300" type="Warning"/>
        <logs message="WARNING: [RTGEN 206-101] Register 'acc_5' is power-on initialization." projectName="array_io_prj" solutionName="solution2" date="2021-12-12T02:52:19.113+0300" type="Warning"/>
        <logs message="WARNING: [RTGEN 206-101] Register 'acc_4' is power-on initialization." projectName="array_io_prj" solutionName="solution2" date="2021-12-12T02:52:19.102+0300" type="Warning"/>
        <logs message="WARNING: [RTGEN 206-101] Register 'acc_3' is power-on initialization." projectName="array_io_prj" solutionName="solution2" date="2021-12-12T02:52:19.074+0300" type="Warning"/>
        <logs message="WARNING: [RTGEN 206-101] Register 'acc_2' is power-on initialization." projectName="array_io_prj" solutionName="solution2" date="2021-12-12T02:52:19.071+0300" type="Warning"/>
        <logs message="WARNING: [RTGEN 206-101] Register 'acc_1' is power-on initialization." projectName="array_io_prj" solutionName="solution2" date="2021-12-12T02:52:19.065+0300" type="Warning"/>
        <logs message="WARNING: [RTGEN 206-101] Register 'acc_0' is power-on initialization." projectName="array_io_prj" solutionName="solution2" date="2021-12-12T02:52:19.060+0300" type="Warning"/>
        <logs message="WARNING: [HLS 200-40] Cannot find library 'xilinx/aartix7/aartix7'." projectName="array_io_prj" solutionName="solution2" date="2021-12-12T02:52:11.382+0300" type="Warning"/>
        <logs message="WARNING: [HLS 200-40] Cannot find library 'C:/Xilinx/Vivado/2019.2/common/technology/xilinx/aartix7/aartix7.lib'." projectName="array_io_prj" solutionName="solution2" date="2021-12-12T02:52:10.879+0300" type="Warning"/>
        <logs message="WARNING: [RTGEN 206-101] Register 'acc_7' is power-on initialization." projectName="array_io_prj" solutionName="solution1" date="2021-12-12T02:44:29.004+0300" type="Warning"/>
        <logs message="WARNING: [RTGEN 206-101] Register 'acc_6' is power-on initialization." projectName="array_io_prj" solutionName="solution1" date="2021-12-12T02:44:29.000+0300" type="Warning"/>
        <logs message="WARNING: [RTGEN 206-101] Register 'acc_5' is power-on initialization." projectName="array_io_prj" solutionName="solution1" date="2021-12-12T02:44:28.995+0300" type="Warning"/>
        <logs message="WARNING: [RTGEN 206-101] Register 'acc_4' is power-on initialization." projectName="array_io_prj" solutionName="solution1" date="2021-12-12T02:44:28.967+0300" type="Warning"/>
        <logs message="WARNING: [RTGEN 206-101] Register 'acc_3' is power-on initialization." projectName="array_io_prj" solutionName="solution1" date="2021-12-12T02:44:28.950+0300" type="Warning"/>
        <logs message="WARNING: [RTGEN 206-101] Register 'acc_2' is power-on initialization." projectName="array_io_prj" solutionName="solution1" date="2021-12-12T02:44:28.940+0300" type="Warning"/>
        <logs message="WARNING: [RTGEN 206-101] Register 'acc_1' is power-on initialization." projectName="array_io_prj" solutionName="solution1" date="2021-12-12T02:44:28.912+0300" type="Warning"/>
        <logs message="WARNING: [RTGEN 206-101] Register 'acc_0' is power-on initialization." projectName="array_io_prj" solutionName="solution1" date="2021-12-12T02:44:28.905+0300" type="Warning"/>
        <logs message="WARNING: [HLS 200-40] Cannot find library 'xilinx/aartix7/aartix7'." projectName="array_io_prj" solutionName="solution1" date="2021-12-12T02:44:21.203+0300" type="Warning"/>
        <logs message="WARNING: [HLS 200-40] Cannot find library 'C:/Xilinx/Vivado/2019.2/common/technology/xilinx/aartix7/aartix7.lib'." projectName="array_io_prj" solutionName="solution1" date="2021-12-12T02:44:20.566+0300" type="Warning"/>
      </synLog>
      <simLog/>
      <mgLog/>
      <packageLog/>
      <csimLog/>
    </logs>
  </warningLogs>
</vivadoHLSLog:LogRoot>
