{
  "Top": "lab5_z3",
  "RtlTop": "lab5_z3",
  "RtlPrefix": "",
  "SourceLanguage": "c",
  "ResetStyle": "control",
  "GenerateBdFiles": "0",
  "HostMachineBits": "64",
  "Target": {
    "Family": "aartix7",
    "Device": "xa7a12t",
    "Package": "-csg325",
    "Speed": "-1Q"
  },
  "HlsSolution": {
    "DirectiveTcl": [
      "set_directive_resource lab5_z3 ",
      "set_directive_resource lab5_z3 ",
      "set_directive_unroll lab5_z3\/looplabel0 -skip_exit_check -factor 64",
      "set_directive_array_reshape lab5_z3 ",
      "set_directive_array_reshape lab5_z3 ",
      "set_directive_pipeline lab5_z3\/looplabel0 ",
      "set_directive_array_reshape lab5_z3 ",
      "set_directive_resource lab5_z3 ",
      "set_directive_array_reshape lab5_z3 ",
      "set_directive_resource lab5_z3 "
    ],
    "DirectiveInfo": [
      "resource lab5_z3 {{variable positionBooleanTextRequiredd_in.A} {core RAM_1P}} {}",
      "resource lab5_z3 {{variable positionBooleanTextRequiredd_in.B} {core RAM_1P}} {}",
      "unroll lab5_z3\/looplabel0 {{skip_exit_check positionBoolean1} {factor 64}} {}",
      "array_reshape lab5_z3 {{reshape positionBooleanCmd} {variable positionBooleanTextRequiredd_in.A} {cyclic positionBoolean0type} {factor 64} {dim 1}} {}",
      "array_reshape lab5_z3 {{reshape positionBooleanCmd} {variable positionBooleanTextRequiredd_in.B} {cyclic positionBoolean0type} {factor 64} {dim 1}} {}",
      "pipeline lab5_z3\/looplabel0 {} {}",
      "array_reshape lab5_z3 {{reshape positionBooleanCmd} {variable positionBooleanTextRequiredd_out->A} {cyclic positionBoolean0type} {factor 64} {dim 1}} {}",
      "resource lab5_z3 {{variable positionBooleanTextRequiredd_out->A} {core RAM_1P}} {}",
      "array_reshape lab5_z3 {{reshape positionBooleanCmd} {variable positionBooleanTextRequiredd_out->B} {cyclic positionBoolean0type} {factor 64} {dim 1}} {}",
      "resource lab5_z3 {{variable positionBooleanTextRequiredd_out->B} {core RAM_1P}} {}"
    ]
  },
  "Args": {
    "d_in": {
      "index": "0",
      "type": {
        "kinds": ["struct"],
        "dataType": "data",
        "structImpl": "flat-interface",
        "fields": {
          "A": {
            "order": "0",
            "kinds": ["array"],
            "dataType": "int",
            "dataWidth": "32",
            "arraySizes": ["262144"],
            "multiInterfaceRef": [
              "d_in_A_address0",
              "d_in_A_q0"
            ],
            "structImpl": "interface"
          },
          "B": {
            "order": "1",
            "kinds": ["array"],
            "dataType": "int",
            "dataWidth": "32",
            "arraySizes": ["262144"],
            "multiInterfaceRef": [
              "d_in_B_address0",
              "d_in_B_q0"
            ],
            "structImpl": "interface"
          }
        }
      }
    },
    "d_out": {
      "index": "1",
      "type": {
        "kinds": [
          "struct",
          "pointer"
        ],
        "dataType": "data",
        "structImpl": "flat-interface",
        "fields": {
          "A": {
            "order": "0",
            "kinds": ["array"],
            "dataType": "int",
            "dataWidth": "32",
            "arraySizes": ["262144"],
            "multiInterfaceRef": [
              "d_out_A_address0",
              "d_out_A_d0"
            ],
            "structImpl": "interface"
          },
          "B": {
            "order": "1",
            "kinds": ["array"],
            "dataType": "int",
            "dataWidth": "32",
            "arraySizes": ["262144"],
            "multiInterfaceRef": [
              "d_out_B_address0",
              "d_out_B_d0"
            ],
            "structImpl": "interface"
          }
        }
      }
    }
  },
  "Return": {
    
  },
  "ClockInfo": {
    "ClockName": "ap_clk",
    "ClockPeriod": "20",
    "IsCombLogic": "0",
    "II": "x",
    "Latency": "4098",
    "Uncertainty": "2.5"
  },
  "Xdc": {"OocClocks": ["create_clock -name ap_clk -period 20.000 [get_ports ap_clk]"]},
  "Ipx": {
    "Vendor": "xilinx.com",
    "Library": "hls",
    "Name": "lab5_z3",
    "Version": "1.0",
    "DisplayName": "Lab5_z3",
    "Revision": "",
    "Description": "An IP generated by Vivado HLS",
    "Taxonomy": "\/VIVADO_HLS_IP",
    "AutoFamilySupport": ""
  },
  "Files": {
    "CSource": ["..\/..\/source\/lab5_z3.c"],
    "Vhdl": ["impl\/vhdl\/lab5_z3.vhd"],
    "Verilog": ["impl\/verilog\/lab5_z3.v"],
    "Misc": ["impl\/misc\/logo.png"],
    "DesignXml": "\/home\/sokrat\/project\/learn\/Hybridsystem\/homework\/hw5\/lab5_z3\/lab5_z3_prj\/solution1\/.autopilot\/db\/lab5_z3.design.xml",
    "DebugDir": "\/home\/sokrat\/project\/learn\/Hybridsystem\/homework\/hw5\/lab5_z3\/lab5_z3_prj\/solution1\/.debug",
    "ProtoInst": ["\/home\/sokrat\/project\/learn\/Hybridsystem\/homework\/hw5\/lab5_z3\/lab5_z3_prj\/solution1\/.debug\/lab5_z3.protoinst"]
  },
  "SubcoreInfo": {
    "HasXpmMemory": false,
    "HasClockedDsp": false,
    "IP": []
  },
  "Interfaces": {
    "ap_clk": {
      "type": "clock",
      "ctype": {"CLK": {"Type": "bool"}},
      "bundle_name": "ap_clk",
      "bundle_role": "default",
      "reset": "ap_rst"
    },
    "ap_ctrl": {
      "type": "ap_ctrl",
      "ctrl_ports": "ap_start ap_done ap_idle ap_ready",
      "ctype": {
        "start": {"Type": "bool"},
        "done": {"Type": "bool"},
        "idle": {"Type": "bool"},
        "ready": {"Type": "bool"}
      }
    },
    "ap_rst": {
      "type": "reset",
      "polarity": "ACTIVE_HIGH",
      "ctype": {"RST": {"Type": "bool"}},
      "bundle_name": "ap_rst",
      "bundle_role": "default"
    },
    "d_in_A_address0": {
      "type": "data",
      "dir": "out",
      "width": "12",
      "ctype": {"DATA": {
          "Type": "null",
          "Width": "12"
        }},
      "bundle_name": "d_in_A",
      "bundle_role": "address0"
    },
    "d_in_A_q0": {
      "type": "data",
      "dir": "in",
      "width": "2048",
      "ctype": {"DATA": {
          "Type": "integer signed",
          "Width": "32",
          "Bits": "2048"
        }},
      "bundle_name": "d_in_A",
      "bundle_role": "q0"
    },
    "d_in_B_address0": {
      "type": "data",
      "dir": "out",
      "width": "12",
      "ctype": {"DATA": {
          "Type": "null",
          "Width": "12"
        }},
      "bundle_name": "d_in_B",
      "bundle_role": "address0"
    },
    "d_in_B_q0": {
      "type": "data",
      "dir": "in",
      "width": "2048",
      "ctype": {"DATA": {
          "Type": "integer signed",
          "Width": "32",
          "Bits": "2048"
        }},
      "bundle_name": "d_in_B",
      "bundle_role": "q0"
    },
    "d_out_A_address0": {
      "type": "data",
      "dir": "out",
      "width": "12",
      "ctype": {"DATA": {
          "Type": "null",
          "Width": "12"
        }},
      "bundle_name": "d_out_A",
      "bundle_role": "address0"
    },
    "d_out_A_d0": {
      "type": "data",
      "dir": "out",
      "width": "2048",
      "ctype": {"DATA": {
          "Type": "integer signed",
          "Width": "32",
          "Bits": "2048"
        }},
      "bundle_name": "d_out_A",
      "bundle_role": "d0"
    },
    "d_out_B_address0": {
      "type": "data",
      "dir": "out",
      "width": "12",
      "ctype": {"DATA": {
          "Type": "null",
          "Width": "12"
        }},
      "bundle_name": "d_out_B",
      "bundle_role": "address0"
    },
    "d_out_B_d0": {
      "type": "data",
      "dir": "out",
      "width": "2048",
      "ctype": {"DATA": {
          "Type": "integer signed",
          "Width": "32",
          "Bits": "2048"
        }},
      "bundle_name": "d_out_B",
      "bundle_role": "d0"
    }
  },
  "RtlPorts": {
    "ap_clk": {
      "dir": "in",
      "width": "1"
    },
    "ap_rst": {
      "dir": "in",
      "width": "1"
    },
    "ap_start": {
      "dir": "in",
      "width": "1"
    },
    "ap_done": {
      "dir": "out",
      "width": "1"
    },
    "ap_idle": {
      "dir": "out",
      "width": "1"
    },
    "ap_ready": {
      "dir": "out",
      "width": "1"
    },
    "d_in_A_address0": {
      "dir": "out",
      "width": "12"
    },
    "d_in_A_ce0": {
      "dir": "out",
      "width": "1"
    },
    "d_in_A_q0": {
      "dir": "in",
      "width": "2048"
    },
    "d_in_B_address0": {
      "dir": "out",
      "width": "12"
    },
    "d_in_B_ce0": {
      "dir": "out",
      "width": "1"
    },
    "d_in_B_q0": {
      "dir": "in",
      "width": "2048"
    },
    "d_out_A_address0": {
      "dir": "out",
      "width": "12"
    },
    "d_out_A_ce0": {
      "dir": "out",
      "width": "1"
    },
    "d_out_A_we0": {
      "dir": "out",
      "width": "1"
    },
    "d_out_A_d0": {
      "dir": "out",
      "width": "2048"
    },
    "d_out_B_address0": {
      "dir": "out",
      "width": "12"
    },
    "d_out_B_ce0": {
      "dir": "out",
      "width": "1"
    },
    "d_out_B_we0": {
      "dir": "out",
      "width": "1"
    },
    "d_out_B_d0": {
      "dir": "out",
      "width": "2048"
    }
  },
  "ModuleInfo": {
    "Hierarchy": {"ModuleName": "lab5_z3"},
    "Info": {"lab5_z3": {
        "FunctionProtocol": "ap_ctrl_hs",
        "isTaskLevelControl": "1",
        "isPipelined": "0",
        "isCombinational": "0",
        "isOneStateSeq": "0"
      }},
    "Metrics": {"lab5_z3": {
        "Latency": {
          "LatencyBest": "4098",
          "LatencyAvg": "4098",
          "LatencyWorst": "4098",
          "PipelineII": "4099",
          "PipelineDepth": "",
          "PipelineType": "none"
        },
        "Timing": {
          "Target": "20.00",
          "Uncertainty": "2.50",
          "Estimate": "7.834"
        },
        "Loops": [{
            "Name": "looplabel0",
            "TripCount": "4096",
            "Latency": "4096",
            "PipelineII": "1",
            "PipelineDepth": "2"
          }],
        "Area": {
          "FF": "37",
          "LUT": "5085",
          "BRAM_18K": "0",
          "DSP48E": "0",
          "URAM": "0"
        }
      }}
  },
  "Sdx": {
    "Target": "none",
    "ProfileOption": "0",
    "ProfileType": "none",
    "XO": "",
    "KernelName": "lab5_z3",
    "EnableXoSwEmu": "1"
  },
  "GenData": {
    "DataVersion": "0.2",
    "Time": "2021-11-26 15:35:53 MSK",
    "ToolName": "vivado_hls",
    "ToolVersion": "2020.1"
  }
}
