<profile>

<section name = "Vivado HLS Report for 'gauss_blur'" level="0">
<item name = "Date">Mon Nov 29 16:18:31 2021
</item>
<item name = "Version">2020.1 (Build 2897737 on Wed May 27 20:21:37 MDT 2020)</item>
<item name = "Project">course_prj</item>
<item name = "Solution">sol1</item>
<item name = "Product family">artix7</item>
<item name = "Target device">xa7a12t-csg325-1Q</item>
</section>

<section name = "Performance Estimates" level="0">
<item name = "Timing">
<section name = "" level="1">
<item name = "Summary"><table name="" hasTotal="0">
<keys size="4">Clock, Target, Estimated, Uncertainty</keys>
<column name="clk">6.00 ns, 5.790 ns, 0.10 ns</column>
</table>
</item>
</section>
</item>
<item name = "Latency">
<section name = "" level="1">
<item name = "Summary"><table name="" hasTotal="0">
<keys size="8">, min, max, min, max, min, max, Type</keys>
<column name="">3392839, 16958963, 20.357 ms, 0.102 sec, 3392839, 16958963, none</column>
</table>
</item>
<item name = "Detail">
<section name = "" level="1">
<item name = "Instance"><table name="" hasTotal="0">
<keys size="9">Instance, Module, min, max, min, max, min, max, Type</keys>
</table>
</item>
<item name = "Loop"><table name="" hasTotal="0">
<keys size="8">Loop Name, min, max, Latency, achieved, target, Count, Pipelined</keys>
<column name="- Loop 1">24, 24, 8, -, -, 3, no</column>
<column name=" + Loop 1.1">6, 6, 2, -, -, 3, no</column>
<column name="- L2">3392813, 16958937, 5293 ~ 26457, -, -, 641, no</column>
<column name=" + L1">5291, 26455, 11 ~ 55, -, -, 481, no</column>
<column name="  ++ L1.1">6, 6, 2, -, -, 3, no</column>
<column name="  ++ row_loop">42, 42, 14, -, -, 3, no</column>
<column name="   +++ col_loop">12, 12, 4, -, -, 3, no</column>
</table>
</item>
</section>
</item>
</section>
</item>
</section>
</profile>
