<profile>

<RTLDesignHierarchy>
<TopModule>
<ModuleName>gauss_blur</ModuleName>
</TopModule>
</RTLDesignHierarchy>

<ModuleInformation>
<Module>
<Name>gauss_blur</Name>
<PerformanceEstimates>
<SummaryOfTimingAnalysis>
<TargetClockPeriod>6.00</TargetClockPeriod>
<ClockUncertainty>0.10</ClockUncertainty>
<EstimatedClockPeriod>5.790</EstimatedClockPeriod>
</SummaryOfTimingAnalysis>
<SummaryOfOverallLatency>
<Best-caseLatency>3392839</Best-caseLatency>
<Average-caseLatency>7092691</Average-caseLatency>
<Worst-caseLatency>16958963</Worst-caseLatency>
<Best-caseRealTimeLatency>20.357 ms</Best-caseRealTimeLatency>
<Average-caseRealTimeLatency>42.556 ms</Average-caseRealTimeLatency>
<Worst-caseRealTimeLatency>0.102 sec</Worst-caseRealTimeLatency>
<PipelineInitiationInterval>3392840 ~ 16958964</PipelineInitiationInterval>
<PipelineType>none</PipelineType>
</SummaryOfOverallLatency>
<SummaryOfLoopLatency>
<Loop1>
<Name>Loop 1</Name>
<TripCount>3</TripCount>
<Latency>24</Latency>
<IterationLatency>8</IterationLatency>
<PipelineDepth>8</PipelineDepth>
<Loop1.1>
<Name>Loop 1.1</Name>
<TripCount>3</TripCount>
<Latency>6</Latency>
<IterationLatency>2</IterationLatency>
<PipelineDepth>2</PipelineDepth>
</Loop1.1>
</Loop1>
<L2>
<Name>L2</Name>
<TripCount>641</TripCount>
<Latency>3392813 ~ 16958937</Latency>
<IterationLatency>
<range>
<min>5293</min>
<max>26457</max>
</range>
</IterationLatency>
<PipelineDepth>5293 ~ 26457</PipelineDepth>
<L1>
<Name>L1</Name>
<TripCount>481</TripCount>
<Latency>5291 ~ 26455</Latency>
<IterationLatency>
<range>
<min>11</min>
<max>55</max>
</range>
</IterationLatency>
<PipelineDepth>11 ~ 55</PipelineDepth>
<L1.1>
<Name>L1.1</Name>
<TripCount>3</TripCount>
<Latency>6</Latency>
<IterationLatency>2</IterationLatency>
<PipelineDepth>2</PipelineDepth>
</L1.1>
<row_loop>
<Name>row_loop</Name>
<TripCount>3</TripCount>
<Latency>42</Latency>
<IterationLatency>14</IterationLatency>
<PipelineDepth>14</PipelineDepth>
<col_loop>
<Name>col_loop</Name>
<TripCount>3</TripCount>
<Latency>12</Latency>
<IterationLatency>4</IterationLatency>
<PipelineDepth>4</PipelineDepth>
</col_loop>
</row_loop>
</L1>
</L2>
</SummaryOfLoopLatency>
</PerformanceEstimates>
<AreaEstimates>
<Resources>
<BRAM_18K>3</BRAM_18K>
<DSP48E>1</DSP48E>
<FF>347</FF>
<LUT>933</LUT>
<URAM>0</URAM>
</Resources>
</AreaEstimates>
<InterfaceSummary>
<RtlPorts>
<name>ap_clk</name>
<Object>gauss_blur</Object>
<Type>return value</Type>
<Scope></Scope>
<IOProtocol>ap_ctrl_hs</IOProtocol>
<IOConfig></IOConfig>
<Dir>in</Dir>
<Bits>1</Bits>
<Attribute>control</Attribute>
</RtlPorts>
<RtlPorts>
<name>ap_rst</name>
<Object>gauss_blur</Object>
<Type>return value</Type>
<Scope></Scope>
<IOProtocol>ap_ctrl_hs</IOProtocol>
<IOConfig></IOConfig>
<Dir>in</Dir>
<Bits>1</Bits>
<Attribute>control</Attribute>
</RtlPorts>
<RtlPorts>
<name>ap_start</name>
<Object>gauss_blur</Object>
<Type>return value</Type>
<Scope></Scope>
<IOProtocol>ap_ctrl_hs</IOProtocol>
<IOConfig></IOConfig>
<Dir>in</Dir>
<Bits>1</Bits>
<Attribute>control</Attribute>
</RtlPorts>
<RtlPorts>
<name>ap_done</name>
<Object>gauss_blur</Object>
<Type>return value</Type>
<Scope></Scope>
<IOProtocol>ap_ctrl_hs</IOProtocol>
<IOConfig></IOConfig>
<Dir>out</Dir>
<Bits>1</Bits>
<Attribute>control</Attribute>
</RtlPorts>
<RtlPorts>
<name>ap_idle</name>
<Object>gauss_blur</Object>
<Type>return value</Type>
<Scope></Scope>
<IOProtocol>ap_ctrl_hs</IOProtocol>
<IOConfig></IOConfig>
<Dir>out</Dir>
<Bits>1</Bits>
<Attribute>control</Attribute>
</RtlPorts>
<RtlPorts>
<name>ap_ready</name>
<Object>gauss_blur</Object>
<Type>return value</Type>
<Scope></Scope>
<IOProtocol>ap_ctrl_hs</IOProtocol>
<IOConfig></IOConfig>
<Dir>out</Dir>
<Bits>1</Bits>
<Attribute>control</Attribute>
</RtlPorts>
<RtlPorts>
<name>inImage_address0</name>
<Object>inImage</Object>
<Type>array</Type>
<Scope></Scope>
<IOProtocol>ap_memory</IOProtocol>
<IOConfig></IOConfig>
<Dir>out</Dir>
<Bits>19</Bits>
<Attribute>address</Attribute>
<CType>int</CType>
</RtlPorts>
<RtlPorts>
<name>inImage_ce0</name>
<Object>inImage</Object>
<Type>array</Type>
<Scope></Scope>
<IOProtocol>ap_memory</IOProtocol>
<IOConfig></IOConfig>
<Dir>out</Dir>
<Bits>1</Bits>
<Attribute>control</Attribute>
<CType>int</CType>
</RtlPorts>
<RtlPorts>
<name>inImage_q0</name>
<Object>inImage</Object>
<Type>array</Type>
<Scope></Scope>
<IOProtocol>ap_memory</IOProtocol>
<IOConfig></IOConfig>
<Dir>in</Dir>
<Bits>8</Bits>
<Attribute>data</Attribute>
<CType>int</CType>
</RtlPorts>
<RtlPorts>
<name>gauss_kernel_address0</name>
<Object>gauss_kernel</Object>
<Type>array</Type>
<Scope></Scope>
<IOProtocol>ap_memory</IOProtocol>
<IOConfig></IOConfig>
<Dir>out</Dir>
<Bits>4</Bits>
<Attribute>address</Attribute>
<CType>int</CType>
</RtlPorts>
<RtlPorts>
<name>gauss_kernel_ce0</name>
<Object>gauss_kernel</Object>
<Type>array</Type>
<Scope></Scope>
<IOProtocol>ap_memory</IOProtocol>
<IOConfig></IOConfig>
<Dir>out</Dir>
<Bits>1</Bits>
<Attribute>control</Attribute>
<CType>int</CType>
</RtlPorts>
<RtlPorts>
<name>gauss_kernel_q0</name>
<Object>gauss_kernel</Object>
<Type>array</Type>
<Scope></Scope>
<IOProtocol>ap_memory</IOProtocol>
<IOConfig></IOConfig>
<Dir>in</Dir>
<Bits>8</Bits>
<Attribute>data</Attribute>
<CType>int</CType>
</RtlPorts>
<RtlPorts>
<name>outImage_address0</name>
<Object>outImage</Object>
<Type>array</Type>
<Scope></Scope>
<IOProtocol>ap_memory</IOProtocol>
<IOConfig></IOConfig>
<Dir>out</Dir>
<Bits>19</Bits>
<Attribute>address</Attribute>
<CType>int</CType>
</RtlPorts>
<RtlPorts>
<name>outImage_ce0</name>
<Object>outImage</Object>
<Type>array</Type>
<Scope></Scope>
<IOProtocol>ap_memory</IOProtocol>
<IOConfig></IOConfig>
<Dir>out</Dir>
<Bits>1</Bits>
<Attribute>control</Attribute>
<CType>int</CType>
</RtlPorts>
<RtlPorts>
<name>outImage_we0</name>
<Object>outImage</Object>
<Type>array</Type>
<Scope></Scope>
<IOProtocol>ap_memory</IOProtocol>
<IOConfig></IOConfig>
<Dir>out</Dir>
<Bits>1</Bits>
<Attribute>control</Attribute>
<CType>int</CType>
</RtlPorts>
<RtlPorts>
<name>outImage_d0</name>
<Object>outImage</Object>
<Type>array</Type>
<Scope></Scope>
<IOProtocol>ap_memory</IOProtocol>
<IOConfig></IOConfig>
<Dir>out</Dir>
<Bits>8</Bits>
<Attribute>data</Attribute>
<CType>int</CType>
</RtlPorts>
</InterfaceSummary>
</Module>
</ModuleInformation>

</profile>
