<annotationInfo>
<annotationInfo>
<item  id="20" filename="source/array_io.c" linenumber="67" name="sext_ln67" contextFuncName="array_io" moduleName="array_io" rtlName="sext_ln67_fu_618_p1" latency="0" BRAM="-1" DSP="-1" FF="-1" LUT="-1" fileDirectory="C:\Xilinx_trn\HLS_Baraev\lab5_optimizing_array_structures"><\/item>
<item  id="21" filename="source/array_io.c" linenumber="67" name="trunc_ln67" contextFuncName="array_io" moduleName="array_io" rtlName="trunc_ln67_fu_446_p1" latency="0" BRAM="-1" DSP="-1" FF="-1" LUT="-1" fileDirectory="C:\Xilinx_trn\HLS_Baraev\lab5_optimizing_array_structures"><\/item>
<item  id="22" filename="source/array_io.c" linenumber="69" name="add_ln69" contextFuncName="array_io" moduleName="array_io" rtlName="add_ln69_fu_450_p2" latency="0" BRAM="-1" DSP="-1" FF="0" LUT="23" fileDirectory="C:\Xilinx_trn\HLS_Baraev\lab5_optimizing_array_structures"><\/item>
<item  id="27" filename="source/array_io.c" linenumber="67" name="sext_ln67_1" contextFuncName="array_io" moduleName="array_io" rtlName="sext_ln67_1_fu_622_p1" latency="0" BRAM="-1" DSP="-1" FF="-1" LUT="-1" fileDirectory="C:\Xilinx_trn\HLS_Baraev\lab5_optimizing_array_structures"><\/item>
<item  id="28" filename="source/array_io.c" linenumber="67" name="trunc_ln67_1" contextFuncName="array_io" moduleName="array_io" rtlName="trunc_ln67_1_fu_461_p1" latency="0" BRAM="-1" DSP="-1" FF="-1" LUT="-1" fileDirectory="C:\Xilinx_trn\HLS_Baraev\lab5_optimizing_array_structures"><\/item>
<item  id="29" filename="source/array_io.c" linenumber="69" name="add_ln69_1" contextFuncName="array_io" moduleName="array_io" rtlName="add_ln69_1_fu_465_p2" latency="0" BRAM="-1" DSP="-1" FF="0" LUT="23" fileDirectory="C:\Xilinx_trn\HLS_Baraev\lab5_optimizing_array_structures"><\/item>
<item  id="34" filename="source/array_io.c" linenumber="67" name="sext_ln67_2" contextFuncName="array_io" moduleName="array_io" rtlName="sext_ln67_2_fu_731_p1" latency="0" BRAM="-1" DSP="-1" FF="-1" LUT="-1" fileDirectory="C:\Xilinx_trn\HLS_Baraev\lab5_optimizing_array_structures"><\/item>
<item  id="35" filename="source/array_io.c" linenumber="67" name="trunc_ln67_2" contextFuncName="array_io" moduleName="array_io" rtlName="trunc_ln67_2_fu_476_p1" latency="0" BRAM="-1" DSP="-1" FF="-1" LUT="-1" fileDirectory="C:\Xilinx_trn\HLS_Baraev\lab5_optimizing_array_structures"><\/item>
<item  id="36" filename="source/array_io.c" linenumber="69" name="add_ln69_2" contextFuncName="array_io" moduleName="array_io" rtlName="add_ln69_2_fu_480_p2" latency="0" BRAM="-1" DSP="-1" FF="0" LUT="23" fileDirectory="C:\Xilinx_trn\HLS_Baraev\lab5_optimizing_array_structures"><\/item>
<item  id="41" filename="source/array_io.c" linenumber="67" name="sext_ln67_3" contextFuncName="array_io" moduleName="array_io" rtlName="sext_ln67_3_fu_735_p1" latency="0" BRAM="-1" DSP="-1" FF="-1" LUT="-1" fileDirectory="C:\Xilinx_trn\HLS_Baraev\lab5_optimizing_array_structures"><\/item>
<item  id="42" filename="source/array_io.c" linenumber="67" name="trunc_ln67_3" contextFuncName="array_io" moduleName="array_io" rtlName="trunc_ln67_3_fu_491_p1" latency="0" BRAM="-1" DSP="-1" FF="-1" LUT="-1" fileDirectory="C:\Xilinx_trn\HLS_Baraev\lab5_optimizing_array_structures"><\/item>
<item  id="43" filename="source/array_io.c" linenumber="69" name="add_ln69_3" contextFuncName="array_io" moduleName="array_io" rtlName="add_ln69_3_fu_495_p2" latency="0" BRAM="-1" DSP="-1" FF="0" LUT="23" fileDirectory="C:\Xilinx_trn\HLS_Baraev\lab5_optimizing_array_structures"><\/item>
<item  id="48" filename="source/array_io.c" linenumber="67" name="sext_ln67_4" contextFuncName="array_io" moduleName="array_io" rtlName="sext_ln67_4_fu_845_p1" latency="0" BRAM="-1" DSP="-1" FF="-1" LUT="-1" fileDirectory="C:\Xilinx_trn\HLS_Baraev\lab5_optimizing_array_structures"><\/item>
<item  id="49" filename="source/array_io.c" linenumber="67" name="trunc_ln67_4" contextFuncName="array_io" moduleName="array_io" rtlName="trunc_ln67_4_fu_506_p1" latency="0" BRAM="-1" DSP="-1" FF="-1" LUT="-1" fileDirectory="C:\Xilinx_trn\HLS_Baraev\lab5_optimizing_array_structures"><\/item>
<item  id="50" filename="source/array_io.c" linenumber="69" name="add_ln69_4" contextFuncName="array_io" moduleName="array_io" rtlName="add_ln69_4_fu_510_p2" latency="0" BRAM="-1" DSP="-1" FF="0" LUT="23" fileDirectory="C:\Xilinx_trn\HLS_Baraev\lab5_optimizing_array_structures"><\/item>
<item  id="55" filename="source/array_io.c" linenumber="67" name="sext_ln67_5" contextFuncName="array_io" moduleName="array_io" rtlName="sext_ln67_5_fu_849_p1" latency="0" BRAM="-1" DSP="-1" FF="-1" LUT="-1" fileDirectory="C:\Xilinx_trn\HLS_Baraev\lab5_optimizing_array_structures"><\/item>
<item  id="56" filename="source/array_io.c" linenumber="67" name="trunc_ln67_5" contextFuncName="array_io" moduleName="array_io" rtlName="trunc_ln67_5_fu_521_p1" latency="0" BRAM="-1" DSP="-1" FF="-1" LUT="-1" fileDirectory="C:\Xilinx_trn\HLS_Baraev\lab5_optimizing_array_structures"><\/item>
<item  id="57" filename="source/array_io.c" linenumber="69" name="add_ln69_5" contextFuncName="array_io" moduleName="array_io" rtlName="add_ln69_5_fu_525_p2" latency="0" BRAM="-1" DSP="-1" FF="0" LUT="23" fileDirectory="C:\Xilinx_trn\HLS_Baraev\lab5_optimizing_array_structures"><\/item>
<item  id="62" filename="source/array_io.c" linenumber="67" name="sext_ln67_6" contextFuncName="array_io" moduleName="array_io" rtlName="sext_ln67_6_fu_955_p1" latency="0" BRAM="-1" DSP="-1" FF="-1" LUT="-1" fileDirectory="C:\Xilinx_trn\HLS_Baraev\lab5_optimizing_array_structures"><\/item>
<item  id="63" filename="source/array_io.c" linenumber="67" name="trunc_ln67_6" contextFuncName="array_io" moduleName="array_io" rtlName="trunc_ln67_6_fu_536_p1" latency="0" BRAM="-1" DSP="-1" FF="-1" LUT="-1" fileDirectory="C:\Xilinx_trn\HLS_Baraev\lab5_optimizing_array_structures"><\/item>
<item  id="64" filename="source/array_io.c" linenumber="69" name="add_ln69_6" contextFuncName="array_io" moduleName="array_io" rtlName="add_ln69_6_fu_540_p2" latency="0" BRAM="-1" DSP="-1" FF="0" LUT="23" fileDirectory="C:\Xilinx_trn\HLS_Baraev\lab5_optimizing_array_structures"><\/item>
<item  id="69" filename="source/array_io.c" linenumber="67" name="sext_ln67_7" contextFuncName="array_io" moduleName="array_io" rtlName="sext_ln67_7_fu_958_p1" latency="0" BRAM="-1" DSP="-1" FF="-1" LUT="-1" fileDirectory="C:\Xilinx_trn\HLS_Baraev\lab5_optimizing_array_structures"><\/item>
<item  id="70" filename="source/array_io.c" linenumber="67" name="trunc_ln67_7" contextFuncName="array_io" moduleName="array_io" rtlName="trunc_ln67_7_fu_550_p1" latency="0" BRAM="-1" DSP="-1" FF="-1" LUT="-1" fileDirectory="C:\Xilinx_trn\HLS_Baraev\lab5_optimizing_array_structures"><\/item>
<item  id="71" filename="source/array_io.c" linenumber="69" name="add_ln69_7" contextFuncName="array_io" moduleName="array_io" rtlName="add_ln69_7_fu_554_p2" latency="0" BRAM="-1" DSP="-1" FF="0" LUT="23" fileDirectory="C:\Xilinx_trn\HLS_Baraev\lab5_optimizing_array_structures"><\/item>
<item  id="75" filename="source/array_io.c" linenumber="69" name="sext_ln69" contextFuncName="array_io" moduleName="array_io" rtlName="sext_ln69_fu_626_p1" latency="0" BRAM="-1" DSP="-1" FF="-1" LUT="-1" fileDirectory="C:\Xilinx_trn\HLS_Baraev\lab5_optimizing_array_structures"><\/item>
<item  id="76" filename="source/array_io.c" linenumber="69" name="add_ln69_8" contextFuncName="array_io" moduleName="array_io" rtlName="add_ln69_8_fu_560_p2" latency="0" BRAM="-1" DSP="-1" FF="0" LUT="23" fileDirectory="C:\Xilinx_trn\HLS_Baraev\lab5_optimizing_array_structures"><\/item>
<item  id="80" filename="source/array_io.c" linenumber="69" name="sext_ln69_1" contextFuncName="array_io" moduleName="array_io" rtlName="sext_ln69_1_fu_629_p1" latency="0" BRAM="-1" DSP="-1" FF="-1" LUT="-1" fileDirectory="C:\Xilinx_trn\HLS_Baraev\lab5_optimizing_array_structures"><\/item>
<item  id="81" filename="source/array_io.c" linenumber="69" name="add_ln69_9" contextFuncName="array_io" moduleName="array_io" rtlName="add_ln69_9_fu_565_p2" latency="0" BRAM="-1" DSP="-1" FF="0" LUT="23" fileDirectory="C:\Xilinx_trn\HLS_Baraev\lab5_optimizing_array_structures"><\/item>
<item  id="85" filename="source/array_io.c" linenumber="69" name="sext_ln69_2" contextFuncName="array_io" moduleName="array_io" rtlName="sext_ln69_2_fu_739_p1" latency="0" BRAM="-1" DSP="-1" FF="-1" LUT="-1" fileDirectory="C:\Xilinx_trn\HLS_Baraev\lab5_optimizing_array_structures"><\/item>
<item  id="86" filename="source/array_io.c" linenumber="69" name="add_ln69_10" contextFuncName="array_io" moduleName="array_io" rtlName="add_ln69_10_fu_570_p2" latency="0" BRAM="-1" DSP="-1" FF="0" LUT="23" fileDirectory="C:\Xilinx_trn\HLS_Baraev\lab5_optimizing_array_structures"><\/item>
<item  id="90" filename="source/array_io.c" linenumber="69" name="sext_ln69_3" contextFuncName="array_io" moduleName="array_io" rtlName="sext_ln69_3_fu_742_p1" latency="0" BRAM="-1" DSP="-1" FF="-1" LUT="-1" fileDirectory="C:\Xilinx_trn\HLS_Baraev\lab5_optimizing_array_structures"><\/item>
<item  id="91" filename="source/array_io.c" linenumber="69" name="add_ln69_11" contextFuncName="array_io" moduleName="array_io" rtlName="add_ln69_11_fu_575_p2" latency="0" BRAM="-1" DSP="-1" FF="0" LUT="23" fileDirectory="C:\Xilinx_trn\HLS_Baraev\lab5_optimizing_array_structures"><\/item>
<item  id="95" filename="source/array_io.c" linenumber="69" name="sext_ln69_4" contextFuncName="array_io" moduleName="array_io" rtlName="sext_ln69_4_fu_853_p1" latency="0" BRAM="-1" DSP="-1" FF="-1" LUT="-1" fileDirectory="C:\Xilinx_trn\HLS_Baraev\lab5_optimizing_array_structures"><\/item>
<item  id="96" filename="source/array_io.c" linenumber="69" name="add_ln69_12" contextFuncName="array_io" moduleName="array_io" rtlName="add_ln69_12_fu_632_p2" latency="0" BRAM="-1" DSP="-1" FF="0" LUT="23" fileDirectory="C:\Xilinx_trn\HLS_Baraev\lab5_optimizing_array_structures"><\/item>
<item  id="100" filename="source/array_io.c" linenumber="69" name="sext_ln69_5" contextFuncName="array_io" moduleName="array_io" rtlName="sext_ln69_5_fu_856_p1" latency="0" BRAM="-1" DSP="-1" FF="-1" LUT="-1" fileDirectory="C:\Xilinx_trn\HLS_Baraev\lab5_optimizing_array_structures"><\/item>
<item  id="101" filename="source/array_io.c" linenumber="69" name="add_ln69_13" contextFuncName="array_io" moduleName="array_io" rtlName="add_ln69_13_fu_745_p2" latency="0" BRAM="-1" DSP="-1" FF="0" LUT="23" fileDirectory="C:\Xilinx_trn\HLS_Baraev\lab5_optimizing_array_structures"><\/item>
<item  id="105" filename="source/array_io.c" linenumber="69" name="sext_ln69_6" contextFuncName="array_io" moduleName="array_io" rtlName="sext_ln69_6_fu_961_p1" latency="0" BRAM="-1" DSP="-1" FF="-1" LUT="-1" fileDirectory="C:\Xilinx_trn\HLS_Baraev\lab5_optimizing_array_structures"><\/item>
<item  id="106" filename="source/array_io.c" linenumber="69" name="add_ln69_14" contextFuncName="array_io" moduleName="array_io" rtlName="add_ln69_14_fu_859_p2" latency="0" BRAM="-1" DSP="-1" FF="0" LUT="23" fileDirectory="C:\Xilinx_trn\HLS_Baraev\lab5_optimizing_array_structures"><\/item>
<item  id="110" filename="source/array_io.c" linenumber="69" name="sext_ln69_7" contextFuncName="array_io" moduleName="array_io" rtlName="sext_ln69_7_fu_964_p1" latency="0" BRAM="-1" DSP="-1" FF="-1" LUT="-1" fileDirectory="C:\Xilinx_trn\HLS_Baraev\lab5_optimizing_array_structures"><\/item>
<item  id="111" filename="source/array_io.c" linenumber="69" name="add_ln69_15" contextFuncName="array_io" moduleName="array_io" rtlName="add_ln69_15_fu_967_p2" latency="0" BRAM="-1" DSP="-1" FF="0" LUT="23" fileDirectory="C:\Xilinx_trn\HLS_Baraev\lab5_optimizing_array_structures"><\/item>
<item  id="115" filename="source/array_io.c" linenumber="69" name="sext_ln69_8" contextFuncName="array_io" moduleName="array_io" rtlName="sext_ln69_8_fu_580_p1" latency="0" BRAM="-1" DSP="-1" FF="-1" LUT="-1" fileDirectory="C:\Xilinx_trn\HLS_Baraev\lab5_optimizing_array_structures"><\/item>
<item  id="116" filename="source/array_io.c" linenumber="69" name="add_ln69_16" contextFuncName="array_io" moduleName="array_io" rtlName="add_ln69_16_fu_584_p2" latency="0" BRAM="-1" DSP="-1" FF="0" LUT="23" fileDirectory="C:\Xilinx_trn\HLS_Baraev\lab5_optimizing_array_structures"><\/item>
<item  id="120" filename="source/array_io.c" linenumber="69" name="sext_ln69_9" contextFuncName="array_io" moduleName="array_io" rtlName="sext_ln69_9_fu_589_p1" latency="0" BRAM="-1" DSP="-1" FF="-1" LUT="-1" fileDirectory="C:\Xilinx_trn\HLS_Baraev\lab5_optimizing_array_structures"><\/item>
<item  id="121" filename="source/array_io.c" linenumber="69" name="add_ln69_17" contextFuncName="array_io" moduleName="array_io" rtlName="add_ln69_17_fu_593_p2" latency="0" BRAM="-1" DSP="-1" FF="0" LUT="23" fileDirectory="C:\Xilinx_trn\HLS_Baraev\lab5_optimizing_array_structures"><\/item>
<item  id="125" filename="source/array_io.c" linenumber="69" name="sext_ln69_10" contextFuncName="array_io" moduleName="array_io" rtlName="sext_ln69_10_fu_637_p1" latency="0" BRAM="-1" DSP="-1" FF="-1" LUT="-1" fileDirectory="C:\Xilinx_trn\HLS_Baraev\lab5_optimizing_array_structures"><\/item>
<item  id="126" filename="source/array_io.c" linenumber="69" name="add_ln69_18" contextFuncName="array_io" moduleName="array_io" rtlName="add_ln69_18_fu_640_p2" latency="0" BRAM="-1" DSP="-1" FF="0" LUT="23" fileDirectory="C:\Xilinx_trn\HLS_Baraev\lab5_optimizing_array_structures"><\/item>
<item  id="130" filename="source/array_io.c" linenumber="69" name="sext_ln69_11" contextFuncName="array_io" moduleName="array_io" rtlName="sext_ln69_11_fu_644_p1" latency="0" BRAM="-1" DSP="-1" FF="-1" LUT="-1" fileDirectory="C:\Xilinx_trn\HLS_Baraev\lab5_optimizing_array_structures"><\/item>
<item  id="131" filename="source/array_io.c" linenumber="69" name="add_ln69_19" contextFuncName="array_io" moduleName="array_io" rtlName="add_ln69_19_fu_647_p2" latency="0" BRAM="-1" DSP="-1" FF="0" LUT="23" fileDirectory="C:\Xilinx_trn\HLS_Baraev\lab5_optimizing_array_structures"><\/item>
<item  id="135" filename="source/array_io.c" linenumber="69" name="sext_ln69_12" contextFuncName="array_io" moduleName="array_io" rtlName="sext_ln69_12_fu_750_p1" latency="0" BRAM="-1" DSP="-1" FF="-1" LUT="-1" fileDirectory="C:\Xilinx_trn\HLS_Baraev\lab5_optimizing_array_structures"><\/item>
<item  id="136" filename="source/array_io.c" linenumber="69" name="add_ln69_20" contextFuncName="array_io" moduleName="array_io" rtlName="add_ln69_20_fu_753_p2" latency="0" BRAM="-1" DSP="-1" FF="0" LUT="23" fileDirectory="C:\Xilinx_trn\HLS_Baraev\lab5_optimizing_array_structures"><\/item>
<item  id="140" filename="source/array_io.c" linenumber="69" name="sext_ln69_13" contextFuncName="array_io" moduleName="array_io" rtlName="sext_ln69_13_fu_757_p1" latency="0" BRAM="-1" DSP="-1" FF="-1" LUT="-1" fileDirectory="C:\Xilinx_trn\HLS_Baraev\lab5_optimizing_array_structures"><\/item>
<item  id="141" filename="source/array_io.c" linenumber="69" name="add_ln69_21" contextFuncName="array_io" moduleName="array_io" rtlName="add_ln69_21_fu_760_p2" latency="0" BRAM="-1" DSP="-1" FF="0" LUT="23" fileDirectory="C:\Xilinx_trn\HLS_Baraev\lab5_optimizing_array_structures"><\/item>
<item  id="145" filename="source/array_io.c" linenumber="69" name="sext_ln69_14" contextFuncName="array_io" moduleName="array_io" rtlName="sext_ln69_14_fu_864_p1" latency="0" BRAM="-1" DSP="-1" FF="-1" LUT="-1" fileDirectory="C:\Xilinx_trn\HLS_Baraev\lab5_optimizing_array_structures"><\/item>
<item  id="146" filename="source/array_io.c" linenumber="69" name="add_ln69_22" contextFuncName="array_io" moduleName="array_io" rtlName="add_ln69_22_fu_867_p2" latency="0" BRAM="-1" DSP="-1" FF="0" LUT="23" fileDirectory="C:\Xilinx_trn\HLS_Baraev\lab5_optimizing_array_structures"><\/item>
<item  id="150" filename="source/array_io.c" linenumber="69" name="sext_ln69_15" contextFuncName="array_io" moduleName="array_io" rtlName="sext_ln69_15_fu_872_p1" latency="0" BRAM="-1" DSP="-1" FF="-1" LUT="-1" fileDirectory="C:\Xilinx_trn\HLS_Baraev\lab5_optimizing_array_structures"><\/item>
<item  id="151" filename="source/array_io.c" linenumber="69" name="add_ln69_23" contextFuncName="array_io" moduleName="array_io" rtlName="add_ln69_23_fu_972_p2" latency="0" BRAM="-1" DSP="-1" FF="0" LUT="23" fileDirectory="C:\Xilinx_trn\HLS_Baraev\lab5_optimizing_array_structures"><\/item>
<item  id="155" filename="source/array_io.c" linenumber="67" name="sext_ln67_8" contextFuncName="array_io" moduleName="array_io" rtlName="sext_ln67_8_fu_598_p1" latency="0" BRAM="-1" DSP="-1" FF="-1" LUT="-1" fileDirectory="C:\Xilinx_trn\HLS_Baraev\lab5_optimizing_array_structures"><\/item>
<item  id="156" filename="source/array_io.c" linenumber="67" name="add_ln67" contextFuncName="array_io" moduleName="array_io" rtlName="add_ln67_fu_651_p2" latency="0" BRAM="-1" DSP="-1" FF="0" LUT="32" fileDirectory="C:\Xilinx_trn\HLS_Baraev\lab5_optimizing_array_structures"><\/item>
<item  id="157" filename="source/array_io.c" linenumber="67" name="add_ln67_1" contextFuncName="array_io" moduleName="array_io" rtlName="add_ln67_1_fu_602_p2" latency="0" BRAM="-1" DSP="-1" FF="0" LUT="24" fileDirectory="C:\Xilinx_trn\HLS_Baraev\lab5_optimizing_array_structures"><\/item>
<item  id="158" filename="source/array_io.c" linenumber="67" name="sext_ln67_9" contextFuncName="array_io" moduleName="array_io" rtlName="sext_ln67_9_fu_656_p1" latency="0" BRAM="-1" DSP="-1" FF="-1" LUT="-1" fileDirectory="C:\Xilinx_trn\HLS_Baraev\lab5_optimizing_array_structures"><\/item>
<item  id="159" filename="source/array_io.c" linenumber="67" name="add_ln67_2" contextFuncName="array_io" moduleName="array_io" rtlName="add_ln67_2_fu_659_p2" latency="0" BRAM="-1" DSP="-1" FF="0" LUT="25" fileDirectory="C:\Xilinx_trn\HLS_Baraev\lab5_optimizing_array_structures"><\/item>
<item  id="160" filename="source/array_io.c" linenumber="67" name="sext_ln67_10" contextFuncName="array_io" moduleName="array_io" rtlName="sext_ln67_10_fu_665_p1" latency="0" BRAM="-1" DSP="-1" FF="-1" LUT="-1" fileDirectory="C:\Xilinx_trn\HLS_Baraev\lab5_optimizing_array_structures"><\/item>
<item  id="161" filename="source/array_io.c" linenumber="67" name="add_ln67_3" contextFuncName="array_io" moduleName="array_io" rtlName="add_ln67_3_fu_669_p2" latency="0" BRAM="-1" DSP="-1" FF="0" LUT="32" fileDirectory="C:\Xilinx_trn\HLS_Baraev\lab5_optimizing_array_structures"><\/item>
<item  id="163" filename="source/array_io.c" linenumber="69" name="add_ln69_24" contextFuncName="array_io" moduleName="array_io" rtlName="add_ln69_24_fu_1037_p2" latency="0" BRAM="-1" DSP="-1" FF="0" LUT="23" fileDirectory="C:\Xilinx_trn\HLS_Baraev\lab5_optimizing_array_structures"><\/item>
<item  id="167" filename="source/array_io.c" linenumber="67" name="sext_ln67_11" contextFuncName="array_io" moduleName="array_io" rtlName="sext_ln67_11_fu_608_p1" latency="0" BRAM="-1" DSP="-1" FF="-1" LUT="-1" fileDirectory="C:\Xilinx_trn\HLS_Baraev\lab5_optimizing_array_structures"><\/item>
<item  id="168" filename="source/array_io.c" linenumber="67" name="add_ln67_4" contextFuncName="array_io" moduleName="array_io" rtlName="add_ln67_4_fu_681_p2" latency="0" BRAM="-1" DSP="-1" FF="0" LUT="32" fileDirectory="C:\Xilinx_trn\HLS_Baraev\lab5_optimizing_array_structures"><\/item>
<item  id="169" filename="source/array_io.c" linenumber="67" name="add_ln67_5" contextFuncName="array_io" moduleName="array_io" rtlName="add_ln67_5_fu_612_p2" latency="0" BRAM="-1" DSP="-1" FF="0" LUT="24" fileDirectory="C:\Xilinx_trn\HLS_Baraev\lab5_optimizing_array_structures"><\/item>
<item  id="170" filename="source/array_io.c" linenumber="67" name="sext_ln67_12" contextFuncName="array_io" moduleName="array_io" rtlName="sext_ln67_12_fu_686_p1" latency="0" BRAM="-1" DSP="-1" FF="-1" LUT="-1" fileDirectory="C:\Xilinx_trn\HLS_Baraev\lab5_optimizing_array_structures"><\/item>
<item  id="171" filename="source/array_io.c" linenumber="67" name="add_ln67_6" contextFuncName="array_io" moduleName="array_io" rtlName="add_ln67_6_fu_689_p2" latency="0" BRAM="-1" DSP="-1" FF="0" LUT="25" fileDirectory="C:\Xilinx_trn\HLS_Baraev\lab5_optimizing_array_structures"><\/item>
<item  id="172" filename="source/array_io.c" linenumber="67" name="sext_ln67_13" contextFuncName="array_io" moduleName="array_io" rtlName="sext_ln67_13_fu_695_p1" latency="0" BRAM="-1" DSP="-1" FF="-1" LUT="-1" fileDirectory="C:\Xilinx_trn\HLS_Baraev\lab5_optimizing_array_structures"><\/item>
<item  id="173" filename="source/array_io.c" linenumber="67" name="add_ln67_7" contextFuncName="array_io" moduleName="array_io" rtlName="add_ln67_7_fu_699_p2" latency="0" BRAM="-1" DSP="-1" FF="0" LUT="32" fileDirectory="C:\Xilinx_trn\HLS_Baraev\lab5_optimizing_array_structures"><\/item>
<item  id="175" filename="source/array_io.c" linenumber="69" name="add_ln69_25" contextFuncName="array_io" moduleName="array_io" rtlName="add_ln69_25_fu_1042_p2" latency="0" BRAM="-1" DSP="-1" FF="0" LUT="23" fileDirectory="C:\Xilinx_trn\HLS_Baraev\lab5_optimizing_array_structures"><\/item>
<item  id="179" filename="source/array_io.c" linenumber="67" name="sext_ln67_14" contextFuncName="array_io" moduleName="array_io" rtlName="sext_ln67_14_fu_711_p1" latency="0" BRAM="-1" DSP="-1" FF="-1" LUT="-1" fileDirectory="C:\Xilinx_trn\HLS_Baraev\lab5_optimizing_array_structures"><\/item>
<item  id="180" filename="source/array_io.c" linenumber="67" name="add_ln67_8" contextFuncName="array_io" moduleName="array_io" rtlName="add_ln67_8_fu_765_p2" latency="0" BRAM="-1" DSP="-1" FF="0" LUT="32" fileDirectory="C:\Xilinx_trn\HLS_Baraev\lab5_optimizing_array_structures"><\/item>
<item  id="181" filename="source/array_io.c" linenumber="67" name="add_ln67_9" contextFuncName="array_io" moduleName="array_io" rtlName="add_ln67_9_fu_715_p2" latency="0" BRAM="-1" DSP="-1" FF="0" LUT="24" fileDirectory="C:\Xilinx_trn\HLS_Baraev\lab5_optimizing_array_structures"><\/item>
<item  id="182" filename="source/array_io.c" linenumber="67" name="sext_ln67_15" contextFuncName="array_io" moduleName="array_io" rtlName="sext_ln67_15_fu_770_p1" latency="0" BRAM="-1" DSP="-1" FF="-1" LUT="-1" fileDirectory="C:\Xilinx_trn\HLS_Baraev\lab5_optimizing_array_structures"><\/item>
<item  id="183" filename="source/array_io.c" linenumber="67" name="add_ln67_10" contextFuncName="array_io" moduleName="array_io" rtlName="add_ln67_10_fu_773_p2" latency="0" BRAM="-1" DSP="-1" FF="0" LUT="25" fileDirectory="C:\Xilinx_trn\HLS_Baraev\lab5_optimizing_array_structures"><\/item>
<item  id="184" filename="source/array_io.c" linenumber="67" name="sext_ln67_16" contextFuncName="array_io" moduleName="array_io" rtlName="sext_ln67_16_fu_779_p1" latency="0" BRAM="-1" DSP="-1" FF="-1" LUT="-1" fileDirectory="C:\Xilinx_trn\HLS_Baraev\lab5_optimizing_array_structures"><\/item>
<item  id="185" filename="source/array_io.c" linenumber="67" name="add_ln67_11" contextFuncName="array_io" moduleName="array_io" rtlName="add_ln67_11_fu_783_p2" latency="0" BRAM="-1" DSP="-1" FF="0" LUT="32" fileDirectory="C:\Xilinx_trn\HLS_Baraev\lab5_optimizing_array_structures"><\/item>
<item  id="187" filename="source/array_io.c" linenumber="69" name="add_ln69_26" contextFuncName="array_io" moduleName="array_io" rtlName="add_ln69_26_fu_1047_p2" latency="0" BRAM="-1" DSP="-1" FF="0" LUT="23" fileDirectory="C:\Xilinx_trn\HLS_Baraev\lab5_optimizing_array_structures"><\/item>
<item  id="191" filename="source/array_io.c" linenumber="67" name="sext_ln67_17" contextFuncName="array_io" moduleName="array_io" rtlName="sext_ln67_17_fu_721_p1" latency="0" BRAM="-1" DSP="-1" FF="-1" LUT="-1" fileDirectory="C:\Xilinx_trn\HLS_Baraev\lab5_optimizing_array_structures"><\/item>
<item  id="192" filename="source/array_io.c" linenumber="67" name="add_ln67_12" contextFuncName="array_io" moduleName="array_io" rtlName="add_ln67_12_fu_795_p2" latency="0" BRAM="-1" DSP="-1" FF="0" LUT="32" fileDirectory="C:\Xilinx_trn\HLS_Baraev\lab5_optimizing_array_structures"><\/item>
<item  id="193" filename="source/array_io.c" linenumber="67" name="add_ln67_13" contextFuncName="array_io" moduleName="array_io" rtlName="add_ln67_13_fu_725_p2" latency="0" BRAM="-1" DSP="-1" FF="0" LUT="24" fileDirectory="C:\Xilinx_trn\HLS_Baraev\lab5_optimizing_array_structures"><\/item>
<item  id="194" filename="source/array_io.c" linenumber="67" name="sext_ln67_18" contextFuncName="array_io" moduleName="array_io" rtlName="sext_ln67_18_fu_800_p1" latency="0" BRAM="-1" DSP="-1" FF="-1" LUT="-1" fileDirectory="C:\Xilinx_trn\HLS_Baraev\lab5_optimizing_array_structures"><\/item>
<item  id="195" filename="source/array_io.c" linenumber="67" name="add_ln67_14" contextFuncName="array_io" moduleName="array_io" rtlName="add_ln67_14_fu_803_p2" latency="0" BRAM="-1" DSP="-1" FF="0" LUT="25" fileDirectory="C:\Xilinx_trn\HLS_Baraev\lab5_optimizing_array_structures"><\/item>
<item  id="196" filename="source/array_io.c" linenumber="67" name="sext_ln67_19" contextFuncName="array_io" moduleName="array_io" rtlName="sext_ln67_19_fu_809_p1" latency="0" BRAM="-1" DSP="-1" FF="-1" LUT="-1" fileDirectory="C:\Xilinx_trn\HLS_Baraev\lab5_optimizing_array_structures"><\/item>
<item  id="197" filename="source/array_io.c" linenumber="67" name="add_ln67_15" contextFuncName="array_io" moduleName="array_io" rtlName="add_ln67_15_fu_813_p2" latency="0" BRAM="-1" DSP="-1" FF="0" LUT="32" fileDirectory="C:\Xilinx_trn\HLS_Baraev\lab5_optimizing_array_structures"><\/item>
<item  id="199" filename="source/array_io.c" linenumber="69" name="add_ln69_27" contextFuncName="array_io" moduleName="array_io" rtlName="add_ln69_27_fu_1052_p2" latency="0" BRAM="-1" DSP="-1" FF="0" LUT="23" fileDirectory="C:\Xilinx_trn\HLS_Baraev\lab5_optimizing_array_structures"><\/item>
<item  id="203" filename="source/array_io.c" linenumber="67" name="sext_ln67_20" contextFuncName="array_io" moduleName="array_io" rtlName="sext_ln67_20_fu_825_p1" latency="0" BRAM="-1" DSP="-1" FF="-1" LUT="-1" fileDirectory="C:\Xilinx_trn\HLS_Baraev\lab5_optimizing_array_structures"><\/item>
<item  id="204" filename="source/array_io.c" linenumber="67" name="add_ln67_16" contextFuncName="array_io" moduleName="array_io" rtlName="add_ln67_16_fu_875_p2" latency="0" BRAM="-1" DSP="-1" FF="0" LUT="32" fileDirectory="C:\Xilinx_trn\HLS_Baraev\lab5_optimizing_array_structures"><\/item>
<item  id="205" filename="source/array_io.c" linenumber="67" name="add_ln67_17" contextFuncName="array_io" moduleName="array_io" rtlName="add_ln67_17_fu_829_p2" latency="0" BRAM="-1" DSP="-1" FF="0" LUT="24" fileDirectory="C:\Xilinx_trn\HLS_Baraev\lab5_optimizing_array_structures"><\/item>
<item  id="206" filename="source/array_io.c" linenumber="67" name="sext_ln67_21" contextFuncName="array_io" moduleName="array_io" rtlName="sext_ln67_21_fu_880_p1" latency="0" BRAM="-1" DSP="-1" FF="-1" LUT="-1" fileDirectory="C:\Xilinx_trn\HLS_Baraev\lab5_optimizing_array_structures"><\/item>
<item  id="207" filename="source/array_io.c" linenumber="67" name="add_ln67_18" contextFuncName="array_io" moduleName="array_io" rtlName="add_ln67_18_fu_883_p2" latency="0" BRAM="-1" DSP="-1" FF="0" LUT="25" fileDirectory="C:\Xilinx_trn\HLS_Baraev\lab5_optimizing_array_structures"><\/item>
<item  id="208" filename="source/array_io.c" linenumber="67" name="sext_ln67_22" contextFuncName="array_io" moduleName="array_io" rtlName="sext_ln67_22_fu_889_p1" latency="0" BRAM="-1" DSP="-1" FF="-1" LUT="-1" fileDirectory="C:\Xilinx_trn\HLS_Baraev\lab5_optimizing_array_structures"><\/item>
<item  id="209" filename="source/array_io.c" linenumber="67" name="add_ln67_19" contextFuncName="array_io" moduleName="array_io" rtlName="add_ln67_19_fu_893_p2" latency="0" BRAM="-1" DSP="-1" FF="0" LUT="32" fileDirectory="C:\Xilinx_trn\HLS_Baraev\lab5_optimizing_array_structures"><\/item>
<item  id="211" filename="source/array_io.c" linenumber="69" name="add_ln69_28" contextFuncName="array_io" moduleName="array_io" rtlName="add_ln69_28_fu_1057_p2" latency="0" BRAM="-1" DSP="-1" FF="0" LUT="23" fileDirectory="C:\Xilinx_trn\HLS_Baraev\lab5_optimizing_array_structures"><\/item>
<item  id="215" filename="source/array_io.c" linenumber="67" name="sext_ln67_23" contextFuncName="array_io" moduleName="array_io" rtlName="sext_ln67_23_fu_835_p1" latency="0" BRAM="-1" DSP="-1" FF="-1" LUT="-1" fileDirectory="C:\Xilinx_trn\HLS_Baraev\lab5_optimizing_array_structures"><\/item>
<item  id="216" filename="source/array_io.c" linenumber="67" name="add_ln67_20" contextFuncName="array_io" moduleName="array_io" rtlName="add_ln67_20_fu_905_p2" latency="0" BRAM="-1" DSP="-1" FF="0" LUT="32" fileDirectory="C:\Xilinx_trn\HLS_Baraev\lab5_optimizing_array_structures"><\/item>
<item  id="217" filename="source/array_io.c" linenumber="67" name="add_ln67_21" contextFuncName="array_io" moduleName="array_io" rtlName="add_ln67_21_fu_839_p2" latency="0" BRAM="-1" DSP="-1" FF="0" LUT="24" fileDirectory="C:\Xilinx_trn\HLS_Baraev\lab5_optimizing_array_structures"><\/item>
<item  id="218" filename="source/array_io.c" linenumber="67" name="sext_ln67_24" contextFuncName="array_io" moduleName="array_io" rtlName="sext_ln67_24_fu_910_p1" latency="0" BRAM="-1" DSP="-1" FF="-1" LUT="-1" fileDirectory="C:\Xilinx_trn\HLS_Baraev\lab5_optimizing_array_structures"><\/item>
<item  id="219" filename="source/array_io.c" linenumber="67" name="add_ln67_22" contextFuncName="array_io" moduleName="array_io" rtlName="add_ln67_22_fu_913_p2" latency="0" BRAM="-1" DSP="-1" FF="0" LUT="25" fileDirectory="C:\Xilinx_trn\HLS_Baraev\lab5_optimizing_array_structures"><\/item>
<item  id="220" filename="source/array_io.c" linenumber="67" name="sext_ln67_25" contextFuncName="array_io" moduleName="array_io" rtlName="sext_ln67_25_fu_919_p1" latency="0" BRAM="-1" DSP="-1" FF="-1" LUT="-1" fileDirectory="C:\Xilinx_trn\HLS_Baraev\lab5_optimizing_array_structures"><\/item>
<item  id="221" filename="source/array_io.c" linenumber="67" name="add_ln67_23" contextFuncName="array_io" moduleName="array_io" rtlName="add_ln67_23_fu_923_p2" latency="0" BRAM="-1" DSP="-1" FF="0" LUT="32" fileDirectory="C:\Xilinx_trn\HLS_Baraev\lab5_optimizing_array_structures"><\/item>
<item  id="223" filename="source/array_io.c" linenumber="69" name="add_ln69_29" contextFuncName="array_io" moduleName="array_io" rtlName="add_ln69_29_fu_1062_p2" latency="0" BRAM="-1" DSP="-1" FF="0" LUT="23" fileDirectory="C:\Xilinx_trn\HLS_Baraev\lab5_optimizing_array_structures"><\/item>
<item  id="227" filename="source/array_io.c" linenumber="67" name="sext_ln67_26" contextFuncName="array_io" moduleName="array_io" rtlName="sext_ln67_26_fu_935_p1" latency="0" BRAM="-1" DSP="-1" FF="-1" LUT="-1" fileDirectory="C:\Xilinx_trn\HLS_Baraev\lab5_optimizing_array_structures"><\/item>
<item  id="228" filename="source/array_io.c" linenumber="67" name="add_ln67_24" contextFuncName="array_io" moduleName="array_io" rtlName="add_ln67_24_fu_977_p2" latency="0" BRAM="-1" DSP="-1" FF="0" LUT="32" fileDirectory="C:\Xilinx_trn\HLS_Baraev\lab5_optimizing_array_structures"><\/item>
<item  id="229" filename="source/array_io.c" linenumber="67" name="add_ln67_25" contextFuncName="array_io" moduleName="array_io" rtlName="add_ln67_25_fu_939_p2" latency="0" BRAM="-1" DSP="-1" FF="0" LUT="24" fileDirectory="C:\Xilinx_trn\HLS_Baraev\lab5_optimizing_array_structures"><\/item>
<item  id="230" filename="source/array_io.c" linenumber="67" name="sext_ln67_27" contextFuncName="array_io" moduleName="array_io" rtlName="sext_ln67_27_fu_982_p1" latency="0" BRAM="-1" DSP="-1" FF="-1" LUT="-1" fileDirectory="C:\Xilinx_trn\HLS_Baraev\lab5_optimizing_array_structures"><\/item>
<item  id="231" filename="source/array_io.c" linenumber="67" name="add_ln67_26" contextFuncName="array_io" moduleName="array_io" rtlName="add_ln67_26_fu_985_p2" latency="0" BRAM="-1" DSP="-1" FF="0" LUT="25" fileDirectory="C:\Xilinx_trn\HLS_Baraev\lab5_optimizing_array_structures"><\/item>
<item  id="232" filename="source/array_io.c" linenumber="67" name="sext_ln67_28" contextFuncName="array_io" moduleName="array_io" rtlName="sext_ln67_28_fu_991_p1" latency="0" BRAM="-1" DSP="-1" FF="-1" LUT="-1" fileDirectory="C:\Xilinx_trn\HLS_Baraev\lab5_optimizing_array_structures"><\/item>
<item  id="233" filename="source/array_io.c" linenumber="67" name="add_ln67_27" contextFuncName="array_io" moduleName="array_io" rtlName="add_ln67_27_fu_995_p2" latency="0" BRAM="-1" DSP="-1" FF="0" LUT="32" fileDirectory="C:\Xilinx_trn\HLS_Baraev\lab5_optimizing_array_structures"><\/item>
<item  id="235" filename="source/array_io.c" linenumber="69" name="add_ln69_30" contextFuncName="array_io" moduleName="array_io" rtlName="add_ln69_30_fu_1067_p2" latency="0" BRAM="-1" DSP="-1" FF="0" LUT="23" fileDirectory="C:\Xilinx_trn\HLS_Baraev\lab5_optimizing_array_structures"><\/item>
<item  id="239" filename="source/array_io.c" linenumber="67" name="sext_ln67_29" contextFuncName="array_io" moduleName="array_io" rtlName="sext_ln67_29_fu_945_p1" latency="0" BRAM="-1" DSP="-1" FF="-1" LUT="-1" fileDirectory="C:\Xilinx_trn\HLS_Baraev\lab5_optimizing_array_structures"><\/item>
<item  id="240" filename="source/array_io.c" linenumber="67" name="add_ln67_28" contextFuncName="array_io" moduleName="array_io" rtlName="add_ln67_28_fu_1007_p2" latency="0" BRAM="-1" DSP="-1" FF="0" LUT="32" fileDirectory="C:\Xilinx_trn\HLS_Baraev\lab5_optimizing_array_structures"><\/item>
<item  id="241" filename="source/array_io.c" linenumber="67" name="add_ln67_29" contextFuncName="array_io" moduleName="array_io" rtlName="add_ln67_29_fu_949_p2" latency="0" BRAM="-1" DSP="-1" FF="0" LUT="24" fileDirectory="C:\Xilinx_trn\HLS_Baraev\lab5_optimizing_array_structures"><\/item>
<item  id="242" filename="source/array_io.c" linenumber="67" name="sext_ln67_30" contextFuncName="array_io" moduleName="array_io" rtlName="sext_ln67_30_fu_1012_p1" latency="0" BRAM="-1" DSP="-1" FF="-1" LUT="-1" fileDirectory="C:\Xilinx_trn\HLS_Baraev\lab5_optimizing_array_structures"><\/item>
<item  id="243" filename="source/array_io.c" linenumber="67" name="add_ln67_30" contextFuncName="array_io" moduleName="array_io" rtlName="add_ln67_30_fu_1015_p2" latency="0" BRAM="-1" DSP="-1" FF="0" LUT="25" fileDirectory="C:\Xilinx_trn\HLS_Baraev\lab5_optimizing_array_structures"><\/item>
<item  id="244" filename="source/array_io.c" linenumber="67" name="sext_ln67_31" contextFuncName="array_io" moduleName="array_io" rtlName="sext_ln67_31_fu_1021_p1" latency="0" BRAM="-1" DSP="-1" FF="-1" LUT="-1" fileDirectory="C:\Xilinx_trn\HLS_Baraev\lab5_optimizing_array_structures"><\/item>
<item  id="245" filename="source/array_io.c" linenumber="67" name="add_ln67_31" contextFuncName="array_io" moduleName="array_io" rtlName="add_ln67_31_fu_1025_p2" latency="0" BRAM="-1" DSP="-1" FF="0" LUT="32" fileDirectory="C:\Xilinx_trn\HLS_Baraev\lab5_optimizing_array_structures"><\/item>
<item  id="247" filename="source/array_io.c" linenumber="69" name="add_ln69_31" contextFuncName="array_io" moduleName="array_io" rtlName="add_ln69_31_fu_1072_p2" latency="0" BRAM="-1" DSP="-1" FF="0" LUT="23" fileDirectory="C:\Xilinx_trn\HLS_Baraev\lab5_optimizing_array_structures"><\/item>
<\/annotationInfo>
</annotationInfo>
