<profile>

<section name = "Vivado HLS Report for 'array_io'" level="0">
<item name = "Date">Sun Dec 12 02:44:29 2021
</item>
<item name = "Version">2019.2 (Build 2704478 on Wed Nov 06 22:10:23 MST 2019)</item>
<item name = "Project">array_io_prj</item>
<item name = "Solution">solution1</item>
<item name = "Product family">artix7</item>
<item name = "Target device">xa7a12t-csg325-1Q</item>
</section>

<section name = "Performance Estimates" level="0">
<item name = "Timing">
<section name = "" level="1">
<item name = "Summary"><table name="" hasTotal="0">
<keys size="4">Clock, Target, Estimated, Uncertainty</keys>
<column name="ap_clk">8.00 ns, 6.686 ns, 1.00 ns</column>
</table>
</item>
</section>
</item>
<item name = "Latency">
<section name = "" level="1">
<item name = "Summary"><table name="" hasTotal="0">
<keys size="8">, min, max, min, max, min, max, Type</keys>
<column name="">33, 33, 0.264 us, 0.264 us, 33, 33, none</column>
</table>
</item>
<item name = "Detail">
<section name = "" level="1">
<item name = "Instance"><table name="" hasTotal="0">
<keys size="9">Instance, Module, min, max, min, max, min, max, Type</keys>
</table>
</item>
<item name = "Loop"><table name="" hasTotal="0">
<keys size="8">Loop Name, min, max, Latency, achieved, target, Count, Pipelined</keys>
</table>
</item>
</section>
</item>
</section>
</item>
</section>

<section name = "Utilization Estimates" level="0">
<item name = "Summary"><table name="" hasTotal="1">
<keys size="6">Name, BRAM_18K, DSP48E, FF, LUT, URAM</keys>
<column name="DSP">-, -, -, -, -</column>
<column name="Expression">-, -, 0, 1640, -</column>
<column name="FIFO">-, -, -, -, -</column>
<column name="Instance">-, -, -, -, -</column>
<column name="Memory">-, -, -, -, -</column>
<column name="Multiplexer">-, -, -, 485, -</column>
<column name="Register">-, -, 1274, -, -</column>
<specialColumn name="Available">40, 40, 16000, 8000, 0</specialColumn>
<specialColumn name="Utilization (%)">0, 0, 7, 26, 0</specialColumn>
</table>
</item>
<item name = "Detail">
<section name = "" level="1">
<item name = "Instance"><table name="" hasTotal="1">
<keys size="7">Instance, Module, BRAM_18K, DSP48E, FF, LUT, URAM</keys>
</table>
</item>
<item name = "DSP48E"><table name="" hasTotal="0">
<keys size="3">Instance, Module, Expression</keys>
</table>
</item>
<item name = "Memory"><table name="" hasTotal="1">
<keys size="10">Memory, Module, BRAM_18K, FF, LUT, URAM, Words, Bits, Banks, W*Bits*Banks</keys>
</table>
</item>
<item name = "FIFO"><table name="" hasTotal="1">
<keys size="8">Name, BRAM_18K, FF, LUT, URAM, Depth, Bits, Size:D*B</keys>
</table>
</item>
<item name = "Expression"><table name="" hasTotal="1">
<keys size="7">Variable Name, Operation, DSP48E, FF, LUT, Bitwidth P0, Bitwidth P1</keys>
<column name="add_ln67_10_fu_773_p2">+, 0, 0, 25, 18, 18</column>
<column name="add_ln67_11_fu_783_p2">+, 0, 0, 32, 32, 32</column>
<column name="add_ln67_12_fu_795_p2">+, 0, 0, 32, 32, 32</column>
<column name="add_ln67_13_fu_725_p2">+, 0, 0, 24, 17, 17</column>
<column name="add_ln67_14_fu_803_p2">+, 0, 0, 25, 18, 18</column>
<column name="add_ln67_15_fu_813_p2">+, 0, 0, 32, 32, 32</column>
<column name="add_ln67_16_fu_875_p2">+, 0, 0, 32, 32, 32</column>
<column name="add_ln67_17_fu_829_p2">+, 0, 0, 24, 17, 17</column>
<column name="add_ln67_18_fu_883_p2">+, 0, 0, 25, 18, 18</column>
<column name="add_ln67_19_fu_893_p2">+, 0, 0, 32, 32, 32</column>
<column name="add_ln67_1_fu_602_p2">+, 0, 0, 24, 17, 17</column>
<column name="add_ln67_20_fu_905_p2">+, 0, 0, 32, 32, 32</column>
<column name="add_ln67_21_fu_839_p2">+, 0, 0, 24, 17, 17</column>
<column name="add_ln67_22_fu_913_p2">+, 0, 0, 25, 18, 18</column>
<column name="add_ln67_23_fu_923_p2">+, 0, 0, 32, 32, 32</column>
<column name="add_ln67_24_fu_977_p2">+, 0, 0, 32, 32, 32</column>
<column name="add_ln67_25_fu_939_p2">+, 0, 0, 24, 17, 17</column>
<column name="add_ln67_26_fu_985_p2">+, 0, 0, 25, 18, 18</column>
<column name="add_ln67_27_fu_995_p2">+, 0, 0, 32, 32, 32</column>
<column name="add_ln67_28_fu_1007_p2">+, 0, 0, 32, 32, 32</column>
<column name="add_ln67_29_fu_949_p2">+, 0, 0, 24, 17, 17</column>
<column name="add_ln67_2_fu_659_p2">+, 0, 0, 25, 18, 18</column>
<column name="add_ln67_30_fu_1015_p2">+, 0, 0, 25, 18, 18</column>
<column name="add_ln67_31_fu_1025_p2">+, 0, 0, 32, 32, 32</column>
<column name="add_ln67_3_fu_669_p2">+, 0, 0, 32, 32, 32</column>
<column name="add_ln67_4_fu_681_p2">+, 0, 0, 32, 32, 32</column>
<column name="add_ln67_5_fu_612_p2">+, 0, 0, 24, 17, 17</column>
<column name="add_ln67_6_fu_689_p2">+, 0, 0, 25, 18, 18</column>
<column name="add_ln67_7_fu_699_p2">+, 0, 0, 32, 32, 32</column>
<column name="add_ln67_8_fu_765_p2">+, 0, 0, 32, 32, 32</column>
<column name="add_ln67_9_fu_715_p2">+, 0, 0, 24, 17, 17</column>
<column name="add_ln67_fu_651_p2">+, 0, 0, 32, 32, 32</column>
<column name="add_ln69_10_fu_570_p2">+, 0, 0, 23, 16, 16</column>
<column name="add_ln69_11_fu_575_p2">+, 0, 0, 23, 16, 16</column>
<column name="add_ln69_12_fu_632_p2">+, 0, 0, 23, 16, 16</column>
<column name="add_ln69_13_fu_745_p2">+, 0, 0, 23, 16, 16</column>
<column name="add_ln69_14_fu_859_p2">+, 0, 0, 23, 16, 16</column>
<column name="add_ln69_15_fu_967_p2">+, 0, 0, 23, 16, 16</column>
<column name="add_ln69_16_fu_584_p2">+, 0, 0, 23, 16, 16</column>
<column name="add_ln69_17_fu_593_p2">+, 0, 0, 23, 16, 16</column>
<column name="add_ln69_18_fu_640_p2">+, 0, 0, 23, 16, 16</column>
<column name="add_ln69_19_fu_647_p2">+, 0, 0, 23, 16, 16</column>
<column name="add_ln69_1_fu_465_p2">+, 0, 0, 23, 16, 16</column>
<column name="add_ln69_20_fu_753_p2">+, 0, 0, 23, 16, 16</column>
<column name="add_ln69_21_fu_760_p2">+, 0, 0, 23, 16, 16</column>
<column name="add_ln69_22_fu_867_p2">+, 0, 0, 23, 16, 16</column>
<column name="add_ln69_23_fu_972_p2">+, 0, 0, 23, 16, 16</column>
<column name="add_ln69_24_fu_1037_p2">+, 0, 0, 23, 16, 16</column>
<column name="add_ln69_25_fu_1042_p2">+, 0, 0, 23, 16, 16</column>
<column name="add_ln69_26_fu_1047_p2">+, 0, 0, 23, 16, 16</column>
<column name="add_ln69_27_fu_1052_p2">+, 0, 0, 23, 16, 16</column>
<column name="add_ln69_28_fu_1057_p2">+, 0, 0, 23, 16, 16</column>
<column name="add_ln69_29_fu_1062_p2">+, 0, 0, 23, 16, 16</column>
<column name="add_ln69_2_fu_480_p2">+, 0, 0, 23, 16, 16</column>
<column name="add_ln69_30_fu_1067_p2">+, 0, 0, 23, 16, 16</column>
<column name="add_ln69_31_fu_1072_p2">+, 0, 0, 23, 16, 16</column>
<column name="add_ln69_3_fu_495_p2">+, 0, 0, 23, 16, 16</column>
<column name="add_ln69_4_fu_510_p2">+, 0, 0, 23, 16, 16</column>
<column name="add_ln69_5_fu_525_p2">+, 0, 0, 23, 16, 16</column>
<column name="add_ln69_6_fu_540_p2">+, 0, 0, 23, 16, 16</column>
<column name="add_ln69_7_fu_554_p2">+, 0, 0, 23, 16, 16</column>
<column name="add_ln69_8_fu_560_p2">+, 0, 0, 23, 16, 16</column>
<column name="add_ln69_9_fu_565_p2">+, 0, 0, 23, 16, 16</column>
<column name="add_ln69_fu_450_p2">+, 0, 0, 23, 16, 16</column>
</table>
</item>
<item name = "Multiplexer"><table name="" hasTotal="1">
<keys size="5">Name, LUT, Input Size, Bits, Total Bits</keys>
<column name="ap_NS_fsm">157, 35, 1, 35</column>
<column name="d_i_address0">85, 17, 5, 85</column>
<column name="d_i_address1">85, 17, 5, 85</column>
<column name="d_o_blk_n">9, 2, 1, 2</column>
<column name="d_o_din">149, 33, 16, 528</column>
</table>
</item>
<item name = "Register"><table name="" hasTotal="1">
<keys size="5">Name, FF, LUT, Bits, Const Bits</keys>
<column name="acc_0">32, 0, 32, 0</column>
<column name="acc_1">32, 0, 32, 0</column>
<column name="acc_2">32, 0, 32, 0</column>
<column name="acc_3">32, 0, 32, 0</column>
<column name="acc_4">32, 0, 32, 0</column>
<column name="acc_5">32, 0, 32, 0</column>
<column name="acc_6">32, 0, 32, 0</column>
<column name="acc_7">32, 0, 32, 0</column>
<column name="add_ln67_13_reg_1457">17, 0, 17, 0</column>
<column name="add_ln67_17_reg_1484">17, 0, 17, 0</column>
<column name="add_ln67_1_reg_1415">17, 0, 17, 0</column>
<column name="add_ln67_21_reg_1489">17, 0, 17, 0</column>
<column name="add_ln67_25_reg_1510">17, 0, 17, 0</column>
<column name="add_ln67_29_reg_1515">17, 0, 17, 0</column>
<column name="add_ln67_5_reg_1420">17, 0, 17, 0</column>
<column name="add_ln67_9_reg_1452">17, 0, 17, 0</column>
<column name="add_ln69_10_reg_1371">16, 0, 16, 0</column>
<column name="add_ln69_11_reg_1398">16, 0, 16, 0</column>
<column name="add_ln69_12_reg_1435">16, 0, 16, 0</column>
<column name="add_ln69_16_reg_1403">16, 0, 16, 0</column>
<column name="add_ln69_17_reg_1409">16, 0, 16, 0</column>
<column name="add_ln69_18_reg_1440">16, 0, 16, 0</column>
<column name="add_ln69_19_reg_1446">16, 0, 16, 0</column>
<column name="add_ln69_1_reg_1122">16, 0, 16, 0</column>
<column name="add_ln69_20_reg_1472">16, 0, 16, 0</column>
<column name="add_ln69_21_reg_1478">16, 0, 16, 0</column>
<column name="add_ln69_22_reg_1504">16, 0, 16, 0</column>
<column name="add_ln69_23_reg_1520">16, 0, 16, 0</column>
<column name="add_ln69_24_reg_1526">16, 0, 16, 0</column>
<column name="add_ln69_25_reg_1531">16, 0, 16, 0</column>
<column name="add_ln69_26_reg_1536">16, 0, 16, 0</column>
<column name="add_ln69_27_reg_1541">16, 0, 16, 0</column>
<column name="add_ln69_28_reg_1546">16, 0, 16, 0</column>
<column name="add_ln69_29_reg_1551">16, 0, 16, 0</column>
<column name="add_ln69_2_reg_1142">16, 0, 16, 0</column>
<column name="add_ln69_30_reg_1556">16, 0, 16, 0</column>
<column name="add_ln69_31_reg_1561">16, 0, 16, 0</column>
<column name="add_ln69_3_reg_1174">16, 0, 16, 0</column>
<column name="add_ln69_4_reg_1206">16, 0, 16, 0</column>
<column name="add_ln69_5_reg_1238">16, 0, 16, 0</column>
<column name="add_ln69_6_reg_1270">16, 0, 16, 0</column>
<column name="add_ln69_7_reg_1302">16, 0, 16, 0</column>
<column name="add_ln69_8_reg_1317">16, 0, 16, 0</column>
<column name="add_ln69_9_reg_1344">16, 0, 16, 0</column>
<column name="add_ln69_reg_1102">16, 0, 16, 0</column>
<column name="ap_CS_fsm">34, 0, 34, 0</column>
<column name="d_i_load_10_reg_1211">16, 0, 16, 0</column>
<column name="d_i_load_11_reg_1217">16, 0, 16, 0</column>
<column name="d_i_load_12_reg_1243">16, 0, 16, 0</column>
<column name="d_i_load_13_reg_1249">16, 0, 16, 0</column>
<column name="d_i_load_14_reg_1275">16, 0, 16, 0</column>
<column name="d_i_load_15_reg_1281">16, 0, 16, 0</column>
<column name="d_i_load_18_reg_1322">16, 0, 16, 0</column>
<column name="d_i_load_19_reg_1328">16, 0, 16, 0</column>
<column name="d_i_load_20_reg_1349">16, 0, 16, 0</column>
<column name="d_i_load_21_reg_1355">16, 0, 16, 0</column>
<column name="d_i_load_22_reg_1376">16, 0, 16, 0</column>
<column name="d_i_load_23_reg_1382">16, 0, 16, 0</column>
<column name="d_i_load_6_reg_1147">16, 0, 16, 0</column>
<column name="d_i_load_7_reg_1153">16, 0, 16, 0</column>
<column name="d_i_load_8_reg_1179">16, 0, 16, 0</column>
<column name="d_i_load_9_reg_1185">16, 0, 16, 0</column>
<column name="reg_410">16, 0, 16, 0</column>
<column name="reg_414">16, 0, 16, 0</column>
<column name="reg_418">16, 0, 16, 0</column>
<column name="reg_422">16, 0, 16, 0</column>
<column name="reg_426">16, 0, 16, 0</column>
<column name="reg_430">16, 0, 16, 0</column>
<column name="reg_434">16, 0, 16, 0</column>
<column name="reg_438">16, 0, 16, 0</column>
</table>
</item>
</section>
</item>
</section>

<section name = "Interface" level="0">
<item name = "Summary"><table name="" hasTotal="0">
<keys size="6">RTL Ports, Dir, Bits, Protocol, Source Object, C Type</keys>
<column name="ap_clk">in, 1, ap_ctrl_hs, array_io, return value</column>
<column name="ap_rst">in, 1, ap_ctrl_hs, array_io, return value</column>
<column name="ap_start">in, 1, ap_ctrl_hs, array_io, return value</column>
<column name="ap_done">out, 1, ap_ctrl_hs, array_io, return value</column>
<column name="ap_idle">out, 1, ap_ctrl_hs, array_io, return value</column>
<column name="ap_ready">out, 1, ap_ctrl_hs, array_io, return value</column>
<column name="d_o_din">out, 16, ap_fifo, d_o, pointer</column>
<column name="d_o_full_n">in, 1, ap_fifo, d_o, pointer</column>
<column name="d_o_write">out, 1, ap_fifo, d_o, pointer</column>
<column name="d_i_address0">out, 5, ap_memory, d_i, array</column>
<column name="d_i_ce0">out, 1, ap_memory, d_i, array</column>
<column name="d_i_q0">in, 16, ap_memory, d_i, array</column>
<column name="d_i_address1">out, 5, ap_memory, d_i, array</column>
<column name="d_i_ce1">out, 1, ap_memory, d_i, array</column>
<column name="d_i_q1">in, 16, ap_memory, d_i, array</column>
</table>
</item>
</section>
</profile>
