<profile>

<section name = "Vivado HLS Report for 'gauss_blur'" level="0">
<item name = "Date">Mon Nov 29 16:19:00 2021
</item>
<item name = "Version">2020.1 (Build 2897737 on Wed May 27 20:21:37 MDT 2020)</item>
<item name = "Project">course_prj</item>
<item name = "Solution">sol2</item>
<item name = "Product family">artix7</item>
<item name = "Target device">xa7a12t-csg325-1Q</item>
</section>

<section name = "Performance Estimates" level="0">
<item name = "Timing">
<section name = "" level="1">
<item name = "Summary"><table name="" hasTotal="0">
<keys size="4">Clock, Target, Estimated, Uncertainty</keys>
<column name="clk">8.00 ns, 7.661 ns, 0.10 ns</column>
</table>
</item>
</section>
</item>
<item name = "Latency">
<section name = "" level="1">
<item name = "Summary"><table name="" hasTotal="0">
<keys size="8">, min, max, min, max, min, max, Type</keys>
<column name="">3392839, 13875753, 27.143 ms, 0.111 sec, 3392839, 13875753, none</column>
</table>
</item>
<item name = "Detail">
<section name = "" level="1">
<item name = "Instance"><table name="" hasTotal="0">
<keys size="9">Instance, Module, min, max, min, max, min, max, Type</keys>
</table>
</item>
<item name = "Loop"><table name="" hasTotal="0">
<keys size="8">Loop Name, min, max, Latency, achieved, target, Count, Pipelined</keys>
<column name="- Loop 1">24, 24, 8, -, -, 3, no</column>
<column name=" + Loop 1.1">6, 6, 2, -, -, 3, no</column>
<column name="- L2">3392813, 13875727, 5293 ~ 21647, -, -, 641, no</column>
<column name=" + L1">5291, 21645, 11 ~ 45, -, -, 481, no</column>
<column name="  ++ L1.1">6, 6, 2, -, -, 3, no</column>
<column name="  ++ row_loop">33, 33, 11, -, -, 3, no</column>
<column name="   +++ col_loop">9, 9, 3, -, -, 3, no</column>
</table>
</item>
</section>
</item>
</section>
</item>
</section>

<section name = "Utilization Estimates" level="0">
<item name = "Summary"><table name="" hasTotal="1">
<keys size="6">Name, BRAM_18K, DSP48E, FF, LUT, URAM</keys>
<column name="DSP">-, 1, -, -, -</column>
<column name="Expression">-, -, 0, 607, -</column>
<column name="FIFO">-, -, -, -, -</column>
<column name="Instance">-, -, -, -, -</column>
<column name="Memory">3, -, 16, 2, 0</column>
<column name="Multiplexer">-, -, -, 296, -</column>
<column name="Register">-, -, 336, -, -</column>
<specialColumn name="Available">40, 40, 16000, 8000, 0</specialColumn>
<specialColumn name="Utilization (%)">7, 2, 2, 11, 0</specialColumn>
</table>
</item>
<item name = "Detail">
<section name = "" level="1">
<item name = "Instance"><table name="" hasTotal="1">
<keys size="7">Instance, Module, BRAM_18K, DSP48E, FF, LUT, URAM</keys>
</table>
</item>
<item name = "DSP48E"><table name="" hasTotal="0">
<keys size="3">Instance, Module, Expression</keys>
<column name="gauss_blur_mac_mudEe_U1">gauss_blur_mac_mudEe, i0 + i1 * i2</column>
</table>
</item>
<item name = "Memory"><table name="" hasTotal="1">
<keys size="10">Memory, Module, BRAM_18K, FF, LUT, URAM, Words, Bits, Banks, W*Bits*Banks</keys>
<column name="kernel_U">gauss_blur_kernel, 0, 16, 2, 0, 9, 8, 1, 72</column>
<column name="part_buffer_0_U">gauss_blur_part_bbkb, 1, 0, 0, 0, 480, 8, 1, 3840</column>
<column name="part_buffer_1_U">gauss_blur_part_bbkb, 1, 0, 0, 0, 480, 8, 1, 3840</column>
<column name="window_U">gauss_blur_window, 1, 0, 0, 0, 9, 8, 1, 72</column>
</table>
</item>
<item name = "FIFO"><table name="" hasTotal="1">
<keys size="8">Name, BRAM_18K, FF, LUT, URAM, Depth, Bits, Size:D*B</keys>
</table>
</item>
<item name = "Expression"><table name="" hasTotal="1">
<keys size="7">Variable Name, Operation, DSP48E, FF, LUT, Bitwidth P0, Bitwidth P1</keys>
<column name="add_ln16_fu_786_p2">+, 0, 0, 15, 5, 5</column>
<column name="add_ln40_fu_432_p2">+, 0, 0, 15, 5, 5</column>
<column name="add_ln50_fu_560_p2">+, 0, 0, 27, 20, 20</column>
<column name="add_ln55_fu_627_p2">+, 0, 0, 15, 5, 1</column>
<column name="add_ln56_fu_638_p2">+, 0, 0, 15, 5, 2</column>
<column name="add_ln73_fu_702_p2">+, 0, 0, 27, 20, 20</column>
<column name="add_ln75_fu_765_p2">+, 0, 0, 27, 20, 20</column>
<column name="col_fu_550_p2">+, 0, 0, 16, 9, 1</column>
<column name="i_1_fu_599_p2">+, 0, 0, 10, 2, 1</column>
<column name="i_2_fu_718_p2">+, 0, 0, 10, 2, 1</column>
<column name="i_fu_388_p2">+, 0, 0, 10, 2, 1</column>
<column name="j_1_fu_776_p2">+, 0, 0, 10, 2, 1</column>
<column name="j_fu_422_p2">+, 0, 0, 10, 2, 1</column>
<column name="outcol_fu_664_p2">+, 0, 0, 16, 9, 2</column>
<column name="outrow_fu_500_p2">+, 0, 0, 18, 11, 2</column>
<column name="row_fu_452_p2">+, 0, 0, 17, 10, 1</column>
<column name="sub_ln16_fu_740_p2">-, 0, 0, 15, 5, 5</column>
<column name="sub_ln21_1_fu_811_p2">-, 0, 0, 15, 1, 8</column>
<column name="sub_ln21_fu_746_p2">-, 0, 0, 39, 1, 32</column>
<column name="sub_ln40_fu_410_p2">-, 0, 0, 15, 5, 5</column>
<column name="sub_ln50_fu_488_p2">-, 0, 0, 27, 20, 20</column>
<column name="sub_ln55_fu_621_p2">-, 0, 0, 15, 5, 5</column>
<column name="sub_ln73_fu_538_p2">-, 0, 0, 27, 20, 20</column>
<column name="and_ln49_fu_576_p2">and, 0, 0, 2, 1, 1</column>
<column name="and_ln67_fu_659_p2">and, 0, 0, 2, 1, 1</column>
<column name="icmp_ln14_fu_712_p2">icmp, 0, 0, 8, 2, 2</column>
<column name="icmp_ln15_fu_770_p2">icmp, 0, 0, 8, 2, 2</column>
<column name="icmp_ln38_fu_382_p2">icmp, 0, 0, 8, 2, 2</column>
<column name="icmp_ln39_fu_416_p2">icmp, 0, 0, 8, 2, 2</column>
<column name="icmp_ln45_fu_446_p2">icmp, 0, 0, 13, 10, 10</column>
<column name="icmp_ln46_fu_544_p2">icmp, 0, 0, 13, 9, 6</column>
<column name="icmp_ln49_1_fu_570_p2">icmp, 0, 0, 13, 9, 7</column>
<column name="icmp_ln49_fu_458_p2">icmp, 0, 0, 13, 10, 10</column>
<column name="icmp_ln54_fu_593_p2">icmp, 0, 0, 8, 2, 2</column>
<column name="icmp_ln67_1_fu_653_p2">icmp, 0, 0, 13, 9, 1</column>
<column name="icmp_ln67_fu_494_p2">icmp, 0, 0, 13, 10, 1</column>
<column name="icmp_ln72_1_fu_512_p2">icmp, 0, 0, 13, 11, 10</column>
<column name="icmp_ln72_2_fu_670_p2">icmp, 0, 0, 13, 9, 1</column>
<column name="icmp_ln72_3_fu_676_p2">icmp, 0, 0, 13, 9, 7</column>
<column name="icmp_ln72_fu_506_p2">icmp, 0, 0, 13, 11, 1</column>
<column name="or_ln72_1_fu_687_p2">or, 0, 0, 2, 1, 1</column>
<column name="or_ln72_2_fu_692_p2">or, 0, 0, 2, 1, 1</column>
<column name="or_ln72_fu_682_p2">or, 0, 0, 2, 1, 1</column>
<column name="select_ln21_fu_826_p3">select, 0, 0, 8, 1, 8</column>
<column name="select_ln49_fu_585_p3">select, 0, 0, 8, 1, 8</column>
</table>
</item>
<item name = "Multiplexer"><table name="" hasTotal="1">
<keys size="5">Name, LUT, Input Size, Bits, Total Bits</keys>
<column name="ap_NS_fsm">65, 16, 1, 16</column>
<column name="col_0_reg_313">9, 2, 9, 18</column>
<column name="i1_0_reg_325">9, 2, 2, 4</column>
<column name="i_0_i_reg_348">9, 2, 2, 4</column>
<column name="i_0_reg_280">9, 2, 2, 4</column>
<column name="j_0_i_reg_371">9, 2, 2, 4</column>
<column name="j_0_reg_291">9, 2, 2, 4</column>
<column name="kernel_address0">15, 3, 4, 12</column>
<column name="outImage_address0">15, 3, 19, 57</column>
<column name="outImage_d0">15, 3, 8, 24</column>
<column name="part_buffer_0_address0">15, 3, 9, 27</column>
<column name="result_0_i_reg_336">9, 2, 32, 64</column>
<column name="result_1_i_reg_359">9, 2, 32, 64</column>
<column name="row_0_reg_302">9, 2, 10, 20</column>
<column name="window_address0">27, 5, 4, 20</column>
<column name="window_address1">27, 5, 4, 20</column>
<column name="window_d0">21, 4, 8, 32</column>
<column name="window_d1">15, 3, 8, 24</column>
</table>
</item>
<item name = "Register"><table name="" hasTotal="1">
<keys size="5">Name, FF, LUT, Bits, Const Bits</keys>
<column name="add_ln75_reg_1025">20, 0, 20, 0</column>
<column name="and_ln67_reg_994">1, 0, 1, 0</column>
<column name="ap_CS_fsm">15, 0, 15, 0</column>
<column name="col_0_reg_313">9, 0, 9, 0</column>
<column name="col_reg_935">9, 0, 9, 0</column>
<column name="i1_0_reg_325">2, 0, 2, 0</column>
<column name="i_0_i_reg_348">2, 0, 2, 0</column>
<column name="i_0_reg_280">2, 0, 2, 0</column>
<column name="i_1_reg_964">2, 0, 2, 0</column>
<column name="i_2_reg_1010">2, 0, 2, 0</column>
<column name="i_reg_865">2, 0, 2, 0</column>
<column name="icmp_ln49_1_reg_945">1, 0, 1, 0</column>
<column name="icmp_ln49_reg_901">1, 0, 1, 0</column>
<column name="icmp_ln67_reg_911">1, 0, 1, 0</column>
<column name="icmp_ln72_1_reg_921">1, 0, 1, 0</column>
<column name="icmp_ln72_reg_916">1, 0, 1, 0</column>
<column name="j_0_i_reg_371">2, 0, 2, 0</column>
<column name="j_0_reg_291">2, 0, 2, 0</column>
<column name="j_1_reg_1033">2, 0, 2, 0</column>
<column name="j_reg_878">2, 0, 2, 0</column>
<column name="kernel_load_reg_1053">8, 0, 8, 0</column>
<column name="or_ln72_2_reg_1003">1, 0, 1, 0</column>
<column name="outcol_reg_998">9, 0, 9, 0</column>
<column name="part_buffer_0_addr_reg_984">9, 0, 9, 0</column>
<column name="result_0_i_reg_336">32, 0, 32, 0</column>
<column name="result_1_i_reg_359">32, 0, 32, 0</column>
<column name="row_0_reg_302">10, 0, 10, 0</column>
<column name="row_reg_896">10, 0, 10, 0</column>
<column name="select_ln49_reg_955">8, 0, 8, 0</column>
<column name="sext_ln40_reg_883">64, 0, 64, 0</column>
<column name="sub_ln16_reg_1015">5, 0, 5, 0</column>
<column name="sub_ln40_reg_870">5, 0, 5, 0</column>
<column name="sub_ln50_reg_906">15, 0, 20, 5</column>
<column name="sub_ln55_reg_969">5, 0, 5, 0</column>
<column name="sub_ln73_reg_926">15, 0, 20, 5</column>
<column name="trunc_ln21_1_reg_1020">8, 0, 8, 0</column>
<column name="window_addr_3_reg_974">4, 0, 4, 0</column>
<column name="window_load_2_reg_1048">8, 0, 8, 0</column>
<column name="zext_ln50_1_reg_949">9, 0, 64, 55</column>
</table>
</item>
</section>
</item>
</section>

<section name = "Interface" level="0">
<item name = "Summary"><table name="" hasTotal="0">
<keys size="6">RTL Ports, Dir, Bits, Protocol, Source Object, C Type</keys>
<column name="ap_clk">in, 1, ap_ctrl_hs, gauss_blur, return value</column>
<column name="ap_rst">in, 1, ap_ctrl_hs, gauss_blur, return value</column>
<column name="ap_start">in, 1, ap_ctrl_hs, gauss_blur, return value</column>
<column name="ap_done">out, 1, ap_ctrl_hs, gauss_blur, return value</column>
<column name="ap_idle">out, 1, ap_ctrl_hs, gauss_blur, return value</column>
<column name="ap_ready">out, 1, ap_ctrl_hs, gauss_blur, return value</column>
<column name="inImage_address0">out, 19, ap_memory, inImage, array</column>
<column name="inImage_ce0">out, 1, ap_memory, inImage, array</column>
<column name="inImage_q0">in, 8, ap_memory, inImage, array</column>
<column name="gauss_kernel_address0">out, 4, ap_memory, gauss_kernel, array</column>
<column name="gauss_kernel_ce0">out, 1, ap_memory, gauss_kernel, array</column>
<column name="gauss_kernel_q0">in, 8, ap_memory, gauss_kernel, array</column>
<column name="outImage_address0">out, 19, ap_memory, outImage, array</column>
<column name="outImage_ce0">out, 1, ap_memory, outImage, array</column>
<column name="outImage_we0">out, 1, ap_memory, outImage, array</column>
<column name="outImage_d0">out, 8, ap_memory, outImage, array</column>
</table>
</item>
</section>
</profile>
