{"sourceFile": [{
      "name": "",
      "directive": [
        {
          "functionName": "gauss_blur",
          "label": "",
          "functionLabel": "",
          "pragma": {
            "name": "INTERFACE",
            "option": [
              {
                "name": "ap_fifo",
                "value": "",
                "positionalBoolean": "mode"
              },
              {
                "name": "port",
                "value": "inImage",
                "positionalBoolean": "4"
              }
            ]
          }
        },
        {
          "functionName": "gauss_blur",
          "label": "",
          "functionLabel": "",
          "pragma": {
            "name": "INTERFACE",
            "option": [
              {
                "name": "ap_fifo",
                "value": "",
                "positionalBoolean": "mode"
              },
              {
                "name": "port",
                "value": "outImage",
                "positionalBoolean": "4"
              }
            ]
          }
        },
        {
          "functionName": "gauss_blur",
          "label": "",
          "functionLabel": "",
          "pragma": {
            "name": "ARRAY_PARTITION",
            "option": [
              {
                "name": "variable",
                "value": "window",
                "positionalBoolean": "4"
              },
              {
                "name": "cyclic",
                "value": "",
                "positionalBoolean": "type"
              },
              {
                "name": "factor",
                "value": "3"
              },
              {
                "name": "dim",
                "value": "1"
              }
            ]
          }
        },
        {
          "functionName": "gauss_blur",
          "label": "",
          "functionLabel": "",
          "pragma": {
            "name": "ARRAY_PARTITION",
            "option": [
              {
                "name": "variable",
                "value": "kernel",
                "positionalBoolean": "4"
              },
              {
                "name": "cyclic",
                "value": "",
                "positionalBoolean": "type"
              },
              {
                "name": "factor",
                "value": "3"
              },
              {
                "name": "dim",
                "value": "1"
              }
            ]
          }
        }
      ]
    }]}
