<annotationInfo>
<item  id="17" filename="./source/course_prj.c" linenumber="44" name="part_buffer_0" contextFuncName="gauss_blur" moduleName="gauss_blur" rtlName="part_buffer_0_U" latency="0" BRAM="-1" DSP="-1" FF="-1" LUT="-1" fileDirectory="/home/sokrat/project/learn/Hybridsystem/KP_01502_10"><\/item>
<item  id="18" filename="./source/course_prj.c" linenumber="44" name="part_buffer_1" contextFuncName="gauss_blur" moduleName="gauss_blur" rtlName="part_buffer_1_U" latency="0" BRAM="-1" DSP="-1" FF="-1" LUT="-1" fileDirectory="/home/sokrat/project/learn/Hybridsystem/KP_01502_10"><\/item>
<item  id="24" filename="./source/course_prj.c" linenumber="38" name="icmp_ln38" contextFuncName="gauss_blur" moduleName="gauss_blur" rtlName="icmp_ln38_fu_367_p2" latency="0" BRAM="-1" DSP="-1" FF="0" LUT="8" fileDirectory="/home/sokrat/project/learn/Hybridsystem/KP_01502_10"><\/item>
<item  id="26" filename="./source/course_prj.c" linenumber="38" name="i" contextFuncName="gauss_blur" moduleName="gauss_blur" rtlName="i_fu_373_p2" latency="0" BRAM="-1" DSP="-1" FF="0" LUT="10" fileDirectory="/home/sokrat/project/learn/Hybridsystem/KP_01502_10"><\/item>
<item  id="29" filename="./source/course_prj.c" linenumber="40" name="zext_ln40" contextFuncName="gauss_blur" moduleName="gauss_blur" rtlName="zext_ln40_fu_379_p1" latency="0" BRAM="-1" DSP="-1" FF="-1" LUT="-1" fileDirectory="/home/sokrat/project/learn/Hybridsystem/KP_01502_10"><\/item>
<item  id="30" filename="./source/course_prj.c" linenumber="40" name="tmp_4" contextFuncName="gauss_blur" moduleName="gauss_blur" rtlName="tmp_4_fu_383_p3" latency="0" BRAM="-1" DSP="-1" FF="-1" LUT="-1" fileDirectory="/home/sokrat/project/learn/Hybridsystem/KP_01502_10"><\/item>
<item  id="31" filename="./source/course_prj.c" linenumber="40" name="zext_ln40_1" contextFuncName="gauss_blur" moduleName="gauss_blur" rtlName="zext_ln40_1_fu_391_p1" latency="0" BRAM="-1" DSP="-1" FF="-1" LUT="-1" fileDirectory="/home/sokrat/project/learn/Hybridsystem/KP_01502_10"><\/item>
<item  id="32" filename="./source/course_prj.c" linenumber="40" name="sub_ln40" contextFuncName="gauss_blur" moduleName="gauss_blur" rtlName="sub_ln40_fu_395_p2" latency="0" BRAM="-1" DSP="-1" FF="0" LUT="15" fileDirectory="/home/sokrat/project/learn/Hybridsystem/KP_01502_10"><\/item>
<item  id="36" filename="./source/course_prj.c" linenumber="39" name="icmp_ln39" contextFuncName="gauss_blur" moduleName="gauss_blur" rtlName="icmp_ln39_fu_401_p2" latency="0" BRAM="-1" DSP="-1" FF="0" LUT="8" fileDirectory="/home/sokrat/project/learn/Hybridsystem/KP_01502_10"><\/item>
<item  id="38" filename="./source/course_prj.c" linenumber="39" name="j" contextFuncName="gauss_blur" moduleName="gauss_blur" rtlName="j_fu_407_p2" latency="0" BRAM="-1" DSP="-1" FF="0" LUT="10" fileDirectory="/home/sokrat/project/learn/Hybridsystem/KP_01502_10"><\/item>
<item  id="41" filename="./source/course_prj.c" linenumber="40" name="zext_ln40_2" contextFuncName="gauss_blur" moduleName="gauss_blur" rtlName="zext_ln40_2_fu_413_p1" latency="0" BRAM="-1" DSP="-1" FF="-1" LUT="-1" fileDirectory="/home/sokrat/project/learn/Hybridsystem/KP_01502_10"><\/item>
<item  id="42" filename="./source/course_prj.c" linenumber="40" name="add_ln40" contextFuncName="gauss_blur" moduleName="gauss_blur" rtlName="add_ln40_fu_417_p2" latency="0" BRAM="-1" DSP="-1" FF="0" LUT="15" fileDirectory="/home/sokrat/project/learn/Hybridsystem/KP_01502_10"><\/item>
<item  id="43" filename="./source/course_prj.c" linenumber="40" name="sext_ln40" contextFuncName="gauss_blur" moduleName="gauss_blur" rtlName="sext_ln40_fu_422_p1" latency="0" BRAM="-1" DSP="-1" FF="-1" LUT="-1" fileDirectory="/home/sokrat/project/learn/Hybridsystem/KP_01502_10"><\/item>
<item  id="97" filename="./source/course_prj.c" linenumber="46" name="zext_ln46" contextFuncName="gauss_blur" moduleName="gauss_blur" rtlName="zext_ln46_fu_472_p1" latency="0" BRAM="-1" DSP="-1" FF="-1" LUT="-1" fileDirectory="/home/sokrat/project/learn/Hybridsystem/KP_01502_10"><\/item>
<item  id="98" filename="./source/course_prj.c" linenumber="46" name="icmp_ln46" contextFuncName="gauss_blur" moduleName="gauss_blur" rtlName="icmp_ln46_fu_476_p2" latency="0" BRAM="-1" DSP="-1" FF="0" LUT="13" fileDirectory="/home/sokrat/project/learn/Hybridsystem/KP_01502_10"><\/item>
<item  id="100" filename="./source/course_prj.c" linenumber="46" name="row" contextFuncName="gauss_blur" moduleName="gauss_blur" rtlName="row_fu_482_p2" latency="0" BRAM="-1" DSP="-1" FF="0" LUT="17" fileDirectory="/home/sokrat/project/learn/Hybridsystem/KP_01502_10"><\/item>
<item  id="105" filename="./source/course_prj.c" linenumber="50" name="icmp_ln50" contextFuncName="gauss_blur" moduleName="gauss_blur" rtlName="icmp_ln50_fu_488_p2" latency="0" BRAM="-1" DSP="-1" FF="0" LUT="13" fileDirectory="/home/sokrat/project/learn/Hybridsystem/KP_01502_10"><\/item>
<item  id="106" filename="./source/course_prj.c" linenumber="68" name="icmp_ln68" contextFuncName="gauss_blur" moduleName="gauss_blur" rtlName="icmp_ln68_fu_494_p2" latency="0" BRAM="-1" DSP="-1" FF="0" LUT="13" fileDirectory="/home/sokrat/project/learn/Hybridsystem/KP_01502_10"><\/item>
<item  id="107" filename="./source/course_prj.c" linenumber="69" name="outrow" contextFuncName="gauss_blur" moduleName="gauss_blur" rtlName="outrow_fu_500_p2" latency="0" BRAM="-1" DSP="-1" FF="0" LUT="18" fileDirectory="/home/sokrat/project/learn/Hybridsystem/KP_01502_10"><\/item>
<item  id="108" filename="./source/course_prj.c" linenumber="73" name="icmp_ln73" contextFuncName="gauss_blur" moduleName="gauss_blur" rtlName="icmp_ln73_fu_506_p2" latency="0" BRAM="-1" DSP="-1" FF="0" LUT="13" fileDirectory="/home/sokrat/project/learn/Hybridsystem/KP_01502_10"><\/item>
<item  id="109" filename="./source/course_prj.c" linenumber="73" name="icmp_ln73_1" contextFuncName="gauss_blur" moduleName="gauss_blur" rtlName="icmp_ln73_1_fu_512_p2" latency="0" BRAM="-1" DSP="-1" FF="0" LUT="13" fileDirectory="/home/sokrat/project/learn/Hybridsystem/KP_01502_10"><\/item>
<item  id="113" filename="./source/course_prj.c" linenumber="47" name="icmp_ln47" contextFuncName="gauss_blur" moduleName="gauss_blur" rtlName="icmp_ln47_fu_518_p2" latency="0" BRAM="-1" DSP="-1" FF="0" LUT="13" fileDirectory="/home/sokrat/project/learn/Hybridsystem/KP_01502_10"><\/item>
<item  id="115" filename="./source/course_prj.c" linenumber="47" name="col" contextFuncName="gauss_blur" moduleName="gauss_blur" rtlName="col_fu_524_p2" latency="0" BRAM="-1" DSP="-1" FF="0" LUT="16" fileDirectory="/home/sokrat/project/learn/Hybridsystem/KP_01502_10"><\/item>
<item  id="120" filename="./source/course_prj.c" linenumber="50" name="icmp_ln50_1" contextFuncName="gauss_blur" moduleName="gauss_blur" rtlName="icmp_ln50_1_fu_530_p2" latency="0" BRAM="-1" DSP="-1" FF="0" LUT="13" fileDirectory="/home/sokrat/project/learn/Hybridsystem/KP_01502_10"><\/item>
<item  id="121" filename="./source/course_prj.c" linenumber="50" name="and_ln50" contextFuncName="gauss_blur" moduleName="gauss_blur" rtlName="and_ln50_fu_536_p2" latency="0" BRAM="-1" DSP="-1" FF="0" LUT="2" fileDirectory="/home/sokrat/project/learn/Hybridsystem/KP_01502_10"><\/item>
<item  id="131" filename="./source/course_prj.c" linenumber="55" name="icmp_ln55" contextFuncName="gauss_blur" moduleName="gauss_blur" rtlName="icmp_ln55_fu_541_p2" latency="0" BRAM="-1" DSP="-1" FF="0" LUT="8" fileDirectory="/home/sokrat/project/learn/Hybridsystem/KP_01502_10"><\/item>
<item  id="133" filename="./source/course_prj.c" linenumber="55" name="i_1" contextFuncName="gauss_blur" moduleName="gauss_blur" rtlName="i_1_fu_547_p2" latency="0" BRAM="-1" DSP="-1" FF="0" LUT="10" fileDirectory="/home/sokrat/project/learn/Hybridsystem/KP_01502_10"><\/item>
<item  id="142" filename="./source/course_prj.c" linenumber="56" name="window_0_0" contextFuncName="gauss_blur" moduleName="gauss_blur" rtlName="gauss_blur_mux_32dEe_U1" latency="0" BRAM="-1" DSP="-1" FF="-1" LUT="-1" fileDirectory="/home/sokrat/project/learn/Hybridsystem/KP_01502_10"><\/item>
<item  id="143" filename="./source/course_prj.c" linenumber="57" name="window_0_1" contextFuncName="gauss_blur" moduleName="gauss_blur" rtlName="gauss_blur_mux_32dEe_U2" latency="0" BRAM="-1" DSP="-1" FF="-1" LUT="-1" fileDirectory="/home/sokrat/project/learn/Hybridsystem/KP_01502_10"><\/item>
<item  id="162" filename="./source/course_prj.c" linenumber="62" name="zext_ln62" contextFuncName="gauss_blur" moduleName="gauss_blur" rtlName="zext_ln62_fu_607_p1" latency="0" BRAM="-1" DSP="-1" FF="-1" LUT="-1" fileDirectory="/home/sokrat/project/learn/Hybridsystem/KP_01502_10"><\/item>
<item  id="174" filename="./source/course_prj.c" linenumber="68" name="icmp_ln68_1" contextFuncName="gauss_blur" moduleName="gauss_blur" rtlName="icmp_ln68_1_fu_628_p2" latency="0" BRAM="-1" DSP="-1" FF="0" LUT="13" fileDirectory="/home/sokrat/project/learn/Hybridsystem/KP_01502_10"><\/item>
<item  id="175" filename="./source/course_prj.c" linenumber="68" name="and_ln68" contextFuncName="gauss_blur" moduleName="gauss_blur" rtlName="and_ln68_fu_634_p2" latency="0" BRAM="-1" DSP="-1" FF="0" LUT="2" fileDirectory="/home/sokrat/project/learn/Hybridsystem/KP_01502_10"><\/item>
<item  id="178" filename="./source/course_prj.c" linenumber="70" name="outcol" contextFuncName="gauss_blur" moduleName="gauss_blur" rtlName="outcol_fu_639_p2" latency="0" BRAM="-1" DSP="-1" FF="0" LUT="16" fileDirectory="/home/sokrat/project/learn/Hybridsystem/KP_01502_10"><\/item>
<item  id="179" filename="./source/course_prj.c" linenumber="73" name="icmp_ln73_2" contextFuncName="gauss_blur" moduleName="gauss_blur" rtlName="icmp_ln73_2_fu_645_p2" latency="0" BRAM="-1" DSP="-1" FF="0" LUT="13" fileDirectory="/home/sokrat/project/learn/Hybridsystem/KP_01502_10"><\/item>
<item  id="180" filename="./source/course_prj.c" linenumber="73" name="icmp_ln73_3" contextFuncName="gauss_blur" moduleName="gauss_blur" rtlName="icmp_ln73_3_fu_651_p2" latency="0" BRAM="-1" DSP="-1" FF="0" LUT="13" fileDirectory="/home/sokrat/project/learn/Hybridsystem/KP_01502_10"><\/item>
<item  id="181" filename="./source/course_prj.c" linenumber="73" name="or_ln73" contextFuncName="gauss_blur" moduleName="gauss_blur" rtlName="or_ln73_fu_657_p2" latency="0" BRAM="-1" DSP="-1" FF="0" LUT="2" fileDirectory="/home/sokrat/project/learn/Hybridsystem/KP_01502_10"><\/item>
<item  id="182" filename="./source/course_prj.c" linenumber="73" name="or_ln73_1" contextFuncName="gauss_blur" moduleName="gauss_blur" rtlName="or_ln73_1_fu_662_p2" latency="0" BRAM="-1" DSP="-1" FF="0" LUT="2" fileDirectory="/home/sokrat/project/learn/Hybridsystem/KP_01502_10"><\/item>
<item  id="183" filename="./source/course_prj.c" linenumber="73" name="or_ln73_2" contextFuncName="gauss_blur" moduleName="gauss_blur" rtlName="or_ln73_2_fu_667_p2" latency="0" BRAM="-1" DSP="-1" FF="0" LUT="2" fileDirectory="/home/sokrat/project/learn/Hybridsystem/KP_01502_10"><\/item>
<item  id="190" filename="./source/course_prj.c" linenumber="14" name="icmp_ln14" contextFuncName="filter" moduleName="gauss_blur" rtlName="icmp_ln14_fu_673_p2" latency="0" BRAM="-1" DSP="-1" FF="0" LUT="8" fileDirectory="/home/sokrat/project/learn/Hybridsystem/KP_01502_10"><\/item>
<item  id="192" filename="./source/course_prj.c" linenumber="14" name="i_2" contextFuncName="filter" moduleName="gauss_blur" rtlName="i_2_fu_679_p2" latency="0" BRAM="-1" DSP="-1" FF="0" LUT="10" fileDirectory="/home/sokrat/project/learn/Hybridsystem/KP_01502_10"><\/item>
<item  id="197" filename="./source/course_prj.c" linenumber="16" name="zext_ln16" contextFuncName="filter" moduleName="gauss_blur" rtlName="zext_ln16_fu_685_p1" latency="0" BRAM="-1" DSP="-1" FF="-1" LUT="-1" fileDirectory="/home/sokrat/project/learn/Hybridsystem/KP_01502_10"><\/item>
<item  id="198" filename="./source/course_prj.c" linenumber="16" name="shl_ln" contextFuncName="filter" moduleName="gauss_blur" rtlName="shl_ln_fu_689_p3" latency="0" BRAM="-1" DSP="-1" FF="-1" LUT="-1" fileDirectory="/home/sokrat/project/learn/Hybridsystem/KP_01502_10"><\/item>
<item  id="199" filename="./source/course_prj.c" linenumber="16" name="sub_ln16" contextFuncName="filter" moduleName="gauss_blur" rtlName="sub_ln16_fu_697_p2" latency="0" BRAM="-1" DSP="-1" FF="0" LUT="13" fileDirectory="/home/sokrat/project/learn/Hybridsystem/KP_01502_10"><\/item>
<item  id="204" filename="./source/course_prj.c" linenumber="15" name="icmp_ln15" contextFuncName="filter" moduleName="gauss_blur" rtlName="icmp_ln15_fu_725_p2" latency="0" BRAM="-1" DSP="-1" FF="0" LUT="8" fileDirectory="/home/sokrat/project/learn/Hybridsystem/KP_01502_10"><\/item>
<item  id="206" filename="./source/course_prj.c" linenumber="15" name="j_1" contextFuncName="filter" moduleName="gauss_blur" rtlName="j_1_fu_731_p2" latency="0" BRAM="-1" DSP="-1" FF="0" LUT="10" fileDirectory="/home/sokrat/project/learn/Hybridsystem/KP_01502_10"><\/item>
<item  id="228" filename="./source/course_prj.c" linenumber="16" name="zext_ln16_1" contextFuncName="filter" moduleName="gauss_blur" rtlName="zext_ln16_1_fu_773_p1" latency="0" BRAM="-1" DSP="-1" FF="-1" LUT="-1" fileDirectory="/home/sokrat/project/learn/Hybridsystem/KP_01502_10"><\/item>
<item  id="229" filename="./source/course_prj.c" linenumber="16" name="add_ln16" contextFuncName="filter" moduleName="gauss_blur" rtlName="add_ln16_fu_777_p2" latency="0" BRAM="-1" DSP="-1" FF="0" LUT="13" fileDirectory="/home/sokrat/project/learn/Hybridsystem/KP_01502_10"><\/item>
<item  id="230" filename="./source/course_prj.c" linenumber="16" name="tmp_2" contextFuncName="filter" moduleName="gauss_blur" rtlName="gauss_blur_mux_94eOg_U3" latency="0" BRAM="-1" DSP="-1" FF="-1" LUT="-1" fileDirectory="/home/sokrat/project/learn/Hybridsystem/KP_01502_10"><\/item>
<item  id="231" filename="./source/course_prj.c" linenumber="16" name="zext_ln16_2" contextFuncName="filter" moduleName="gauss_blur" rtlName="grp_fu_864_p10" latency="0" BRAM="-1" DSP="-1" FF="-1" LUT="-1" fileDirectory="/home/sokrat/project/learn/Hybridsystem/KP_01502_10"><\/item>
<item  id="232" filename="./source/course_prj.c" linenumber="16" name="tmp_3" contextFuncName="filter" moduleName="gauss_blur" rtlName="gauss_blur_mux_94eOg_U4" latency="0" BRAM="-1" DSP="-1" FF="-1" LUT="-1" fileDirectory="/home/sokrat/project/learn/Hybridsystem/KP_01502_10"><\/item>
<item  id="233" filename="./source/course_prj.c" linenumber="16" name="zext_ln16_3" contextFuncName="filter" moduleName="gauss_blur" rtlName="grp_fu_864_p00" latency="0" BRAM="-1" DSP="-1" FF="-1" LUT="-1" fileDirectory="/home/sokrat/project/learn/Hybridsystem/KP_01502_10"><\/item>
<item  id="234" filename="./source/course_prj.c" linenumber="16" name="mul_ln16" contextFuncName="filter" moduleName="gauss_blur" rtlName="gauss_blur_mac_mufYi_U5" latency="2" BRAM="-1" DSP="-1" FF="-1" LUT="-1" fileDirectory="/home/sokrat/project/learn/Hybridsystem/KP_01502_10"><\/item>
<item  id="235" filename="./source/course_prj.c" linenumber="16" name="zext_ln16_4" contextFuncName="filter" moduleName="gauss_blur" rtlName="gauss_blur_mac_mufYi_U5" latency="0" BRAM="-1" DSP="-1" FF="-1" LUT="-1" fileDirectory="/home/sokrat/project/learn/Hybridsystem/KP_01502_10"><\/item>
<item  id="236" filename="./source/course_prj.c" linenumber="16" name="result" contextFuncName="filter" moduleName="gauss_blur" rtlName="gauss_blur_mac_mufYi_U5" latency="0" BRAM="-1" DSP="-1" FF="-1" LUT="-1" fileDirectory="/home/sokrat/project/learn/Hybridsystem/KP_01502_10"><\/item>
<item  id="242" filename="./source/course_prj.c" linenumber="21" name="tmp_5" contextFuncName="filter" moduleName="gauss_blur" rtlName="tmp_5_fu_838_p3" latency="0" BRAM="-1" DSP="-1" FF="-1" LUT="-1" fileDirectory="/home/sokrat/project/learn/Hybridsystem/KP_01502_10"><\/item>
<item  id="243" filename="./source/course_prj.c" linenumber="21" name="sub_ln21" contextFuncName="filter" moduleName="gauss_blur" rtlName="sub_ln21_fu_703_p2" latency="0" BRAM="-1" DSP="-1" FF="0" LUT="39" fileDirectory="/home/sokrat/project/learn/Hybridsystem/KP_01502_10"><\/item>
<item  id="244" filename="./source/course_prj.c" linenumber="21" name="trunc_ln21_1" contextFuncName="filter" moduleName="gauss_blur" rtlName="trunc_ln21_1_fu_709_p4" latency="0" BRAM="-1" DSP="-1" FF="-1" LUT="-1" fileDirectory="/home/sokrat/project/learn/Hybridsystem/KP_01502_10"><\/item>
<item  id="245" filename="./source/course_prj.c" linenumber="21" name="sub_ln21_1" contextFuncName="filter" moduleName="gauss_blur" rtlName="sub_ln21_1_fu_719_p2" latency="0" BRAM="-1" DSP="-1" FF="0" LUT="15" fileDirectory="/home/sokrat/project/learn/Hybridsystem/KP_01502_10"><\/item>
<item  id="246" filename="./source/course_prj.c" linenumber="21" name="trunc_ln21_2" contextFuncName="filter" moduleName="gauss_blur" rtlName="trunc_ln21_2_fu_846_p4" latency="0" BRAM="-1" DSP="-1" FF="-1" LUT="-1" fileDirectory="/home/sokrat/project/learn/Hybridsystem/KP_01502_10"><\/item>
<item  id="247" filename="./source/course_prj.c" linenumber="21" name="select_ln21" contextFuncName="filter" moduleName="gauss_blur" rtlName="select_ln21_fu_856_p3" latency="0" BRAM="-1" DSP="-1" FF="0" LUT="8" fileDirectory="/home/sokrat/project/learn/Hybridsystem/KP_01502_10"><\/item>
</annotationInfo>
