{
  "Top": "foo_b",
  "RtlTop": "foo_b",
  "RtlPrefix": "",
  "SourceLanguage": "c",
  "ResetStyle": "control",
  "GenerateBdFiles": "0",
  "HostMachineBits": "64",
  "Target": {
    "Family": "aartix7",
    "Device": "xa7a12t",
    "Package": "-csg325",
    "Speed": "-1Q"
  },
  "HlsSolution": {
    "DirectiveTcl": [
      "set_directive_pipeline foo_b\/Loop1 ",
      "set_directive_pipeline foo_b\/Loop2 ",
      "set_directive_pipeline foo_b\/Loop3 "
    ],
    "DirectiveInfo": [
      "pipeline foo_b\/Loop1 {} {}",
      "pipeline foo_b\/Loop2 {} {}",
      "pipeline foo_b\/Loop3 {} {}"
    ]
  },
  "Args": {
    "data_in": {
      "index": "0",
      "type": {
        "kinds": ["array"],
        "dataType": "int",
        "dataWidth": "32",
        "arraySizes": ["16384"],
        "multiInterfaceRef": [
          "data_in_address0",
          "data_in_q0"
        ]
      }
    },
    "scale": {
      "index": "1",
      "type": {
        "kinds": ["array"],
        "dataType": "int",
        "dataWidth": "32",
        "arraySizes": ["3"],
        "multiInterfaceRef": [
          "scale_address0",
          "scale_address1",
          "scale_q0",
          "scale_q1"
        ]
      }
    },
    "data_out": {
      "index": "2",
      "type": {
        "kinds": ["array"],
        "dataType": "int",
        "dataWidth": "32",
        "arraySizes": ["16384"],
        "multiInterfaceRef": [
          "data_out_address0",
          "data_out_d0"
        ]
      }
    }
  },
  "Return": {
    
  },
  "ClockInfo": {
    "ClockName": "ap_clk",
    "ClockPeriod": "10",
    "IsCombLogic": "0",
    "II": "x",
    "Latency": "49164",
    "Uncertainty": "0.1"
  },
  "Xdc": {"OocClocks": ["create_clock -name ap_clk -period 10.000 [get_ports ap_clk]"]},
  "Ipx": {
    "Vendor": "xilinx.com",
    "Library": "hls",
    "Name": "foo_b",
    "Version": "1.0",
    "DisplayName": "Foo_b",
    "Revision": "",
    "Description": "An IP generated by Vivado HLS",
    "Taxonomy": "\/VIVADO_HLS_IP",
    "AutoFamilySupport": ""
  },
  "Files": {
    "CSource": [
      "..\/..\/.\/source\/lab4_z4.c",
      "..\/..\/source\/lab4_z4.c"
    ],
    "Vhdl": [
      "impl\/vhdl\/foo_b_temp1.vhd",
      "impl\/vhdl\/foo_b.vhd"
    ],
    "Verilog": [
      "impl\/verilog\/foo_b_temp1.v",
      "impl\/verilog\/foo_b.v"
    ],
    "Misc": ["impl\/misc\/logo.png"],
    "DesignXml": "\/home\/sokrat\/project\/learn\/Hybridsystem\/homework\/hw4+\/lab4_z4\/lab4_z4b_prj\/sol1\/.autopilot\/db\/foo_b.design.xml",
    "DebugDir": "\/home\/sokrat\/project\/learn\/Hybridsystem\/homework\/hw4+\/lab4_z4\/lab4_z4b_prj\/sol1\/.debug",
    "ProtoInst": ["\/home\/sokrat\/project\/learn\/Hybridsystem\/homework\/hw4+\/lab4_z4\/lab4_z4b_prj\/sol1\/.debug\/foo_b.protoinst"]
  },
  "SubcoreInfo": {
    "HasXpmMemory": false,
    "HasClockedDsp": false,
    "IP": []
  },
  "Interfaces": {
    "ap_clk": {
      "type": "clock",
      "ctype": {"CLK": {"Type": "bool"}},
      "bundle_name": "ap_clk",
      "bundle_role": "default",
      "reset": "ap_rst"
    },
    "ap_ctrl": {
      "type": "ap_ctrl",
      "ctrl_ports": "ap_start ap_done ap_idle ap_ready",
      "ctype": {
        "start": {"Type": "bool"},
        "done": {"Type": "bool"},
        "idle": {"Type": "bool"},
        "ready": {"Type": "bool"}
      }
    },
    "ap_rst": {
      "type": "reset",
      "polarity": "ACTIVE_HIGH",
      "ctype": {"RST": {"Type": "bool"}},
      "bundle_name": "ap_rst",
      "bundle_role": "default"
    },
    "data_in_address0": {
      "type": "data",
      "dir": "out",
      "width": "14",
      "ctype": {"DATA": {
          "Type": "null",
          "Width": "14"
        }},
      "bundle_name": "data_in",
      "bundle_role": "address0"
    },
    "data_in_q0": {
      "type": "data",
      "dir": "in",
      "width": "32",
      "ctype": {"DATA": {
          "Type": "integer signed",
          "Width": "32"
        }},
      "bundle_name": "data_in",
      "bundle_role": "q0"
    },
    "data_out_address0": {
      "type": "data",
      "dir": "out",
      "width": "14",
      "ctype": {"DATA": {
          "Type": "null",
          "Width": "14"
        }},
      "bundle_name": "data_out",
      "bundle_role": "address0"
    },
    "data_out_d0": {
      "type": "data",
      "dir": "out",
      "width": "32",
      "ctype": {"DATA": {
          "Type": "integer signed",
          "Width": "32"
        }},
      "bundle_name": "data_out",
      "bundle_role": "d0"
    },
    "scale_address0": {
      "type": "data",
      "dir": "out",
      "width": "2",
      "ctype": {"DATA": {
          "Type": "null",
          "Width": "2"
        }},
      "bundle_name": "scale",
      "bundle_role": "address0"
    },
    "scale_address1": {
      "type": "data",
      "dir": "out",
      "width": "2",
      "ctype": {"DATA": {
          "Type": "null",
          "Width": "2"
        }},
      "bundle_name": "scale",
      "bundle_role": "address1"
    },
    "scale_q0": {
      "type": "data",
      "dir": "in",
      "width": "32",
      "ctype": {"DATA": {
          "Type": "integer signed",
          "Width": "32"
        }},
      "bundle_name": "scale",
      "bundle_role": "q0"
    },
    "scale_q1": {
      "type": "data",
      "dir": "in",
      "width": "32",
      "ctype": {"DATA": {
          "Type": "integer signed",
          "Width": "32"
        }},
      "bundle_name": "scale",
      "bundle_role": "q1"
    }
  },
  "RtlPorts": {
    "ap_clk": {
      "dir": "in",
      "width": "1"
    },
    "ap_rst": {
      "dir": "in",
      "width": "1"
    },
    "ap_start": {
      "dir": "in",
      "width": "1"
    },
    "ap_done": {
      "dir": "out",
      "width": "1"
    },
    "ap_idle": {
      "dir": "out",
      "width": "1"
    },
    "ap_ready": {
      "dir": "out",
      "width": "1"
    },
    "data_in_address0": {
      "dir": "out",
      "width": "14"
    },
    "data_in_ce0": {
      "dir": "out",
      "width": "1"
    },
    "data_in_q0": {
      "dir": "in",
      "width": "32"
    },
    "scale_address0": {
      "dir": "out",
      "width": "2"
    },
    "scale_ce0": {
      "dir": "out",
      "width": "1"
    },
    "scale_q0": {
      "dir": "in",
      "width": "32"
    },
    "scale_address1": {
      "dir": "out",
      "width": "2"
    },
    "scale_ce1": {
      "dir": "out",
      "width": "1"
    },
    "scale_q1": {
      "dir": "in",
      "width": "32"
    },
    "data_out_address0": {
      "dir": "out",
      "width": "14"
    },
    "data_out_ce0": {
      "dir": "out",
      "width": "1"
    },
    "data_out_we0": {
      "dir": "out",
      "width": "1"
    },
    "data_out_d0": {
      "dir": "out",
      "width": "32"
    }
  },
  "ModuleInfo": {
    "Hierarchy": {"ModuleName": "foo_b"},
    "Info": {"foo_b": {
        "FunctionProtocol": "ap_ctrl_hs",
        "isTaskLevelControl": "1",
        "isPipelined": "0",
        "isCombinational": "0",
        "isOneStateSeq": "0"
      }},
    "Metrics": {"foo_b": {
        "Latency": {
          "LatencyBest": "49164",
          "LatencyAvg": "49164",
          "LatencyWorst": "49164",
          "PipelineII": "49165",
          "PipelineDepth": "",
          "PipelineType": "none"
        },
        "Timing": {
          "Target": "10.00",
          "Uncertainty": "0.10",
          "Estimate": "9.216"
        },
        "Loops": [
          {
            "Name": "Loop1",
            "TripCount": "16384",
            "Latency": "16386",
            "PipelineII": "1",
            "PipelineDepth": "4"
          },
          {
            "Name": "Loop2",
            "TripCount": "16384",
            "Latency": "16386",
            "PipelineII": "1",
            "PipelineDepth": "4"
          },
          {
            "Name": "Loop3",
            "TripCount": "16384",
            "Latency": "16384",
            "PipelineII": "1",
            "PipelineDepth": "2"
          }
        ],
        "Area": {
          "BRAM_18K": "96",
          "DSP48E": "9",
          "FF": "592",
          "LUT": "532",
          "URAM": "0"
        }
      }}
  },
  "Sdx": {
    "Target": "none",
    "ProfileOption": "0",
    "ProfileType": "none",
    "XO": "",
    "KernelName": "foo_b",
    "EnableXoSwEmu": "1"
  },
  "GenData": {
    "DataVersion": "0.2",
    "Time": "2021-11-07 14:13:02 MSK",
    "ToolName": "vivado_hls",
    "ToolVersion": "2020.1"
  }
}
