{
  "Top": "find_max",
  "RtlTop": "find_max",
  "RtlPrefix": "",
  "SourceLanguage": "c",
  "ResetStyle": "control",
  "GenerateBdFiles": "0",
  "HostMachineBits": "64",
  "Target": {
    "Family": "aartix7",
    "Device": "xa7a12t",
    "Package": "-csg325",
    "Speed": "-1Q"
  },
  "HlsSolution": {
    
  },
  "Args": {"a_in": {
      "index": "0",
      "type": {
        "kinds": ["array"],
        "dataType": "int",
        "dataWidth": "32",
        "arraySizes": ["128"],
        "multiInterfaceRef": [
          "a_in_address0",
          "a_in_q0"
        ]
      }
    }},
  "Return": {
    "dataType": "int",
    "dataWidth": "32",
    "interfaceRef": "ap_return"
  },
  "ClockInfo": {
    "ClockName": "ap_clk",
    "ClockPeriod": "8",
    "IsCombLogic": "0",
    "II": "x",
    "Latency": "258",
    "Uncertainty": "0.1"
  },
  "Xdc": {"OocClocks": ["create_clock -name ap_clk -period 8.000 [get_ports ap_clk]"]},
  "Ipx": {
    "Vendor": "xilinx.com",
    "Library": "hls",
    "Name": "find_max",
    "Version": "1.0",
    "DisplayName": "Find_max",
    "Revision": "",
    "Description": "An IP generated by Vivado HLS",
    "Taxonomy": "\/VIVADO_HLS_IP",
    "AutoFamilySupport": ""
  },
  "Files": {
    "CSource": ["..\/..\/source\/lab2_1.c"],
    "Vhdl": ["impl\/vhdl\/find_max.vhd"],
    "Verilog": ["impl\/verilog\/find_max.v"],
    "Misc": ["impl\/misc\/logo.png"],
    "DesignXml": "\/home\/sokrat\/project\/learn\/Hybridsystem\/homework\/hw2\/lab2_z1\/lab2_1_prj\/ex_sol1\/.autopilot\/db\/find_max.design.xml",
    "DebugDir": "\/home\/sokrat\/project\/learn\/Hybridsystem\/homework\/hw2\/lab2_z1\/lab2_1_prj\/ex_sol1\/.debug",
    "ProtoInst": ["\/home\/sokrat\/project\/learn\/Hybridsystem\/homework\/hw2\/lab2_z1\/lab2_1_prj\/ex_sol1\/.debug\/find_max.protoinst"]
  },
  "SubcoreInfo": {
    "HasXpmMemory": false,
    "HasClockedDsp": false,
    "IP": []
  },
  "Interfaces": {
    "a_in_address0": {
      "type": "data",
      "dir": "out",
      "width": "7",
      "ctype": {"DATA": {
          "Type": "null",
          "Width": "7"
        }},
      "bundle_name": "a_in",
      "bundle_role": "address0"
    },
    "a_in_q0": {
      "type": "data",
      "dir": "in",
      "width": "32",
      "ctype": {"DATA": {
          "Type": "integer signed",
          "Width": "32"
        }},
      "bundle_name": "a_in",
      "bundle_role": "q0"
    },
    "ap_clk": {
      "type": "clock",
      "ctype": {"CLK": {"Type": "bool"}},
      "bundle_name": "ap_clk",
      "bundle_role": "default",
      "reset": "ap_rst"
    },
    "ap_ctrl": {
      "type": "ap_ctrl",
      "ctrl_ports": "ap_start ap_done ap_idle ap_ready",
      "ctype": {
        "start": {"Type": "bool"},
        "done": {"Type": "bool"},
        "idle": {"Type": "bool"},
        "ready": {"Type": "bool"}
      }
    },
    "ap_return": {
      "type": "data",
      "dir": "out",
      "width": "32",
      "ctype": {"DATA": {
          "Type": "integer signed",
          "Width": "32"
        }},
      "bundle_name": "ap_return",
      "bundle_role": "default"
    },
    "ap_rst": {
      "type": "reset",
      "polarity": "ACTIVE_HIGH",
      "ctype": {"RST": {"Type": "bool"}},
      "bundle_name": "ap_rst",
      "bundle_role": "default"
    }
  },
  "RtlPorts": {
    "ap_clk": {
      "dir": "in",
      "width": "1"
    },
    "ap_rst": {
      "dir": "in",
      "width": "1"
    },
    "ap_start": {
      "dir": "in",
      "width": "1"
    },
    "ap_done": {
      "dir": "out",
      "width": "1"
    },
    "ap_idle": {
      "dir": "out",
      "width": "1"
    },
    "ap_ready": {
      "dir": "out",
      "width": "1"
    },
    "ap_return": {
      "dir": "out",
      "width": "32"
    },
    "a_in_address0": {
      "dir": "out",
      "width": "7"
    },
    "a_in_ce0": {
      "dir": "out",
      "width": "1"
    },
    "a_in_q0": {
      "dir": "in",
      "width": "32"
    }
  },
  "ModuleInfo": {
    "Hierarchy": {"ModuleName": "find_max"},
    "Info": {"find_max": {
        "FunctionProtocol": "ap_ctrl_hs",
        "isTaskLevelControl": "1",
        "isPipelined": "0",
        "isCombinational": "0",
        "isOneStateSeq": "0"
      }},
    "Metrics": {"find_max": {
        "Latency": {
          "LatencyBest": "258",
          "LatencyAvg": "258",
          "LatencyWorst": "258",
          "PipelineII": "259",
          "PipelineDepth": "",
          "PipelineType": "none"
        },
        "Timing": {
          "Target": "8.00",
          "Uncertainty": "0.10",
          "Estimate": "6.491"
        },
        "Loops": [{
            "Name": "Loop 1",
            "TripCount": "128",
            "Latency": "256",
            "PipelineII": "",
            "PipelineDepth": "2"
          }],
        "Area": {
          "FF": "52",
          "LUT": "138",
          "BRAM_18K": "0",
          "DSP48E": "0",
          "URAM": "0"
        }
      }}
  },
  "Sdx": {
    "Target": "none",
    "ProfileOption": "0",
    "ProfileType": "none",
    "XO": "",
    "KernelName": "find_max",
    "EnableXoSwEmu": "1"
  },
  "GenData": {
    "DataVersion": "0.2",
    "Time": "2021-09-29 10:50:55 MSK",
    "ToolName": "vivado_hls",
    "ToolVersion": "2020.1"
  }
}
