<?xml version="1.0" encoding="utf-8"?>
<Messages>
	<Message severity="INFO" prefix="[COSIM 212-47]" key="COSIM_TCL_47_1115" tag="" content="Using XSIM for RTL simulation."/>
	<Message severity="INFO" prefix="[COSIM 212-14]" key="COSIM_TCL_14_1084" tag="" content="Instrumenting C test bench ..."/>
	<Message severity="INFO" prefix="[HLS 200-10]" key="HLS_10_1427" tag="" content="Running &apos;/home/sokrat/tools/Xilinx/Vivado/2020.1/bin/unwrapped/lnx64.o/apcc&apos;"/>
	<Message severity="INFO" prefix="[HLS 200-10]" key="HLS_10_1428" tag="" content="For user &apos;sokrat&apos; on host &apos;Lenovo-V110&apos; (Linux_x86_64 version 5.4.0-59-generic) on Fri Nov 26 15:39:13 MSK 2021"/>
	<Message severity="INFO" prefix="[HLS 200-10]" key="HLS_10_1429" tag="" content="On os Ubuntu 20.04.1 LTS"/>
	<Message severity="INFO" prefix="[HLS 200-10]" key="HLS_10_1430" tag="" content="In directory &apos;/home/sokrat/project/learn/Hybridsystem/homework/hw5/lab5_z3/lab5_z3_prj/solution1/sim/wrapc&apos;"/>
	<Message severity="INFO" prefix="[APCC 202-3]" key="APCC_3_1610" tag="" content="Tmp directory is /tmp/apcc_db_sokrat/969231637930353833870"/>
	<Message severity="INFO" prefix="[APCC 202-1]" key="APCC_1_1611" tag="" content="APCC is done."/>
	<Message severity="INFO" prefix="[HLS 200-10]" key="HLS_10_1427" tag="" content="Running &apos;/home/sokrat/tools/Xilinx/Vivado/2020.1/bin/unwrapped/lnx64.o/apcc&apos;"/>
	<Message severity="INFO" prefix="[HLS 200-10]" key="HLS_10_1428" tag="" content="For user &apos;sokrat&apos; on host &apos;Lenovo-V110&apos; (Linux_x86_64 version 5.4.0-59-generic) on Fri Nov 26 15:39:21 MSK 2021"/>
	<Message severity="INFO" prefix="[HLS 200-10]" key="HLS_10_1429" tag="" content="On os Ubuntu 20.04.1 LTS"/>
	<Message severity="INFO" prefix="[HLS 200-10]" key="HLS_10_1430" tag="" content="In directory &apos;/home/sokrat/project/learn/Hybridsystem/homework/hw5/lab5_z3/lab5_z3_prj/solution1/sim/wrapc&apos;"/>
	<Message severity="INFO" prefix="[APCC 202-3]" key="APCC_3_1610" tag="" content="Tmp directory is /tmp/apcc_db_sokrat/969811637930361467258"/>
	<Message severity="INFO" prefix="[APCC 202-1]" key="APCC_1_1611" tag="" content="APCC is done."/>
	<Message severity="INFO" prefix="[COSIM 212-302]" key="COSIM_TCL_302_1177" tag="" content="Starting C TB testing ..."/>
	<Message severity="ERROR" prefix="[COSIM 212-360]" key="COSIM_TCL_360_1231" tag="" content="Aborting co-simulation: C TB simulation failed."/>
	<Message severity="ERROR" prefix="[COSIM 212-320]" key="COSIM_TCL_320_1192" tag="" content="C TB testing failed, stop generating test vectors. Please check C TB or re-run cosim."/>
	<Message severity="ERROR" prefix="[COSIM 212-5]" key="COSIM_TCL_5_1075" tag="" content="*** C/RTL co-simulation file generation failed. ***"/>
	<Message severity="ERROR" prefix="[COSIM 212-4]" key="COSIM_TCL_4_1074" tag="" content="*** C/RTL co-simulation finished: FAIL ***"/>
</Messages>
