<annotationInfo>
<item  id="18" filename="./source/lab5_z3.c" linenumber="5" name="icmp_ln5" contextFuncName="lab5_z3" moduleName="lab5_z3" rtlName="icmp_ln5_fu_373_p2" latency="0" BRAM="-1" DSP="-1" FF="0" LUT="18" fileDirectory="/home/sokrat/project/learn/Hybridsystem/homework/hw5/lab5_z3"><\/item>
<item  id="24" filename="./source/lab5_z3.c" linenumber="6" name="lshr_ln6" contextFuncName="lab5_z3" moduleName="lab5_z3" rtlName="lshr_ln6_fu_379_p4" latency="0" BRAM="-1" DSP="-1" FF="-1" LUT="-1" fileDirectory="/home/sokrat/project/learn/Hybridsystem/homework/hw5/lab5_z3"><\/item>
<item  id="25" filename="./source/lab5_z3.c" linenumber="6" name="zext_ln6" contextFuncName="lab5_z3" moduleName="lab5_z3" rtlName="zext_ln6_fu_389_p1" latency="0" BRAM="-1" DSP="-1" FF="-1" LUT="-1" fileDirectory="/home/sokrat/project/learn/Hybridsystem/homework/hw5/lab5_z3"><\/item>
<item  id="28" filename="./source/lab5_z3.c" linenumber="6" name="trunc_ln6" contextFuncName="lab5_z3" moduleName="lab5_z3" rtlName="trunc_ln6_fu_401_p1" latency="0" BRAM="-1" DSP="-1" FF="-1" LUT="-1" fileDirectory="/home/sokrat/project/learn/Hybridsystem/homework/hw5/lab5_z3"><\/item>
<item  id="31" filename="./source/lab5_z3.c" linenumber="6" name="trunc_ln6_1" contextFuncName="lab5_z3" moduleName="lab5_z3" rtlName="trunc_ln6_1_fu_405_p1" latency="0" BRAM="-1" DSP="-1" FF="-1" LUT="-1" fileDirectory="/home/sokrat/project/learn/Hybridsystem/homework/hw5/lab5_z3"><\/item>
<item  id="32" filename="./source/lab5_z3.c" linenumber="6" name="add_ln6" contextFuncName="lab5_z3" moduleName="lab5_z3" rtlName="add_ln6_fu_409_p2" latency="0" BRAM="-1" DSP="-1" FF="0" LUT="39" fileDirectory="/home/sokrat/project/learn/Hybridsystem/homework/hw5/lab5_z3"><\/item>
<item  id="34" filename="./source/lab5_z3.c" linenumber="7" name="sub_ln7" contextFuncName="lab5_z3" moduleName="lab5_z3" rtlName="sub_ln7_fu_415_p2" latency="0" BRAM="-1" DSP="-1" FF="0" LUT="39" fileDirectory="/home/sokrat/project/learn/Hybridsystem/homework/hw5/lab5_z3"><\/item>
<item  id="37" filename="./source/lab5_z3.c" linenumber="6" name="tmp_5" contextFuncName="lab5_z3" moduleName="lab5_z3" rtlName="tmp_5_fu_421_p4" latency="0" BRAM="-1" DSP="-1" FF="-1" LUT="-1" fileDirectory="/home/sokrat/project/learn/Hybridsystem/homework/hw5/lab5_z3"><\/item>
<item  id="38" filename="./source/lab5_z3.c" linenumber="6" name="tmp_6" contextFuncName="lab5_z3" moduleName="lab5_z3" rtlName="tmp_6_fu_431_p4" latency="0" BRAM="-1" DSP="-1" FF="-1" LUT="-1" fileDirectory="/home/sokrat/project/learn/Hybridsystem/homework/hw5/lab5_z3"><\/item>
<item  id="39" filename="./source/lab5_z3.c" linenumber="6" name="add_ln6_1" contextFuncName="lab5_z3" moduleName="lab5_z3" rtlName="add_ln6_1_fu_441_p2" latency="0" BRAM="-1" DSP="-1" FF="0" LUT="39" fileDirectory="/home/sokrat/project/learn/Hybridsystem/homework/hw5/lab5_z3"><\/item>
<item  id="40" filename="./source/lab5_z3.c" linenumber="7" name="sub_ln7_1" contextFuncName="lab5_z3" moduleName="lab5_z3" rtlName="sub_ln7_1_fu_447_p2" latency="0" BRAM="-1" DSP="-1" FF="0" LUT="39" fileDirectory="/home/sokrat/project/learn/Hybridsystem/homework/hw5/lab5_z3"><\/item>
<item  id="41" filename="./source/lab5_z3.c" linenumber="6" name="tmp_9" contextFuncName="lab5_z3" moduleName="lab5_z3" rtlName="tmp_9_fu_453_p4" latency="0" BRAM="-1" DSP="-1" FF="-1" LUT="-1" fileDirectory="/home/sokrat/project/learn/Hybridsystem/homework/hw5/lab5_z3"><\/item>
<item  id="42" filename="./source/lab5_z3.c" linenumber="6" name="tmp_s" contextFuncName="lab5_z3" moduleName="lab5_z3" rtlName="tmp_s_fu_463_p4" latency="0" BRAM="-1" DSP="-1" FF="-1" LUT="-1" fileDirectory="/home/sokrat/project/learn/Hybridsystem/homework/hw5/lab5_z3"><\/item>
<item  id="43" filename="./source/lab5_z3.c" linenumber="6" name="add_ln6_2" contextFuncName="lab5_z3" moduleName="lab5_z3" rtlName="add_ln6_2_fu_473_p2" latency="0" BRAM="-1" DSP="-1" FF="0" LUT="39" fileDirectory="/home/sokrat/project/learn/Hybridsystem/homework/hw5/lab5_z3"><\/item>
<item  id="44" filename="./source/lab5_z3.c" linenumber="7" name="sub_ln7_2" contextFuncName="lab5_z3" moduleName="lab5_z3" rtlName="sub_ln7_2_fu_479_p2" latency="0" BRAM="-1" DSP="-1" FF="0" LUT="39" fileDirectory="/home/sokrat/project/learn/Hybridsystem/homework/hw5/lab5_z3"><\/item>
<item  id="45" filename="./source/lab5_z3.c" linenumber="6" name="tmp_3" contextFuncName="lab5_z3" moduleName="lab5_z3" rtlName="tmp_3_fu_485_p4" latency="0" BRAM="-1" DSP="-1" FF="-1" LUT="-1" fileDirectory="/home/sokrat/project/learn/Hybridsystem/homework/hw5/lab5_z3"><\/item>
<item  id="46" filename="./source/lab5_z3.c" linenumber="6" name="tmp_4" contextFuncName="lab5_z3" moduleName="lab5_z3" rtlName="tmp_4_fu_495_p4" latency="0" BRAM="-1" DSP="-1" FF="-1" LUT="-1" fileDirectory="/home/sokrat/project/learn/Hybridsystem/homework/hw5/lab5_z3"><\/item>
<item  id="47" filename="./source/lab5_z3.c" linenumber="6" name="add_ln6_3" contextFuncName="lab5_z3" moduleName="lab5_z3" rtlName="add_ln6_3_fu_505_p2" latency="0" BRAM="-1" DSP="-1" FF="0" LUT="39" fileDirectory="/home/sokrat/project/learn/Hybridsystem/homework/hw5/lab5_z3"><\/item>
<item  id="48" filename="./source/lab5_z3.c" linenumber="7" name="sub_ln7_3" contextFuncName="lab5_z3" moduleName="lab5_z3" rtlName="sub_ln7_3_fu_511_p2" latency="0" BRAM="-1" DSP="-1" FF="0" LUT="39" fileDirectory="/home/sokrat/project/learn/Hybridsystem/homework/hw5/lab5_z3"><\/item>
<item  id="49" filename="./source/lab5_z3.c" linenumber="6" name="tmp_7" contextFuncName="lab5_z3" moduleName="lab5_z3" rtlName="tmp_7_fu_517_p4" latency="0" BRAM="-1" DSP="-1" FF="-1" LUT="-1" fileDirectory="/home/sokrat/project/learn/Hybridsystem/homework/hw5/lab5_z3"><\/item>
<item  id="50" filename="./source/lab5_z3.c" linenumber="6" name="tmp_8" contextFuncName="lab5_z3" moduleName="lab5_z3" rtlName="tmp_8_fu_527_p4" latency="0" BRAM="-1" DSP="-1" FF="-1" LUT="-1" fileDirectory="/home/sokrat/project/learn/Hybridsystem/homework/hw5/lab5_z3"><\/item>
<item  id="51" filename="./source/lab5_z3.c" linenumber="6" name="add_ln6_4" contextFuncName="lab5_z3" moduleName="lab5_z3" rtlName="add_ln6_4_fu_537_p2" latency="0" BRAM="-1" DSP="-1" FF="0" LUT="39" fileDirectory="/home/sokrat/project/learn/Hybridsystem/homework/hw5/lab5_z3"><\/item>
<item  id="52" filename="./source/lab5_z3.c" linenumber="7" name="sub_ln7_4" contextFuncName="lab5_z3" moduleName="lab5_z3" rtlName="sub_ln7_4_fu_543_p2" latency="0" BRAM="-1" DSP="-1" FF="0" LUT="39" fileDirectory="/home/sokrat/project/learn/Hybridsystem/homework/hw5/lab5_z3"><\/item>
<item  id="53" filename="./source/lab5_z3.c" linenumber="6" name="tmp_1" contextFuncName="lab5_z3" moduleName="lab5_z3" rtlName="tmp_1_fu_549_p4" latency="0" BRAM="-1" DSP="-1" FF="-1" LUT="-1" fileDirectory="/home/sokrat/project/learn/Hybridsystem/homework/hw5/lab5_z3"><\/item>
<item  id="54" filename="./source/lab5_z3.c" linenumber="6" name="tmp_2" contextFuncName="lab5_z3" moduleName="lab5_z3" rtlName="tmp_2_fu_559_p4" latency="0" BRAM="-1" DSP="-1" FF="-1" LUT="-1" fileDirectory="/home/sokrat/project/learn/Hybridsystem/homework/hw5/lab5_z3"><\/item>
<item  id="55" filename="./source/lab5_z3.c" linenumber="6" name="add_ln6_5" contextFuncName="lab5_z3" moduleName="lab5_z3" rtlName="add_ln6_5_fu_569_p2" latency="0" BRAM="-1" DSP="-1" FF="0" LUT="39" fileDirectory="/home/sokrat/project/learn/Hybridsystem/homework/hw5/lab5_z3"><\/item>
<item  id="56" filename="./source/lab5_z3.c" linenumber="7" name="sub_ln7_5" contextFuncName="lab5_z3" moduleName="lab5_z3" rtlName="sub_ln7_5_fu_575_p2" latency="0" BRAM="-1" DSP="-1" FF="0" LUT="39" fileDirectory="/home/sokrat/project/learn/Hybridsystem/homework/hw5/lab5_z3"><\/item>
<item  id="57" filename="./source/lab5_z3.c" linenumber="6" name="tmp_10" contextFuncName="lab5_z3" moduleName="lab5_z3" rtlName="tmp_10_fu_581_p4" latency="0" BRAM="-1" DSP="-1" FF="-1" LUT="-1" fileDirectory="/home/sokrat/project/learn/Hybridsystem/homework/hw5/lab5_z3"><\/item>
<item  id="58" filename="./source/lab5_z3.c" linenumber="6" name="tmp_11" contextFuncName="lab5_z3" moduleName="lab5_z3" rtlName="tmp_11_fu_591_p4" latency="0" BRAM="-1" DSP="-1" FF="-1" LUT="-1" fileDirectory="/home/sokrat/project/learn/Hybridsystem/homework/hw5/lab5_z3"><\/item>
<item  id="59" filename="./source/lab5_z3.c" linenumber="6" name="add_ln6_6" contextFuncName="lab5_z3" moduleName="lab5_z3" rtlName="add_ln6_6_fu_601_p2" latency="0" BRAM="-1" DSP="-1" FF="0" LUT="39" fileDirectory="/home/sokrat/project/learn/Hybridsystem/homework/hw5/lab5_z3"><\/item>
<item  id="60" filename="./source/lab5_z3.c" linenumber="7" name="sub_ln7_6" contextFuncName="lab5_z3" moduleName="lab5_z3" rtlName="sub_ln7_6_fu_607_p2" latency="0" BRAM="-1" DSP="-1" FF="0" LUT="39" fileDirectory="/home/sokrat/project/learn/Hybridsystem/homework/hw5/lab5_z3"><\/item>
<item  id="61" filename="./source/lab5_z3.c" linenumber="6" name="tmp_12" contextFuncName="lab5_z3" moduleName="lab5_z3" rtlName="tmp_12_fu_613_p4" latency="0" BRAM="-1" DSP="-1" FF="-1" LUT="-1" fileDirectory="/home/sokrat/project/learn/Hybridsystem/homework/hw5/lab5_z3"><\/item>
<item  id="62" filename="./source/lab5_z3.c" linenumber="6" name="tmp_13" contextFuncName="lab5_z3" moduleName="lab5_z3" rtlName="tmp_13_fu_623_p4" latency="0" BRAM="-1" DSP="-1" FF="-1" LUT="-1" fileDirectory="/home/sokrat/project/learn/Hybridsystem/homework/hw5/lab5_z3"><\/item>
<item  id="63" filename="./source/lab5_z3.c" linenumber="6" name="add_ln6_7" contextFuncName="lab5_z3" moduleName="lab5_z3" rtlName="add_ln6_7_fu_633_p2" latency="0" BRAM="-1" DSP="-1" FF="0" LUT="39" fileDirectory="/home/sokrat/project/learn/Hybridsystem/homework/hw5/lab5_z3"><\/item>
<item  id="64" filename="./source/lab5_z3.c" linenumber="7" name="sub_ln7_7" contextFuncName="lab5_z3" moduleName="lab5_z3" rtlName="sub_ln7_7_fu_639_p2" latency="0" BRAM="-1" DSP="-1" FF="0" LUT="39" fileDirectory="/home/sokrat/project/learn/Hybridsystem/homework/hw5/lab5_z3"><\/item>
<item  id="65" filename="./source/lab5_z3.c" linenumber="6" name="tmp_14" contextFuncName="lab5_z3" moduleName="lab5_z3" rtlName="tmp_14_fu_645_p4" latency="0" BRAM="-1" DSP="-1" FF="-1" LUT="-1" fileDirectory="/home/sokrat/project/learn/Hybridsystem/homework/hw5/lab5_z3"><\/item>
<item  id="66" filename="./source/lab5_z3.c" linenumber="6" name="tmp_15" contextFuncName="lab5_z3" moduleName="lab5_z3" rtlName="tmp_15_fu_655_p4" latency="0" BRAM="-1" DSP="-1" FF="-1" LUT="-1" fileDirectory="/home/sokrat/project/learn/Hybridsystem/homework/hw5/lab5_z3"><\/item>
<item  id="67" filename="./source/lab5_z3.c" linenumber="6" name="add_ln6_8" contextFuncName="lab5_z3" moduleName="lab5_z3" rtlName="add_ln6_8_fu_665_p2" latency="0" BRAM="-1" DSP="-1" FF="0" LUT="39" fileDirectory="/home/sokrat/project/learn/Hybridsystem/homework/hw5/lab5_z3"><\/item>
<item  id="68" filename="./source/lab5_z3.c" linenumber="7" name="sub_ln7_8" contextFuncName="lab5_z3" moduleName="lab5_z3" rtlName="sub_ln7_8_fu_671_p2" latency="0" BRAM="-1" DSP="-1" FF="0" LUT="39" fileDirectory="/home/sokrat/project/learn/Hybridsystem/homework/hw5/lab5_z3"><\/item>
<item  id="69" filename="./source/lab5_z3.c" linenumber="6" name="tmp_16" contextFuncName="lab5_z3" moduleName="lab5_z3" rtlName="tmp_16_fu_677_p4" latency="0" BRAM="-1" DSP="-1" FF="-1" LUT="-1" fileDirectory="/home/sokrat/project/learn/Hybridsystem/homework/hw5/lab5_z3"><\/item>
<item  id="70" filename="./source/lab5_z3.c" linenumber="6" name="tmp_17" contextFuncName="lab5_z3" moduleName="lab5_z3" rtlName="tmp_17_fu_687_p4" latency="0" BRAM="-1" DSP="-1" FF="-1" LUT="-1" fileDirectory="/home/sokrat/project/learn/Hybridsystem/homework/hw5/lab5_z3"><\/item>
<item  id="71" filename="./source/lab5_z3.c" linenumber="6" name="add_ln6_9" contextFuncName="lab5_z3" moduleName="lab5_z3" rtlName="add_ln6_9_fu_697_p2" latency="0" BRAM="-1" DSP="-1" FF="0" LUT="39" fileDirectory="/home/sokrat/project/learn/Hybridsystem/homework/hw5/lab5_z3"><\/item>
<item  id="72" filename="./source/lab5_z3.c" linenumber="7" name="sub_ln7_9" contextFuncName="lab5_z3" moduleName="lab5_z3" rtlName="sub_ln7_9_fu_703_p2" latency="0" BRAM="-1" DSP="-1" FF="0" LUT="39" fileDirectory="/home/sokrat/project/learn/Hybridsystem/homework/hw5/lab5_z3"><\/item>
<item  id="73" filename="./source/lab5_z3.c" linenumber="6" name="tmp_18" contextFuncName="lab5_z3" moduleName="lab5_z3" rtlName="tmp_18_fu_709_p4" latency="0" BRAM="-1" DSP="-1" FF="-1" LUT="-1" fileDirectory="/home/sokrat/project/learn/Hybridsystem/homework/hw5/lab5_z3"><\/item>
<item  id="74" filename="./source/lab5_z3.c" linenumber="6" name="tmp_19" contextFuncName="lab5_z3" moduleName="lab5_z3" rtlName="tmp_19_fu_719_p4" latency="0" BRAM="-1" DSP="-1" FF="-1" LUT="-1" fileDirectory="/home/sokrat/project/learn/Hybridsystem/homework/hw5/lab5_z3"><\/item>
<item  id="75" filename="./source/lab5_z3.c" linenumber="6" name="add_ln6_10" contextFuncName="lab5_z3" moduleName="lab5_z3" rtlName="add_ln6_10_fu_729_p2" latency="0" BRAM="-1" DSP="-1" FF="0" LUT="39" fileDirectory="/home/sokrat/project/learn/Hybridsystem/homework/hw5/lab5_z3"><\/item>
<item  id="76" filename="./source/lab5_z3.c" linenumber="7" name="sub_ln7_10" contextFuncName="lab5_z3" moduleName="lab5_z3" rtlName="sub_ln7_10_fu_735_p2" latency="0" BRAM="-1" DSP="-1" FF="0" LUT="39" fileDirectory="/home/sokrat/project/learn/Hybridsystem/homework/hw5/lab5_z3"><\/item>
<item  id="77" filename="./source/lab5_z3.c" linenumber="6" name="tmp_20" contextFuncName="lab5_z3" moduleName="lab5_z3" rtlName="tmp_20_fu_741_p4" latency="0" BRAM="-1" DSP="-1" FF="-1" LUT="-1" fileDirectory="/home/sokrat/project/learn/Hybridsystem/homework/hw5/lab5_z3"><\/item>
<item  id="78" filename="./source/lab5_z3.c" linenumber="6" name="tmp_21" contextFuncName="lab5_z3" moduleName="lab5_z3" rtlName="tmp_21_fu_751_p4" latency="0" BRAM="-1" DSP="-1" FF="-1" LUT="-1" fileDirectory="/home/sokrat/project/learn/Hybridsystem/homework/hw5/lab5_z3"><\/item>
<item  id="79" filename="./source/lab5_z3.c" linenumber="6" name="add_ln6_11" contextFuncName="lab5_z3" moduleName="lab5_z3" rtlName="add_ln6_11_fu_761_p2" latency="0" BRAM="-1" DSP="-1" FF="0" LUT="39" fileDirectory="/home/sokrat/project/learn/Hybridsystem/homework/hw5/lab5_z3"><\/item>
<item  id="80" filename="./source/lab5_z3.c" linenumber="7" name="sub_ln7_11" contextFuncName="lab5_z3" moduleName="lab5_z3" rtlName="sub_ln7_11_fu_767_p2" latency="0" BRAM="-1" DSP="-1" FF="0" LUT="39" fileDirectory="/home/sokrat/project/learn/Hybridsystem/homework/hw5/lab5_z3"><\/item>
<item  id="81" filename="./source/lab5_z3.c" linenumber="6" name="tmp_22" contextFuncName="lab5_z3" moduleName="lab5_z3" rtlName="tmp_22_fu_773_p4" latency="0" BRAM="-1" DSP="-1" FF="-1" LUT="-1" fileDirectory="/home/sokrat/project/learn/Hybridsystem/homework/hw5/lab5_z3"><\/item>
<item  id="82" filename="./source/lab5_z3.c" linenumber="6" name="tmp_23" contextFuncName="lab5_z3" moduleName="lab5_z3" rtlName="tmp_23_fu_783_p4" latency="0" BRAM="-1" DSP="-1" FF="-1" LUT="-1" fileDirectory="/home/sokrat/project/learn/Hybridsystem/homework/hw5/lab5_z3"><\/item>
<item  id="83" filename="./source/lab5_z3.c" linenumber="6" name="add_ln6_12" contextFuncName="lab5_z3" moduleName="lab5_z3" rtlName="add_ln6_12_fu_793_p2" latency="0" BRAM="-1" DSP="-1" FF="0" LUT="39" fileDirectory="/home/sokrat/project/learn/Hybridsystem/homework/hw5/lab5_z3"><\/item>
<item  id="84" filename="./source/lab5_z3.c" linenumber="7" name="sub_ln7_12" contextFuncName="lab5_z3" moduleName="lab5_z3" rtlName="sub_ln7_12_fu_799_p2" latency="0" BRAM="-1" DSP="-1" FF="0" LUT="39" fileDirectory="/home/sokrat/project/learn/Hybridsystem/homework/hw5/lab5_z3"><\/item>
<item  id="85" filename="./source/lab5_z3.c" linenumber="6" name="tmp_24" contextFuncName="lab5_z3" moduleName="lab5_z3" rtlName="tmp_24_fu_805_p4" latency="0" BRAM="-1" DSP="-1" FF="-1" LUT="-1" fileDirectory="/home/sokrat/project/learn/Hybridsystem/homework/hw5/lab5_z3"><\/item>
<item  id="86" filename="./source/lab5_z3.c" linenumber="6" name="tmp_25" contextFuncName="lab5_z3" moduleName="lab5_z3" rtlName="tmp_25_fu_815_p4" latency="0" BRAM="-1" DSP="-1" FF="-1" LUT="-1" fileDirectory="/home/sokrat/project/learn/Hybridsystem/homework/hw5/lab5_z3"><\/item>
<item  id="87" filename="./source/lab5_z3.c" linenumber="6" name="add_ln6_13" contextFuncName="lab5_z3" moduleName="lab5_z3" rtlName="add_ln6_13_fu_825_p2" latency="0" BRAM="-1" DSP="-1" FF="0" LUT="39" fileDirectory="/home/sokrat/project/learn/Hybridsystem/homework/hw5/lab5_z3"><\/item>
<item  id="88" filename="./source/lab5_z3.c" linenumber="7" name="sub_ln7_13" contextFuncName="lab5_z3" moduleName="lab5_z3" rtlName="sub_ln7_13_fu_831_p2" latency="0" BRAM="-1" DSP="-1" FF="0" LUT="39" fileDirectory="/home/sokrat/project/learn/Hybridsystem/homework/hw5/lab5_z3"><\/item>
<item  id="89" filename="./source/lab5_z3.c" linenumber="6" name="tmp_26" contextFuncName="lab5_z3" moduleName="lab5_z3" rtlName="tmp_26_fu_837_p4" latency="0" BRAM="-1" DSP="-1" FF="-1" LUT="-1" fileDirectory="/home/sokrat/project/learn/Hybridsystem/homework/hw5/lab5_z3"><\/item>
<item  id="90" filename="./source/lab5_z3.c" linenumber="6" name="tmp_27" contextFuncName="lab5_z3" moduleName="lab5_z3" rtlName="tmp_27_fu_847_p4" latency="0" BRAM="-1" DSP="-1" FF="-1" LUT="-1" fileDirectory="/home/sokrat/project/learn/Hybridsystem/homework/hw5/lab5_z3"><\/item>
<item  id="91" filename="./source/lab5_z3.c" linenumber="6" name="add_ln6_14" contextFuncName="lab5_z3" moduleName="lab5_z3" rtlName="add_ln6_14_fu_857_p2" latency="0" BRAM="-1" DSP="-1" FF="0" LUT="39" fileDirectory="/home/sokrat/project/learn/Hybridsystem/homework/hw5/lab5_z3"><\/item>
<item  id="92" filename="./source/lab5_z3.c" linenumber="7" name="sub_ln7_14" contextFuncName="lab5_z3" moduleName="lab5_z3" rtlName="sub_ln7_14_fu_863_p2" latency="0" BRAM="-1" DSP="-1" FF="0" LUT="39" fileDirectory="/home/sokrat/project/learn/Hybridsystem/homework/hw5/lab5_z3"><\/item>
<item  id="93" filename="./source/lab5_z3.c" linenumber="6" name="tmp_28" contextFuncName="lab5_z3" moduleName="lab5_z3" rtlName="tmp_28_fu_869_p4" latency="0" BRAM="-1" DSP="-1" FF="-1" LUT="-1" fileDirectory="/home/sokrat/project/learn/Hybridsystem/homework/hw5/lab5_z3"><\/item>
<item  id="94" filename="./source/lab5_z3.c" linenumber="6" name="tmp_29" contextFuncName="lab5_z3" moduleName="lab5_z3" rtlName="tmp_29_fu_879_p4" latency="0" BRAM="-1" DSP="-1" FF="-1" LUT="-1" fileDirectory="/home/sokrat/project/learn/Hybridsystem/homework/hw5/lab5_z3"><\/item>
<item  id="95" filename="./source/lab5_z3.c" linenumber="6" name="add_ln6_15" contextFuncName="lab5_z3" moduleName="lab5_z3" rtlName="add_ln6_15_fu_889_p2" latency="0" BRAM="-1" DSP="-1" FF="0" LUT="39" fileDirectory="/home/sokrat/project/learn/Hybridsystem/homework/hw5/lab5_z3"><\/item>
<item  id="96" filename="./source/lab5_z3.c" linenumber="7" name="sub_ln7_15" contextFuncName="lab5_z3" moduleName="lab5_z3" rtlName="sub_ln7_15_fu_895_p2" latency="0" BRAM="-1" DSP="-1" FF="0" LUT="39" fileDirectory="/home/sokrat/project/learn/Hybridsystem/homework/hw5/lab5_z3"><\/item>
<item  id="97" filename="./source/lab5_z3.c" linenumber="6" name="tmp_30" contextFuncName="lab5_z3" moduleName="lab5_z3" rtlName="tmp_30_fu_901_p4" latency="0" BRAM="-1" DSP="-1" FF="-1" LUT="-1" fileDirectory="/home/sokrat/project/learn/Hybridsystem/homework/hw5/lab5_z3"><\/item>
<item  id="98" filename="./source/lab5_z3.c" linenumber="6" name="tmp_31" contextFuncName="lab5_z3" moduleName="lab5_z3" rtlName="tmp_31_fu_911_p4" latency="0" BRAM="-1" DSP="-1" FF="-1" LUT="-1" fileDirectory="/home/sokrat/project/learn/Hybridsystem/homework/hw5/lab5_z3"><\/item>
<item  id="99" filename="./source/lab5_z3.c" linenumber="6" name="add_ln6_16" contextFuncName="lab5_z3" moduleName="lab5_z3" rtlName="add_ln6_16_fu_921_p2" latency="0" BRAM="-1" DSP="-1" FF="0" LUT="39" fileDirectory="/home/sokrat/project/learn/Hybridsystem/homework/hw5/lab5_z3"><\/item>
<item  id="100" filename="./source/lab5_z3.c" linenumber="7" name="sub_ln7_16" contextFuncName="lab5_z3" moduleName="lab5_z3" rtlName="sub_ln7_16_fu_927_p2" latency="0" BRAM="-1" DSP="-1" FF="0" LUT="39" fileDirectory="/home/sokrat/project/learn/Hybridsystem/homework/hw5/lab5_z3"><\/item>
<item  id="101" filename="./source/lab5_z3.c" linenumber="6" name="tmp_32" contextFuncName="lab5_z3" moduleName="lab5_z3" rtlName="tmp_32_fu_933_p4" latency="0" BRAM="-1" DSP="-1" FF="-1" LUT="-1" fileDirectory="/home/sokrat/project/learn/Hybridsystem/homework/hw5/lab5_z3"><\/item>
<item  id="102" filename="./source/lab5_z3.c" linenumber="6" name="tmp_33" contextFuncName="lab5_z3" moduleName="lab5_z3" rtlName="tmp_33_fu_943_p4" latency="0" BRAM="-1" DSP="-1" FF="-1" LUT="-1" fileDirectory="/home/sokrat/project/learn/Hybridsystem/homework/hw5/lab5_z3"><\/item>
<item  id="103" filename="./source/lab5_z3.c" linenumber="6" name="add_ln6_17" contextFuncName="lab5_z3" moduleName="lab5_z3" rtlName="add_ln6_17_fu_953_p2" latency="0" BRAM="-1" DSP="-1" FF="0" LUT="39" fileDirectory="/home/sokrat/project/learn/Hybridsystem/homework/hw5/lab5_z3"><\/item>
<item  id="104" filename="./source/lab5_z3.c" linenumber="7" name="sub_ln7_17" contextFuncName="lab5_z3" moduleName="lab5_z3" rtlName="sub_ln7_17_fu_959_p2" latency="0" BRAM="-1" DSP="-1" FF="0" LUT="39" fileDirectory="/home/sokrat/project/learn/Hybridsystem/homework/hw5/lab5_z3"><\/item>
<item  id="105" filename="./source/lab5_z3.c" linenumber="6" name="tmp_34" contextFuncName="lab5_z3" moduleName="lab5_z3" rtlName="tmp_34_fu_965_p4" latency="0" BRAM="-1" DSP="-1" FF="-1" LUT="-1" fileDirectory="/home/sokrat/project/learn/Hybridsystem/homework/hw5/lab5_z3"><\/item>
<item  id="106" filename="./source/lab5_z3.c" linenumber="6" name="tmp_35" contextFuncName="lab5_z3" moduleName="lab5_z3" rtlName="tmp_35_fu_975_p4" latency="0" BRAM="-1" DSP="-1" FF="-1" LUT="-1" fileDirectory="/home/sokrat/project/learn/Hybridsystem/homework/hw5/lab5_z3"><\/item>
<item  id="107" filename="./source/lab5_z3.c" linenumber="6" name="add_ln6_18" contextFuncName="lab5_z3" moduleName="lab5_z3" rtlName="add_ln6_18_fu_985_p2" latency="0" BRAM="-1" DSP="-1" FF="0" LUT="39" fileDirectory="/home/sokrat/project/learn/Hybridsystem/homework/hw5/lab5_z3"><\/item>
<item  id="108" filename="./source/lab5_z3.c" linenumber="7" name="sub_ln7_18" contextFuncName="lab5_z3" moduleName="lab5_z3" rtlName="sub_ln7_18_fu_991_p2" latency="0" BRAM="-1" DSP="-1" FF="0" LUT="39" fileDirectory="/home/sokrat/project/learn/Hybridsystem/homework/hw5/lab5_z3"><\/item>
<item  id="109" filename="./source/lab5_z3.c" linenumber="6" name="tmp_36" contextFuncName="lab5_z3" moduleName="lab5_z3" rtlName="tmp_36_fu_997_p4" latency="0" BRAM="-1" DSP="-1" FF="-1" LUT="-1" fileDirectory="/home/sokrat/project/learn/Hybridsystem/homework/hw5/lab5_z3"><\/item>
<item  id="110" filename="./source/lab5_z3.c" linenumber="6" name="tmp_37" contextFuncName="lab5_z3" moduleName="lab5_z3" rtlName="tmp_37_fu_1007_p4" latency="0" BRAM="-1" DSP="-1" FF="-1" LUT="-1" fileDirectory="/home/sokrat/project/learn/Hybridsystem/homework/hw5/lab5_z3"><\/item>
<item  id="111" filename="./source/lab5_z3.c" linenumber="6" name="add_ln6_19" contextFuncName="lab5_z3" moduleName="lab5_z3" rtlName="add_ln6_19_fu_1017_p2" latency="0" BRAM="-1" DSP="-1" FF="0" LUT="39" fileDirectory="/home/sokrat/project/learn/Hybridsystem/homework/hw5/lab5_z3"><\/item>
<item  id="112" filename="./source/lab5_z3.c" linenumber="7" name="sub_ln7_19" contextFuncName="lab5_z3" moduleName="lab5_z3" rtlName="sub_ln7_19_fu_1023_p2" latency="0" BRAM="-1" DSP="-1" FF="0" LUT="39" fileDirectory="/home/sokrat/project/learn/Hybridsystem/homework/hw5/lab5_z3"><\/item>
<item  id="113" filename="./source/lab5_z3.c" linenumber="6" name="tmp_38" contextFuncName="lab5_z3" moduleName="lab5_z3" rtlName="tmp_38_fu_1029_p4" latency="0" BRAM="-1" DSP="-1" FF="-1" LUT="-1" fileDirectory="/home/sokrat/project/learn/Hybridsystem/homework/hw5/lab5_z3"><\/item>
<item  id="114" filename="./source/lab5_z3.c" linenumber="6" name="tmp_39" contextFuncName="lab5_z3" moduleName="lab5_z3" rtlName="tmp_39_fu_1039_p4" latency="0" BRAM="-1" DSP="-1" FF="-1" LUT="-1" fileDirectory="/home/sokrat/project/learn/Hybridsystem/homework/hw5/lab5_z3"><\/item>
<item  id="115" filename="./source/lab5_z3.c" linenumber="6" name="add_ln6_20" contextFuncName="lab5_z3" moduleName="lab5_z3" rtlName="add_ln6_20_fu_1049_p2" latency="0" BRAM="-1" DSP="-1" FF="0" LUT="39" fileDirectory="/home/sokrat/project/learn/Hybridsystem/homework/hw5/lab5_z3"><\/item>
<item  id="116" filename="./source/lab5_z3.c" linenumber="7" name="sub_ln7_20" contextFuncName="lab5_z3" moduleName="lab5_z3" rtlName="sub_ln7_20_fu_1055_p2" latency="0" BRAM="-1" DSP="-1" FF="0" LUT="39" fileDirectory="/home/sokrat/project/learn/Hybridsystem/homework/hw5/lab5_z3"><\/item>
<item  id="117" filename="./source/lab5_z3.c" linenumber="6" name="tmp_40" contextFuncName="lab5_z3" moduleName="lab5_z3" rtlName="tmp_40_fu_1061_p4" latency="0" BRAM="-1" DSP="-1" FF="-1" LUT="-1" fileDirectory="/home/sokrat/project/learn/Hybridsystem/homework/hw5/lab5_z3"><\/item>
<item  id="118" filename="./source/lab5_z3.c" linenumber="6" name="tmp_41" contextFuncName="lab5_z3" moduleName="lab5_z3" rtlName="tmp_41_fu_1071_p4" latency="0" BRAM="-1" DSP="-1" FF="-1" LUT="-1" fileDirectory="/home/sokrat/project/learn/Hybridsystem/homework/hw5/lab5_z3"><\/item>
<item  id="119" filename="./source/lab5_z3.c" linenumber="6" name="add_ln6_21" contextFuncName="lab5_z3" moduleName="lab5_z3" rtlName="add_ln6_21_fu_1081_p2" latency="0" BRAM="-1" DSP="-1" FF="0" LUT="39" fileDirectory="/home/sokrat/project/learn/Hybridsystem/homework/hw5/lab5_z3"><\/item>
<item  id="120" filename="./source/lab5_z3.c" linenumber="7" name="sub_ln7_21" contextFuncName="lab5_z3" moduleName="lab5_z3" rtlName="sub_ln7_21_fu_1087_p2" latency="0" BRAM="-1" DSP="-1" FF="0" LUT="39" fileDirectory="/home/sokrat/project/learn/Hybridsystem/homework/hw5/lab5_z3"><\/item>
<item  id="121" filename="./source/lab5_z3.c" linenumber="6" name="tmp_42" contextFuncName="lab5_z3" moduleName="lab5_z3" rtlName="tmp_42_fu_1093_p4" latency="0" BRAM="-1" DSP="-1" FF="-1" LUT="-1" fileDirectory="/home/sokrat/project/learn/Hybridsystem/homework/hw5/lab5_z3"><\/item>
<item  id="122" filename="./source/lab5_z3.c" linenumber="6" name="tmp_43" contextFuncName="lab5_z3" moduleName="lab5_z3" rtlName="tmp_43_fu_1103_p4" latency="0" BRAM="-1" DSP="-1" FF="-1" LUT="-1" fileDirectory="/home/sokrat/project/learn/Hybridsystem/homework/hw5/lab5_z3"><\/item>
<item  id="123" filename="./source/lab5_z3.c" linenumber="6" name="add_ln6_22" contextFuncName="lab5_z3" moduleName="lab5_z3" rtlName="add_ln6_22_fu_1113_p2" latency="0" BRAM="-1" DSP="-1" FF="0" LUT="39" fileDirectory="/home/sokrat/project/learn/Hybridsystem/homework/hw5/lab5_z3"><\/item>
<item  id="124" filename="./source/lab5_z3.c" linenumber="7" name="sub_ln7_22" contextFuncName="lab5_z3" moduleName="lab5_z3" rtlName="sub_ln7_22_fu_1119_p2" latency="0" BRAM="-1" DSP="-1" FF="0" LUT="39" fileDirectory="/home/sokrat/project/learn/Hybridsystem/homework/hw5/lab5_z3"><\/item>
<item  id="125" filename="./source/lab5_z3.c" linenumber="6" name="tmp_44" contextFuncName="lab5_z3" moduleName="lab5_z3" rtlName="tmp_44_fu_1125_p4" latency="0" BRAM="-1" DSP="-1" FF="-1" LUT="-1" fileDirectory="/home/sokrat/project/learn/Hybridsystem/homework/hw5/lab5_z3"><\/item>
<item  id="126" filename="./source/lab5_z3.c" linenumber="6" name="tmp_45" contextFuncName="lab5_z3" moduleName="lab5_z3" rtlName="tmp_45_fu_1135_p4" latency="0" BRAM="-1" DSP="-1" FF="-1" LUT="-1" fileDirectory="/home/sokrat/project/learn/Hybridsystem/homework/hw5/lab5_z3"><\/item>
<item  id="127" filename="./source/lab5_z3.c" linenumber="6" name="add_ln6_23" contextFuncName="lab5_z3" moduleName="lab5_z3" rtlName="add_ln6_23_fu_1145_p2" latency="0" BRAM="-1" DSP="-1" FF="0" LUT="39" fileDirectory="/home/sokrat/project/learn/Hybridsystem/homework/hw5/lab5_z3"><\/item>
<item  id="128" filename="./source/lab5_z3.c" linenumber="7" name="sub_ln7_23" contextFuncName="lab5_z3" moduleName="lab5_z3" rtlName="sub_ln7_23_fu_1151_p2" latency="0" BRAM="-1" DSP="-1" FF="0" LUT="39" fileDirectory="/home/sokrat/project/learn/Hybridsystem/homework/hw5/lab5_z3"><\/item>
<item  id="129" filename="./source/lab5_z3.c" linenumber="6" name="tmp_46" contextFuncName="lab5_z3" moduleName="lab5_z3" rtlName="tmp_46_fu_1157_p4" latency="0" BRAM="-1" DSP="-1" FF="-1" LUT="-1" fileDirectory="/home/sokrat/project/learn/Hybridsystem/homework/hw5/lab5_z3"><\/item>
<item  id="130" filename="./source/lab5_z3.c" linenumber="6" name="tmp_47" contextFuncName="lab5_z3" moduleName="lab5_z3" rtlName="tmp_47_fu_1167_p4" latency="0" BRAM="-1" DSP="-1" FF="-1" LUT="-1" fileDirectory="/home/sokrat/project/learn/Hybridsystem/homework/hw5/lab5_z3"><\/item>
<item  id="131" filename="./source/lab5_z3.c" linenumber="6" name="add_ln6_24" contextFuncName="lab5_z3" moduleName="lab5_z3" rtlName="add_ln6_24_fu_1177_p2" latency="0" BRAM="-1" DSP="-1" FF="0" LUT="39" fileDirectory="/home/sokrat/project/learn/Hybridsystem/homework/hw5/lab5_z3"><\/item>
<item  id="132" filename="./source/lab5_z3.c" linenumber="7" name="sub_ln7_24" contextFuncName="lab5_z3" moduleName="lab5_z3" rtlName="sub_ln7_24_fu_1183_p2" latency="0" BRAM="-1" DSP="-1" FF="0" LUT="39" fileDirectory="/home/sokrat/project/learn/Hybridsystem/homework/hw5/lab5_z3"><\/item>
<item  id="133" filename="./source/lab5_z3.c" linenumber="6" name="tmp_48" contextFuncName="lab5_z3" moduleName="lab5_z3" rtlName="tmp_48_fu_1189_p4" latency="0" BRAM="-1" DSP="-1" FF="-1" LUT="-1" fileDirectory="/home/sokrat/project/learn/Hybridsystem/homework/hw5/lab5_z3"><\/item>
<item  id="134" filename="./source/lab5_z3.c" linenumber="6" name="tmp_49" contextFuncName="lab5_z3" moduleName="lab5_z3" rtlName="tmp_49_fu_1199_p4" latency="0" BRAM="-1" DSP="-1" FF="-1" LUT="-1" fileDirectory="/home/sokrat/project/learn/Hybridsystem/homework/hw5/lab5_z3"><\/item>
<item  id="135" filename="./source/lab5_z3.c" linenumber="6" name="add_ln6_25" contextFuncName="lab5_z3" moduleName="lab5_z3" rtlName="add_ln6_25_fu_1209_p2" latency="0" BRAM="-1" DSP="-1" FF="0" LUT="39" fileDirectory="/home/sokrat/project/learn/Hybridsystem/homework/hw5/lab5_z3"><\/item>
<item  id="136" filename="./source/lab5_z3.c" linenumber="7" name="sub_ln7_25" contextFuncName="lab5_z3" moduleName="lab5_z3" rtlName="sub_ln7_25_fu_1215_p2" latency="0" BRAM="-1" DSP="-1" FF="0" LUT="39" fileDirectory="/home/sokrat/project/learn/Hybridsystem/homework/hw5/lab5_z3"><\/item>
<item  id="137" filename="./source/lab5_z3.c" linenumber="6" name="tmp_50" contextFuncName="lab5_z3" moduleName="lab5_z3" rtlName="tmp_50_fu_1221_p4" latency="0" BRAM="-1" DSP="-1" FF="-1" LUT="-1" fileDirectory="/home/sokrat/project/learn/Hybridsystem/homework/hw5/lab5_z3"><\/item>
<item  id="138" filename="./source/lab5_z3.c" linenumber="6" name="tmp_51" contextFuncName="lab5_z3" moduleName="lab5_z3" rtlName="tmp_51_fu_1231_p4" latency="0" BRAM="-1" DSP="-1" FF="-1" LUT="-1" fileDirectory="/home/sokrat/project/learn/Hybridsystem/homework/hw5/lab5_z3"><\/item>
<item  id="139" filename="./source/lab5_z3.c" linenumber="6" name="add_ln6_26" contextFuncName="lab5_z3" moduleName="lab5_z3" rtlName="add_ln6_26_fu_1241_p2" latency="0" BRAM="-1" DSP="-1" FF="0" LUT="39" fileDirectory="/home/sokrat/project/learn/Hybridsystem/homework/hw5/lab5_z3"><\/item>
<item  id="140" filename="./source/lab5_z3.c" linenumber="7" name="sub_ln7_26" contextFuncName="lab5_z3" moduleName="lab5_z3" rtlName="sub_ln7_26_fu_1247_p2" latency="0" BRAM="-1" DSP="-1" FF="0" LUT="39" fileDirectory="/home/sokrat/project/learn/Hybridsystem/homework/hw5/lab5_z3"><\/item>
<item  id="141" filename="./source/lab5_z3.c" linenumber="6" name="tmp_52" contextFuncName="lab5_z3" moduleName="lab5_z3" rtlName="tmp_52_fu_1253_p4" latency="0" BRAM="-1" DSP="-1" FF="-1" LUT="-1" fileDirectory="/home/sokrat/project/learn/Hybridsystem/homework/hw5/lab5_z3"><\/item>
<item  id="142" filename="./source/lab5_z3.c" linenumber="6" name="tmp_53" contextFuncName="lab5_z3" moduleName="lab5_z3" rtlName="tmp_53_fu_1263_p4" latency="0" BRAM="-1" DSP="-1" FF="-1" LUT="-1" fileDirectory="/home/sokrat/project/learn/Hybridsystem/homework/hw5/lab5_z3"><\/item>
<item  id="143" filename="./source/lab5_z3.c" linenumber="6" name="add_ln6_27" contextFuncName="lab5_z3" moduleName="lab5_z3" rtlName="add_ln6_27_fu_1273_p2" latency="0" BRAM="-1" DSP="-1" FF="0" LUT="39" fileDirectory="/home/sokrat/project/learn/Hybridsystem/homework/hw5/lab5_z3"><\/item>
<item  id="144" filename="./source/lab5_z3.c" linenumber="7" name="sub_ln7_27" contextFuncName="lab5_z3" moduleName="lab5_z3" rtlName="sub_ln7_27_fu_1279_p2" latency="0" BRAM="-1" DSP="-1" FF="0" LUT="39" fileDirectory="/home/sokrat/project/learn/Hybridsystem/homework/hw5/lab5_z3"><\/item>
<item  id="145" filename="./source/lab5_z3.c" linenumber="6" name="tmp_54" contextFuncName="lab5_z3" moduleName="lab5_z3" rtlName="tmp_54_fu_1285_p4" latency="0" BRAM="-1" DSP="-1" FF="-1" LUT="-1" fileDirectory="/home/sokrat/project/learn/Hybridsystem/homework/hw5/lab5_z3"><\/item>
<item  id="146" filename="./source/lab5_z3.c" linenumber="6" name="tmp_55" contextFuncName="lab5_z3" moduleName="lab5_z3" rtlName="tmp_55_fu_1295_p4" latency="0" BRAM="-1" DSP="-1" FF="-1" LUT="-1" fileDirectory="/home/sokrat/project/learn/Hybridsystem/homework/hw5/lab5_z3"><\/item>
<item  id="147" filename="./source/lab5_z3.c" linenumber="6" name="add_ln6_28" contextFuncName="lab5_z3" moduleName="lab5_z3" rtlName="add_ln6_28_fu_1305_p2" latency="0" BRAM="-1" DSP="-1" FF="0" LUT="39" fileDirectory="/home/sokrat/project/learn/Hybridsystem/homework/hw5/lab5_z3"><\/item>
<item  id="148" filename="./source/lab5_z3.c" linenumber="7" name="sub_ln7_28" contextFuncName="lab5_z3" moduleName="lab5_z3" rtlName="sub_ln7_28_fu_1311_p2" latency="0" BRAM="-1" DSP="-1" FF="0" LUT="39" fileDirectory="/home/sokrat/project/learn/Hybridsystem/homework/hw5/lab5_z3"><\/item>
<item  id="149" filename="./source/lab5_z3.c" linenumber="6" name="tmp_56" contextFuncName="lab5_z3" moduleName="lab5_z3" rtlName="tmp_56_fu_1317_p4" latency="0" BRAM="-1" DSP="-1" FF="-1" LUT="-1" fileDirectory="/home/sokrat/project/learn/Hybridsystem/homework/hw5/lab5_z3"><\/item>
<item  id="150" filename="./source/lab5_z3.c" linenumber="6" name="tmp_57" contextFuncName="lab5_z3" moduleName="lab5_z3" rtlName="tmp_57_fu_1327_p4" latency="0" BRAM="-1" DSP="-1" FF="-1" LUT="-1" fileDirectory="/home/sokrat/project/learn/Hybridsystem/homework/hw5/lab5_z3"><\/item>
<item  id="151" filename="./source/lab5_z3.c" linenumber="6" name="add_ln6_29" contextFuncName="lab5_z3" moduleName="lab5_z3" rtlName="add_ln6_29_fu_1337_p2" latency="0" BRAM="-1" DSP="-1" FF="0" LUT="39" fileDirectory="/home/sokrat/project/learn/Hybridsystem/homework/hw5/lab5_z3"><\/item>
<item  id="152" filename="./source/lab5_z3.c" linenumber="7" name="sub_ln7_29" contextFuncName="lab5_z3" moduleName="lab5_z3" rtlName="sub_ln7_29_fu_1343_p2" latency="0" BRAM="-1" DSP="-1" FF="0" LUT="39" fileDirectory="/home/sokrat/project/learn/Hybridsystem/homework/hw5/lab5_z3"><\/item>
<item  id="153" filename="./source/lab5_z3.c" linenumber="6" name="tmp_58" contextFuncName="lab5_z3" moduleName="lab5_z3" rtlName="tmp_58_fu_1349_p4" latency="0" BRAM="-1" DSP="-1" FF="-1" LUT="-1" fileDirectory="/home/sokrat/project/learn/Hybridsystem/homework/hw5/lab5_z3"><\/item>
<item  id="154" filename="./source/lab5_z3.c" linenumber="6" name="tmp_59" contextFuncName="lab5_z3" moduleName="lab5_z3" rtlName="tmp_59_fu_1359_p4" latency="0" BRAM="-1" DSP="-1" FF="-1" LUT="-1" fileDirectory="/home/sokrat/project/learn/Hybridsystem/homework/hw5/lab5_z3"><\/item>
<item  id="155" filename="./source/lab5_z3.c" linenumber="6" name="add_ln6_30" contextFuncName="lab5_z3" moduleName="lab5_z3" rtlName="add_ln6_30_fu_1369_p2" latency="0" BRAM="-1" DSP="-1" FF="0" LUT="39" fileDirectory="/home/sokrat/project/learn/Hybridsystem/homework/hw5/lab5_z3"><\/item>
<item  id="156" filename="./source/lab5_z3.c" linenumber="7" name="sub_ln7_30" contextFuncName="lab5_z3" moduleName="lab5_z3" rtlName="sub_ln7_30_fu_1375_p2" latency="0" BRAM="-1" DSP="-1" FF="0" LUT="39" fileDirectory="/home/sokrat/project/learn/Hybridsystem/homework/hw5/lab5_z3"><\/item>
<item  id="157" filename="./source/lab5_z3.c" linenumber="6" name="tmp_60" contextFuncName="lab5_z3" moduleName="lab5_z3" rtlName="tmp_60_fu_1381_p4" latency="0" BRAM="-1" DSP="-1" FF="-1" LUT="-1" fileDirectory="/home/sokrat/project/learn/Hybridsystem/homework/hw5/lab5_z3"><\/item>
<item  id="158" filename="./source/lab5_z3.c" linenumber="6" name="tmp_61" contextFuncName="lab5_z3" moduleName="lab5_z3" rtlName="tmp_61_fu_1391_p4" latency="0" BRAM="-1" DSP="-1" FF="-1" LUT="-1" fileDirectory="/home/sokrat/project/learn/Hybridsystem/homework/hw5/lab5_z3"><\/item>
<item  id="159" filename="./source/lab5_z3.c" linenumber="6" name="add_ln6_31" contextFuncName="lab5_z3" moduleName="lab5_z3" rtlName="add_ln6_31_fu_1401_p2" latency="0" BRAM="-1" DSP="-1" FF="0" LUT="39" fileDirectory="/home/sokrat/project/learn/Hybridsystem/homework/hw5/lab5_z3"><\/item>
<item  id="160" filename="./source/lab5_z3.c" linenumber="7" name="sub_ln7_31" contextFuncName="lab5_z3" moduleName="lab5_z3" rtlName="sub_ln7_31_fu_1407_p2" latency="0" BRAM="-1" DSP="-1" FF="0" LUT="39" fileDirectory="/home/sokrat/project/learn/Hybridsystem/homework/hw5/lab5_z3"><\/item>
<item  id="161" filename="./source/lab5_z3.c" linenumber="6" name="tmp_62" contextFuncName="lab5_z3" moduleName="lab5_z3" rtlName="tmp_62_fu_1413_p4" latency="0" BRAM="-1" DSP="-1" FF="-1" LUT="-1" fileDirectory="/home/sokrat/project/learn/Hybridsystem/homework/hw5/lab5_z3"><\/item>
<item  id="162" filename="./source/lab5_z3.c" linenumber="6" name="tmp_63" contextFuncName="lab5_z3" moduleName="lab5_z3" rtlName="tmp_63_fu_1423_p4" latency="0" BRAM="-1" DSP="-1" FF="-1" LUT="-1" fileDirectory="/home/sokrat/project/learn/Hybridsystem/homework/hw5/lab5_z3"><\/item>
<item  id="163" filename="./source/lab5_z3.c" linenumber="6" name="add_ln6_32" contextFuncName="lab5_z3" moduleName="lab5_z3" rtlName="add_ln6_32_fu_1433_p2" latency="0" BRAM="-1" DSP="-1" FF="0" LUT="39" fileDirectory="/home/sokrat/project/learn/Hybridsystem/homework/hw5/lab5_z3"><\/item>
<item  id="164" filename="./source/lab5_z3.c" linenumber="7" name="sub_ln7_32" contextFuncName="lab5_z3" moduleName="lab5_z3" rtlName="sub_ln7_32_fu_1439_p2" latency="0" BRAM="-1" DSP="-1" FF="0" LUT="39" fileDirectory="/home/sokrat/project/learn/Hybridsystem/homework/hw5/lab5_z3"><\/item>
<item  id="165" filename="./source/lab5_z3.c" linenumber="6" name="tmp_64" contextFuncName="lab5_z3" moduleName="lab5_z3" rtlName="tmp_64_fu_1445_p4" latency="0" BRAM="-1" DSP="-1" FF="-1" LUT="-1" fileDirectory="/home/sokrat/project/learn/Hybridsystem/homework/hw5/lab5_z3"><\/item>
<item  id="166" filename="./source/lab5_z3.c" linenumber="6" name="tmp_65" contextFuncName="lab5_z3" moduleName="lab5_z3" rtlName="tmp_65_fu_1455_p4" latency="0" BRAM="-1" DSP="-1" FF="-1" LUT="-1" fileDirectory="/home/sokrat/project/learn/Hybridsystem/homework/hw5/lab5_z3"><\/item>
<item  id="167" filename="./source/lab5_z3.c" linenumber="6" name="add_ln6_33" contextFuncName="lab5_z3" moduleName="lab5_z3" rtlName="add_ln6_33_fu_1465_p2" latency="0" BRAM="-1" DSP="-1" FF="0" LUT="39" fileDirectory="/home/sokrat/project/learn/Hybridsystem/homework/hw5/lab5_z3"><\/item>
<item  id="168" filename="./source/lab5_z3.c" linenumber="7" name="sub_ln7_33" contextFuncName="lab5_z3" moduleName="lab5_z3" rtlName="sub_ln7_33_fu_1471_p2" latency="0" BRAM="-1" DSP="-1" FF="0" LUT="39" fileDirectory="/home/sokrat/project/learn/Hybridsystem/homework/hw5/lab5_z3"><\/item>
<item  id="169" filename="./source/lab5_z3.c" linenumber="6" name="tmp_66" contextFuncName="lab5_z3" moduleName="lab5_z3" rtlName="tmp_66_fu_1477_p4" latency="0" BRAM="-1" DSP="-1" FF="-1" LUT="-1" fileDirectory="/home/sokrat/project/learn/Hybridsystem/homework/hw5/lab5_z3"><\/item>
<item  id="170" filename="./source/lab5_z3.c" linenumber="6" name="tmp_67" contextFuncName="lab5_z3" moduleName="lab5_z3" rtlName="tmp_67_fu_1487_p4" latency="0" BRAM="-1" DSP="-1" FF="-1" LUT="-1" fileDirectory="/home/sokrat/project/learn/Hybridsystem/homework/hw5/lab5_z3"><\/item>
<item  id="171" filename="./source/lab5_z3.c" linenumber="6" name="add_ln6_34" contextFuncName="lab5_z3" moduleName="lab5_z3" rtlName="add_ln6_34_fu_1497_p2" latency="0" BRAM="-1" DSP="-1" FF="0" LUT="39" fileDirectory="/home/sokrat/project/learn/Hybridsystem/homework/hw5/lab5_z3"><\/item>
<item  id="172" filename="./source/lab5_z3.c" linenumber="7" name="sub_ln7_34" contextFuncName="lab5_z3" moduleName="lab5_z3" rtlName="sub_ln7_34_fu_1503_p2" latency="0" BRAM="-1" DSP="-1" FF="0" LUT="39" fileDirectory="/home/sokrat/project/learn/Hybridsystem/homework/hw5/lab5_z3"><\/item>
<item  id="173" filename="./source/lab5_z3.c" linenumber="6" name="tmp_68" contextFuncName="lab5_z3" moduleName="lab5_z3" rtlName="tmp_68_fu_1509_p4" latency="0" BRAM="-1" DSP="-1" FF="-1" LUT="-1" fileDirectory="/home/sokrat/project/learn/Hybridsystem/homework/hw5/lab5_z3"><\/item>
<item  id="174" filename="./source/lab5_z3.c" linenumber="6" name="tmp_69" contextFuncName="lab5_z3" moduleName="lab5_z3" rtlName="tmp_69_fu_1519_p4" latency="0" BRAM="-1" DSP="-1" FF="-1" LUT="-1" fileDirectory="/home/sokrat/project/learn/Hybridsystem/homework/hw5/lab5_z3"><\/item>
<item  id="175" filename="./source/lab5_z3.c" linenumber="6" name="add_ln6_35" contextFuncName="lab5_z3" moduleName="lab5_z3" rtlName="add_ln6_35_fu_1529_p2" latency="0" BRAM="-1" DSP="-1" FF="0" LUT="39" fileDirectory="/home/sokrat/project/learn/Hybridsystem/homework/hw5/lab5_z3"><\/item>
<item  id="176" filename="./source/lab5_z3.c" linenumber="7" name="sub_ln7_35" contextFuncName="lab5_z3" moduleName="lab5_z3" rtlName="sub_ln7_35_fu_1535_p2" latency="0" BRAM="-1" DSP="-1" FF="0" LUT="39" fileDirectory="/home/sokrat/project/learn/Hybridsystem/homework/hw5/lab5_z3"><\/item>
<item  id="177" filename="./source/lab5_z3.c" linenumber="6" name="tmp_70" contextFuncName="lab5_z3" moduleName="lab5_z3" rtlName="tmp_70_fu_1541_p4" latency="0" BRAM="-1" DSP="-1" FF="-1" LUT="-1" fileDirectory="/home/sokrat/project/learn/Hybridsystem/homework/hw5/lab5_z3"><\/item>
<item  id="178" filename="./source/lab5_z3.c" linenumber="6" name="tmp_71" contextFuncName="lab5_z3" moduleName="lab5_z3" rtlName="tmp_71_fu_1551_p4" latency="0" BRAM="-1" DSP="-1" FF="-1" LUT="-1" fileDirectory="/home/sokrat/project/learn/Hybridsystem/homework/hw5/lab5_z3"><\/item>
<item  id="179" filename="./source/lab5_z3.c" linenumber="6" name="add_ln6_36" contextFuncName="lab5_z3" moduleName="lab5_z3" rtlName="add_ln6_36_fu_1561_p2" latency="0" BRAM="-1" DSP="-1" FF="0" LUT="39" fileDirectory="/home/sokrat/project/learn/Hybridsystem/homework/hw5/lab5_z3"><\/item>
<item  id="180" filename="./source/lab5_z3.c" linenumber="7" name="sub_ln7_36" contextFuncName="lab5_z3" moduleName="lab5_z3" rtlName="sub_ln7_36_fu_1567_p2" latency="0" BRAM="-1" DSP="-1" FF="0" LUT="39" fileDirectory="/home/sokrat/project/learn/Hybridsystem/homework/hw5/lab5_z3"><\/item>
<item  id="181" filename="./source/lab5_z3.c" linenumber="6" name="tmp_72" contextFuncName="lab5_z3" moduleName="lab5_z3" rtlName="tmp_72_fu_1573_p4" latency="0" BRAM="-1" DSP="-1" FF="-1" LUT="-1" fileDirectory="/home/sokrat/project/learn/Hybridsystem/homework/hw5/lab5_z3"><\/item>
<item  id="182" filename="./source/lab5_z3.c" linenumber="6" name="tmp_73" contextFuncName="lab5_z3" moduleName="lab5_z3" rtlName="tmp_73_fu_1583_p4" latency="0" BRAM="-1" DSP="-1" FF="-1" LUT="-1" fileDirectory="/home/sokrat/project/learn/Hybridsystem/homework/hw5/lab5_z3"><\/item>
<item  id="183" filename="./source/lab5_z3.c" linenumber="6" name="add_ln6_37" contextFuncName="lab5_z3" moduleName="lab5_z3" rtlName="add_ln6_37_fu_1593_p2" latency="0" BRAM="-1" DSP="-1" FF="0" LUT="39" fileDirectory="/home/sokrat/project/learn/Hybridsystem/homework/hw5/lab5_z3"><\/item>
<item  id="184" filename="./source/lab5_z3.c" linenumber="7" name="sub_ln7_37" contextFuncName="lab5_z3" moduleName="lab5_z3" rtlName="sub_ln7_37_fu_1599_p2" latency="0" BRAM="-1" DSP="-1" FF="0" LUT="39" fileDirectory="/home/sokrat/project/learn/Hybridsystem/homework/hw5/lab5_z3"><\/item>
<item  id="185" filename="./source/lab5_z3.c" linenumber="6" name="tmp_74" contextFuncName="lab5_z3" moduleName="lab5_z3" rtlName="tmp_74_fu_1605_p4" latency="0" BRAM="-1" DSP="-1" FF="-1" LUT="-1" fileDirectory="/home/sokrat/project/learn/Hybridsystem/homework/hw5/lab5_z3"><\/item>
<item  id="186" filename="./source/lab5_z3.c" linenumber="6" name="tmp_75" contextFuncName="lab5_z3" moduleName="lab5_z3" rtlName="tmp_75_fu_1615_p4" latency="0" BRAM="-1" DSP="-1" FF="-1" LUT="-1" fileDirectory="/home/sokrat/project/learn/Hybridsystem/homework/hw5/lab5_z3"><\/item>
<item  id="187" filename="./source/lab5_z3.c" linenumber="6" name="add_ln6_38" contextFuncName="lab5_z3" moduleName="lab5_z3" rtlName="add_ln6_38_fu_1625_p2" latency="0" BRAM="-1" DSP="-1" FF="0" LUT="39" fileDirectory="/home/sokrat/project/learn/Hybridsystem/homework/hw5/lab5_z3"><\/item>
<item  id="188" filename="./source/lab5_z3.c" linenumber="7" name="sub_ln7_38" contextFuncName="lab5_z3" moduleName="lab5_z3" rtlName="sub_ln7_38_fu_1631_p2" latency="0" BRAM="-1" DSP="-1" FF="0" LUT="39" fileDirectory="/home/sokrat/project/learn/Hybridsystem/homework/hw5/lab5_z3"><\/item>
<item  id="189" filename="./source/lab5_z3.c" linenumber="6" name="tmp_76" contextFuncName="lab5_z3" moduleName="lab5_z3" rtlName="tmp_76_fu_1637_p4" latency="0" BRAM="-1" DSP="-1" FF="-1" LUT="-1" fileDirectory="/home/sokrat/project/learn/Hybridsystem/homework/hw5/lab5_z3"><\/item>
<item  id="190" filename="./source/lab5_z3.c" linenumber="6" name="tmp_77" contextFuncName="lab5_z3" moduleName="lab5_z3" rtlName="tmp_77_fu_1647_p4" latency="0" BRAM="-1" DSP="-1" FF="-1" LUT="-1" fileDirectory="/home/sokrat/project/learn/Hybridsystem/homework/hw5/lab5_z3"><\/item>
<item  id="191" filename="./source/lab5_z3.c" linenumber="6" name="add_ln6_39" contextFuncName="lab5_z3" moduleName="lab5_z3" rtlName="add_ln6_39_fu_1657_p2" latency="0" BRAM="-1" DSP="-1" FF="0" LUT="39" fileDirectory="/home/sokrat/project/learn/Hybridsystem/homework/hw5/lab5_z3"><\/item>
<item  id="192" filename="./source/lab5_z3.c" linenumber="7" name="sub_ln7_39" contextFuncName="lab5_z3" moduleName="lab5_z3" rtlName="sub_ln7_39_fu_1663_p2" latency="0" BRAM="-1" DSP="-1" FF="0" LUT="39" fileDirectory="/home/sokrat/project/learn/Hybridsystem/homework/hw5/lab5_z3"><\/item>
<item  id="193" filename="./source/lab5_z3.c" linenumber="6" name="tmp_78" contextFuncName="lab5_z3" moduleName="lab5_z3" rtlName="tmp_78_fu_1669_p4" latency="0" BRAM="-1" DSP="-1" FF="-1" LUT="-1" fileDirectory="/home/sokrat/project/learn/Hybridsystem/homework/hw5/lab5_z3"><\/item>
<item  id="194" filename="./source/lab5_z3.c" linenumber="6" name="tmp_79" contextFuncName="lab5_z3" moduleName="lab5_z3" rtlName="tmp_79_fu_1679_p4" latency="0" BRAM="-1" DSP="-1" FF="-1" LUT="-1" fileDirectory="/home/sokrat/project/learn/Hybridsystem/homework/hw5/lab5_z3"><\/item>
<item  id="195" filename="./source/lab5_z3.c" linenumber="6" name="add_ln6_40" contextFuncName="lab5_z3" moduleName="lab5_z3" rtlName="add_ln6_40_fu_1689_p2" latency="0" BRAM="-1" DSP="-1" FF="0" LUT="39" fileDirectory="/home/sokrat/project/learn/Hybridsystem/homework/hw5/lab5_z3"><\/item>
<item  id="196" filename="./source/lab5_z3.c" linenumber="7" name="sub_ln7_40" contextFuncName="lab5_z3" moduleName="lab5_z3" rtlName="sub_ln7_40_fu_1695_p2" latency="0" BRAM="-1" DSP="-1" FF="0" LUT="39" fileDirectory="/home/sokrat/project/learn/Hybridsystem/homework/hw5/lab5_z3"><\/item>
<item  id="197" filename="./source/lab5_z3.c" linenumber="6" name="tmp_80" contextFuncName="lab5_z3" moduleName="lab5_z3" rtlName="tmp_80_fu_1701_p4" latency="0" BRAM="-1" DSP="-1" FF="-1" LUT="-1" fileDirectory="/home/sokrat/project/learn/Hybridsystem/homework/hw5/lab5_z3"><\/item>
<item  id="198" filename="./source/lab5_z3.c" linenumber="6" name="tmp_81" contextFuncName="lab5_z3" moduleName="lab5_z3" rtlName="tmp_81_fu_1711_p4" latency="0" BRAM="-1" DSP="-1" FF="-1" LUT="-1" fileDirectory="/home/sokrat/project/learn/Hybridsystem/homework/hw5/lab5_z3"><\/item>
<item  id="199" filename="./source/lab5_z3.c" linenumber="6" name="add_ln6_41" contextFuncName="lab5_z3" moduleName="lab5_z3" rtlName="add_ln6_41_fu_1721_p2" latency="0" BRAM="-1" DSP="-1" FF="0" LUT="39" fileDirectory="/home/sokrat/project/learn/Hybridsystem/homework/hw5/lab5_z3"><\/item>
<item  id="200" filename="./source/lab5_z3.c" linenumber="7" name="sub_ln7_41" contextFuncName="lab5_z3" moduleName="lab5_z3" rtlName="sub_ln7_41_fu_1727_p2" latency="0" BRAM="-1" DSP="-1" FF="0" LUT="39" fileDirectory="/home/sokrat/project/learn/Hybridsystem/homework/hw5/lab5_z3"><\/item>
<item  id="201" filename="./source/lab5_z3.c" linenumber="6" name="tmp_82" contextFuncName="lab5_z3" moduleName="lab5_z3" rtlName="tmp_82_fu_1733_p4" latency="0" BRAM="-1" DSP="-1" FF="-1" LUT="-1" fileDirectory="/home/sokrat/project/learn/Hybridsystem/homework/hw5/lab5_z3"><\/item>
<item  id="202" filename="./source/lab5_z3.c" linenumber="6" name="tmp_83" contextFuncName="lab5_z3" moduleName="lab5_z3" rtlName="tmp_83_fu_1743_p4" latency="0" BRAM="-1" DSP="-1" FF="-1" LUT="-1" fileDirectory="/home/sokrat/project/learn/Hybridsystem/homework/hw5/lab5_z3"><\/item>
<item  id="203" filename="./source/lab5_z3.c" linenumber="6" name="add_ln6_42" contextFuncName="lab5_z3" moduleName="lab5_z3" rtlName="add_ln6_42_fu_1753_p2" latency="0" BRAM="-1" DSP="-1" FF="0" LUT="39" fileDirectory="/home/sokrat/project/learn/Hybridsystem/homework/hw5/lab5_z3"><\/item>
<item  id="204" filename="./source/lab5_z3.c" linenumber="7" name="sub_ln7_42" contextFuncName="lab5_z3" moduleName="lab5_z3" rtlName="sub_ln7_42_fu_1759_p2" latency="0" BRAM="-1" DSP="-1" FF="0" LUT="39" fileDirectory="/home/sokrat/project/learn/Hybridsystem/homework/hw5/lab5_z3"><\/item>
<item  id="205" filename="./source/lab5_z3.c" linenumber="6" name="tmp_84" contextFuncName="lab5_z3" moduleName="lab5_z3" rtlName="tmp_84_fu_1765_p4" latency="0" BRAM="-1" DSP="-1" FF="-1" LUT="-1" fileDirectory="/home/sokrat/project/learn/Hybridsystem/homework/hw5/lab5_z3"><\/item>
<item  id="206" filename="./source/lab5_z3.c" linenumber="6" name="tmp_85" contextFuncName="lab5_z3" moduleName="lab5_z3" rtlName="tmp_85_fu_1775_p4" latency="0" BRAM="-1" DSP="-1" FF="-1" LUT="-1" fileDirectory="/home/sokrat/project/learn/Hybridsystem/homework/hw5/lab5_z3"><\/item>
<item  id="207" filename="./source/lab5_z3.c" linenumber="6" name="add_ln6_43" contextFuncName="lab5_z3" moduleName="lab5_z3" rtlName="add_ln6_43_fu_1785_p2" latency="0" BRAM="-1" DSP="-1" FF="0" LUT="39" fileDirectory="/home/sokrat/project/learn/Hybridsystem/homework/hw5/lab5_z3"><\/item>
<item  id="208" filename="./source/lab5_z3.c" linenumber="7" name="sub_ln7_43" contextFuncName="lab5_z3" moduleName="lab5_z3" rtlName="sub_ln7_43_fu_1791_p2" latency="0" BRAM="-1" DSP="-1" FF="0" LUT="39" fileDirectory="/home/sokrat/project/learn/Hybridsystem/homework/hw5/lab5_z3"><\/item>
<item  id="209" filename="./source/lab5_z3.c" linenumber="6" name="tmp_86" contextFuncName="lab5_z3" moduleName="lab5_z3" rtlName="tmp_86_fu_1797_p4" latency="0" BRAM="-1" DSP="-1" FF="-1" LUT="-1" fileDirectory="/home/sokrat/project/learn/Hybridsystem/homework/hw5/lab5_z3"><\/item>
<item  id="210" filename="./source/lab5_z3.c" linenumber="6" name="tmp_87" contextFuncName="lab5_z3" moduleName="lab5_z3" rtlName="tmp_87_fu_1807_p4" latency="0" BRAM="-1" DSP="-1" FF="-1" LUT="-1" fileDirectory="/home/sokrat/project/learn/Hybridsystem/homework/hw5/lab5_z3"><\/item>
<item  id="211" filename="./source/lab5_z3.c" linenumber="6" name="add_ln6_44" contextFuncName="lab5_z3" moduleName="lab5_z3" rtlName="add_ln6_44_fu_1817_p2" latency="0" BRAM="-1" DSP="-1" FF="0" LUT="39" fileDirectory="/home/sokrat/project/learn/Hybridsystem/homework/hw5/lab5_z3"><\/item>
<item  id="212" filename="./source/lab5_z3.c" linenumber="7" name="sub_ln7_44" contextFuncName="lab5_z3" moduleName="lab5_z3" rtlName="sub_ln7_44_fu_1823_p2" latency="0" BRAM="-1" DSP="-1" FF="0" LUT="39" fileDirectory="/home/sokrat/project/learn/Hybridsystem/homework/hw5/lab5_z3"><\/item>
<item  id="213" filename="./source/lab5_z3.c" linenumber="6" name="tmp_88" contextFuncName="lab5_z3" moduleName="lab5_z3" rtlName="tmp_88_fu_1829_p4" latency="0" BRAM="-1" DSP="-1" FF="-1" LUT="-1" fileDirectory="/home/sokrat/project/learn/Hybridsystem/homework/hw5/lab5_z3"><\/item>
<item  id="214" filename="./source/lab5_z3.c" linenumber="6" name="tmp_89" contextFuncName="lab5_z3" moduleName="lab5_z3" rtlName="tmp_89_fu_1839_p4" latency="0" BRAM="-1" DSP="-1" FF="-1" LUT="-1" fileDirectory="/home/sokrat/project/learn/Hybridsystem/homework/hw5/lab5_z3"><\/item>
<item  id="215" filename="./source/lab5_z3.c" linenumber="6" name="add_ln6_45" contextFuncName="lab5_z3" moduleName="lab5_z3" rtlName="add_ln6_45_fu_1849_p2" latency="0" BRAM="-1" DSP="-1" FF="0" LUT="39" fileDirectory="/home/sokrat/project/learn/Hybridsystem/homework/hw5/lab5_z3"><\/item>
<item  id="216" filename="./source/lab5_z3.c" linenumber="7" name="sub_ln7_45" contextFuncName="lab5_z3" moduleName="lab5_z3" rtlName="sub_ln7_45_fu_1855_p2" latency="0" BRAM="-1" DSP="-1" FF="0" LUT="39" fileDirectory="/home/sokrat/project/learn/Hybridsystem/homework/hw5/lab5_z3"><\/item>
<item  id="217" filename="./source/lab5_z3.c" linenumber="6" name="tmp_90" contextFuncName="lab5_z3" moduleName="lab5_z3" rtlName="tmp_90_fu_1861_p4" latency="0" BRAM="-1" DSP="-1" FF="-1" LUT="-1" fileDirectory="/home/sokrat/project/learn/Hybridsystem/homework/hw5/lab5_z3"><\/item>
<item  id="218" filename="./source/lab5_z3.c" linenumber="6" name="tmp_91" contextFuncName="lab5_z3" moduleName="lab5_z3" rtlName="tmp_91_fu_1871_p4" latency="0" BRAM="-1" DSP="-1" FF="-1" LUT="-1" fileDirectory="/home/sokrat/project/learn/Hybridsystem/homework/hw5/lab5_z3"><\/item>
<item  id="219" filename="./source/lab5_z3.c" linenumber="6" name="add_ln6_46" contextFuncName="lab5_z3" moduleName="lab5_z3" rtlName="add_ln6_46_fu_1881_p2" latency="0" BRAM="-1" DSP="-1" FF="0" LUT="39" fileDirectory="/home/sokrat/project/learn/Hybridsystem/homework/hw5/lab5_z3"><\/item>
<item  id="220" filename="./source/lab5_z3.c" linenumber="7" name="sub_ln7_46" contextFuncName="lab5_z3" moduleName="lab5_z3" rtlName="sub_ln7_46_fu_1887_p2" latency="0" BRAM="-1" DSP="-1" FF="0" LUT="39" fileDirectory="/home/sokrat/project/learn/Hybridsystem/homework/hw5/lab5_z3"><\/item>
<item  id="221" filename="./source/lab5_z3.c" linenumber="6" name="tmp_92" contextFuncName="lab5_z3" moduleName="lab5_z3" rtlName="tmp_92_fu_1893_p4" latency="0" BRAM="-1" DSP="-1" FF="-1" LUT="-1" fileDirectory="/home/sokrat/project/learn/Hybridsystem/homework/hw5/lab5_z3"><\/item>
<item  id="222" filename="./source/lab5_z3.c" linenumber="6" name="tmp_93" contextFuncName="lab5_z3" moduleName="lab5_z3" rtlName="tmp_93_fu_1903_p4" latency="0" BRAM="-1" DSP="-1" FF="-1" LUT="-1" fileDirectory="/home/sokrat/project/learn/Hybridsystem/homework/hw5/lab5_z3"><\/item>
<item  id="223" filename="./source/lab5_z3.c" linenumber="6" name="add_ln6_47" contextFuncName="lab5_z3" moduleName="lab5_z3" rtlName="add_ln6_47_fu_1913_p2" latency="0" BRAM="-1" DSP="-1" FF="0" LUT="39" fileDirectory="/home/sokrat/project/learn/Hybridsystem/homework/hw5/lab5_z3"><\/item>
<item  id="224" filename="./source/lab5_z3.c" linenumber="7" name="sub_ln7_47" contextFuncName="lab5_z3" moduleName="lab5_z3" rtlName="sub_ln7_47_fu_1919_p2" latency="0" BRAM="-1" DSP="-1" FF="0" LUT="39" fileDirectory="/home/sokrat/project/learn/Hybridsystem/homework/hw5/lab5_z3"><\/item>
<item  id="225" filename="./source/lab5_z3.c" linenumber="6" name="tmp_94" contextFuncName="lab5_z3" moduleName="lab5_z3" rtlName="tmp_94_fu_1925_p4" latency="0" BRAM="-1" DSP="-1" FF="-1" LUT="-1" fileDirectory="/home/sokrat/project/learn/Hybridsystem/homework/hw5/lab5_z3"><\/item>
<item  id="226" filename="./source/lab5_z3.c" linenumber="6" name="tmp_95" contextFuncName="lab5_z3" moduleName="lab5_z3" rtlName="tmp_95_fu_1935_p4" latency="0" BRAM="-1" DSP="-1" FF="-1" LUT="-1" fileDirectory="/home/sokrat/project/learn/Hybridsystem/homework/hw5/lab5_z3"><\/item>
<item  id="227" filename="./source/lab5_z3.c" linenumber="6" name="add_ln6_48" contextFuncName="lab5_z3" moduleName="lab5_z3" rtlName="add_ln6_48_fu_1945_p2" latency="0" BRAM="-1" DSP="-1" FF="0" LUT="39" fileDirectory="/home/sokrat/project/learn/Hybridsystem/homework/hw5/lab5_z3"><\/item>
<item  id="228" filename="./source/lab5_z3.c" linenumber="7" name="sub_ln7_48" contextFuncName="lab5_z3" moduleName="lab5_z3" rtlName="sub_ln7_48_fu_1951_p2" latency="0" BRAM="-1" DSP="-1" FF="0" LUT="39" fileDirectory="/home/sokrat/project/learn/Hybridsystem/homework/hw5/lab5_z3"><\/item>
<item  id="229" filename="./source/lab5_z3.c" linenumber="6" name="tmp_96" contextFuncName="lab5_z3" moduleName="lab5_z3" rtlName="tmp_96_fu_1957_p4" latency="0" BRAM="-1" DSP="-1" FF="-1" LUT="-1" fileDirectory="/home/sokrat/project/learn/Hybridsystem/homework/hw5/lab5_z3"><\/item>
<item  id="230" filename="./source/lab5_z3.c" linenumber="6" name="tmp_97" contextFuncName="lab5_z3" moduleName="lab5_z3" rtlName="tmp_97_fu_1967_p4" latency="0" BRAM="-1" DSP="-1" FF="-1" LUT="-1" fileDirectory="/home/sokrat/project/learn/Hybridsystem/homework/hw5/lab5_z3"><\/item>
<item  id="231" filename="./source/lab5_z3.c" linenumber="6" name="add_ln6_49" contextFuncName="lab5_z3" moduleName="lab5_z3" rtlName="add_ln6_49_fu_1977_p2" latency="0" BRAM="-1" DSP="-1" FF="0" LUT="39" fileDirectory="/home/sokrat/project/learn/Hybridsystem/homework/hw5/lab5_z3"><\/item>
<item  id="232" filename="./source/lab5_z3.c" linenumber="7" name="sub_ln7_49" contextFuncName="lab5_z3" moduleName="lab5_z3" rtlName="sub_ln7_49_fu_1983_p2" latency="0" BRAM="-1" DSP="-1" FF="0" LUT="39" fileDirectory="/home/sokrat/project/learn/Hybridsystem/homework/hw5/lab5_z3"><\/item>
<item  id="233" filename="./source/lab5_z3.c" linenumber="6" name="tmp_98" contextFuncName="lab5_z3" moduleName="lab5_z3" rtlName="tmp_98_fu_1989_p4" latency="0" BRAM="-1" DSP="-1" FF="-1" LUT="-1" fileDirectory="/home/sokrat/project/learn/Hybridsystem/homework/hw5/lab5_z3"><\/item>
<item  id="234" filename="./source/lab5_z3.c" linenumber="6" name="tmp_99" contextFuncName="lab5_z3" moduleName="lab5_z3" rtlName="tmp_99_fu_1999_p4" latency="0" BRAM="-1" DSP="-1" FF="-1" LUT="-1" fileDirectory="/home/sokrat/project/learn/Hybridsystem/homework/hw5/lab5_z3"><\/item>
<item  id="235" filename="./source/lab5_z3.c" linenumber="6" name="add_ln6_50" contextFuncName="lab5_z3" moduleName="lab5_z3" rtlName="add_ln6_50_fu_2009_p2" latency="0" BRAM="-1" DSP="-1" FF="0" LUT="39" fileDirectory="/home/sokrat/project/learn/Hybridsystem/homework/hw5/lab5_z3"><\/item>
<item  id="236" filename="./source/lab5_z3.c" linenumber="7" name="sub_ln7_50" contextFuncName="lab5_z3" moduleName="lab5_z3" rtlName="sub_ln7_50_fu_2015_p2" latency="0" BRAM="-1" DSP="-1" FF="0" LUT="39" fileDirectory="/home/sokrat/project/learn/Hybridsystem/homework/hw5/lab5_z3"><\/item>
<item  id="237" filename="./source/lab5_z3.c" linenumber="6" name="tmp_100" contextFuncName="lab5_z3" moduleName="lab5_z3" rtlName="tmp_100_fu_2021_p4" latency="0" BRAM="-1" DSP="-1" FF="-1" LUT="-1" fileDirectory="/home/sokrat/project/learn/Hybridsystem/homework/hw5/lab5_z3"><\/item>
<item  id="238" filename="./source/lab5_z3.c" linenumber="6" name="tmp_101" contextFuncName="lab5_z3" moduleName="lab5_z3" rtlName="tmp_101_fu_2031_p4" latency="0" BRAM="-1" DSP="-1" FF="-1" LUT="-1" fileDirectory="/home/sokrat/project/learn/Hybridsystem/homework/hw5/lab5_z3"><\/item>
<item  id="239" filename="./source/lab5_z3.c" linenumber="6" name="add_ln6_51" contextFuncName="lab5_z3" moduleName="lab5_z3" rtlName="add_ln6_51_fu_2041_p2" latency="0" BRAM="-1" DSP="-1" FF="0" LUT="39" fileDirectory="/home/sokrat/project/learn/Hybridsystem/homework/hw5/lab5_z3"><\/item>
<item  id="240" filename="./source/lab5_z3.c" linenumber="7" name="sub_ln7_51" contextFuncName="lab5_z3" moduleName="lab5_z3" rtlName="sub_ln7_51_fu_2047_p2" latency="0" BRAM="-1" DSP="-1" FF="0" LUT="39" fileDirectory="/home/sokrat/project/learn/Hybridsystem/homework/hw5/lab5_z3"><\/item>
<item  id="241" filename="./source/lab5_z3.c" linenumber="6" name="tmp_102" contextFuncName="lab5_z3" moduleName="lab5_z3" rtlName="tmp_102_fu_2053_p4" latency="0" BRAM="-1" DSP="-1" FF="-1" LUT="-1" fileDirectory="/home/sokrat/project/learn/Hybridsystem/homework/hw5/lab5_z3"><\/item>
<item  id="242" filename="./source/lab5_z3.c" linenumber="6" name="tmp_103" contextFuncName="lab5_z3" moduleName="lab5_z3" rtlName="tmp_103_fu_2063_p4" latency="0" BRAM="-1" DSP="-1" FF="-1" LUT="-1" fileDirectory="/home/sokrat/project/learn/Hybridsystem/homework/hw5/lab5_z3"><\/item>
<item  id="243" filename="./source/lab5_z3.c" linenumber="6" name="add_ln6_52" contextFuncName="lab5_z3" moduleName="lab5_z3" rtlName="add_ln6_52_fu_2073_p2" latency="0" BRAM="-1" DSP="-1" FF="0" LUT="39" fileDirectory="/home/sokrat/project/learn/Hybridsystem/homework/hw5/lab5_z3"><\/item>
<item  id="244" filename="./source/lab5_z3.c" linenumber="7" name="sub_ln7_52" contextFuncName="lab5_z3" moduleName="lab5_z3" rtlName="sub_ln7_52_fu_2079_p2" latency="0" BRAM="-1" DSP="-1" FF="0" LUT="39" fileDirectory="/home/sokrat/project/learn/Hybridsystem/homework/hw5/lab5_z3"><\/item>
<item  id="245" filename="./source/lab5_z3.c" linenumber="6" name="tmp_104" contextFuncName="lab5_z3" moduleName="lab5_z3" rtlName="tmp_104_fu_2085_p4" latency="0" BRAM="-1" DSP="-1" FF="-1" LUT="-1" fileDirectory="/home/sokrat/project/learn/Hybridsystem/homework/hw5/lab5_z3"><\/item>
<item  id="246" filename="./source/lab5_z3.c" linenumber="6" name="tmp_105" contextFuncName="lab5_z3" moduleName="lab5_z3" rtlName="tmp_105_fu_2095_p4" latency="0" BRAM="-1" DSP="-1" FF="-1" LUT="-1" fileDirectory="/home/sokrat/project/learn/Hybridsystem/homework/hw5/lab5_z3"><\/item>
<item  id="247" filename="./source/lab5_z3.c" linenumber="6" name="add_ln6_53" contextFuncName="lab5_z3" moduleName="lab5_z3" rtlName="add_ln6_53_fu_2105_p2" latency="0" BRAM="-1" DSP="-1" FF="0" LUT="39" fileDirectory="/home/sokrat/project/learn/Hybridsystem/homework/hw5/lab5_z3"><\/item>
<item  id="248" filename="./source/lab5_z3.c" linenumber="7" name="sub_ln7_53" contextFuncName="lab5_z3" moduleName="lab5_z3" rtlName="sub_ln7_53_fu_2111_p2" latency="0" BRAM="-1" DSP="-1" FF="0" LUT="39" fileDirectory="/home/sokrat/project/learn/Hybridsystem/homework/hw5/lab5_z3"><\/item>
<item  id="249" filename="./source/lab5_z3.c" linenumber="6" name="tmp_106" contextFuncName="lab5_z3" moduleName="lab5_z3" rtlName="tmp_106_fu_2117_p4" latency="0" BRAM="-1" DSP="-1" FF="-1" LUT="-1" fileDirectory="/home/sokrat/project/learn/Hybridsystem/homework/hw5/lab5_z3"><\/item>
<item  id="250" filename="./source/lab5_z3.c" linenumber="6" name="tmp_107" contextFuncName="lab5_z3" moduleName="lab5_z3" rtlName="tmp_107_fu_2127_p4" latency="0" BRAM="-1" DSP="-1" FF="-1" LUT="-1" fileDirectory="/home/sokrat/project/learn/Hybridsystem/homework/hw5/lab5_z3"><\/item>
<item  id="251" filename="./source/lab5_z3.c" linenumber="6" name="add_ln6_54" contextFuncName="lab5_z3" moduleName="lab5_z3" rtlName="add_ln6_54_fu_2137_p2" latency="0" BRAM="-1" DSP="-1" FF="0" LUT="39" fileDirectory="/home/sokrat/project/learn/Hybridsystem/homework/hw5/lab5_z3"><\/item>
<item  id="252" filename="./source/lab5_z3.c" linenumber="7" name="sub_ln7_54" contextFuncName="lab5_z3" moduleName="lab5_z3" rtlName="sub_ln7_54_fu_2143_p2" latency="0" BRAM="-1" DSP="-1" FF="0" LUT="39" fileDirectory="/home/sokrat/project/learn/Hybridsystem/homework/hw5/lab5_z3"><\/item>
<item  id="253" filename="./source/lab5_z3.c" linenumber="6" name="tmp_108" contextFuncName="lab5_z3" moduleName="lab5_z3" rtlName="tmp_108_fu_2149_p4" latency="0" BRAM="-1" DSP="-1" FF="-1" LUT="-1" fileDirectory="/home/sokrat/project/learn/Hybridsystem/homework/hw5/lab5_z3"><\/item>
<item  id="254" filename="./source/lab5_z3.c" linenumber="6" name="tmp_109" contextFuncName="lab5_z3" moduleName="lab5_z3" rtlName="tmp_109_fu_2159_p4" latency="0" BRAM="-1" DSP="-1" FF="-1" LUT="-1" fileDirectory="/home/sokrat/project/learn/Hybridsystem/homework/hw5/lab5_z3"><\/item>
<item  id="255" filename="./source/lab5_z3.c" linenumber="6" name="add_ln6_55" contextFuncName="lab5_z3" moduleName="lab5_z3" rtlName="add_ln6_55_fu_2169_p2" latency="0" BRAM="-1" DSP="-1" FF="0" LUT="39" fileDirectory="/home/sokrat/project/learn/Hybridsystem/homework/hw5/lab5_z3"><\/item>
<item  id="256" filename="./source/lab5_z3.c" linenumber="7" name="sub_ln7_55" contextFuncName="lab5_z3" moduleName="lab5_z3" rtlName="sub_ln7_55_fu_2175_p2" latency="0" BRAM="-1" DSP="-1" FF="0" LUT="39" fileDirectory="/home/sokrat/project/learn/Hybridsystem/homework/hw5/lab5_z3"><\/item>
<item  id="257" filename="./source/lab5_z3.c" linenumber="6" name="tmp_110" contextFuncName="lab5_z3" moduleName="lab5_z3" rtlName="tmp_110_fu_2181_p4" latency="0" BRAM="-1" DSP="-1" FF="-1" LUT="-1" fileDirectory="/home/sokrat/project/learn/Hybridsystem/homework/hw5/lab5_z3"><\/item>
<item  id="258" filename="./source/lab5_z3.c" linenumber="6" name="tmp_111" contextFuncName="lab5_z3" moduleName="lab5_z3" rtlName="tmp_111_fu_2191_p4" latency="0" BRAM="-1" DSP="-1" FF="-1" LUT="-1" fileDirectory="/home/sokrat/project/learn/Hybridsystem/homework/hw5/lab5_z3"><\/item>
<item  id="259" filename="./source/lab5_z3.c" linenumber="6" name="add_ln6_56" contextFuncName="lab5_z3" moduleName="lab5_z3" rtlName="add_ln6_56_fu_2201_p2" latency="0" BRAM="-1" DSP="-1" FF="0" LUT="39" fileDirectory="/home/sokrat/project/learn/Hybridsystem/homework/hw5/lab5_z3"><\/item>
<item  id="260" filename="./source/lab5_z3.c" linenumber="7" name="sub_ln7_56" contextFuncName="lab5_z3" moduleName="lab5_z3" rtlName="sub_ln7_56_fu_2207_p2" latency="0" BRAM="-1" DSP="-1" FF="0" LUT="39" fileDirectory="/home/sokrat/project/learn/Hybridsystem/homework/hw5/lab5_z3"><\/item>
<item  id="261" filename="./source/lab5_z3.c" linenumber="6" name="tmp_112" contextFuncName="lab5_z3" moduleName="lab5_z3" rtlName="tmp_112_fu_2213_p4" latency="0" BRAM="-1" DSP="-1" FF="-1" LUT="-1" fileDirectory="/home/sokrat/project/learn/Hybridsystem/homework/hw5/lab5_z3"><\/item>
<item  id="262" filename="./source/lab5_z3.c" linenumber="6" name="tmp_113" contextFuncName="lab5_z3" moduleName="lab5_z3" rtlName="tmp_113_fu_2223_p4" latency="0" BRAM="-1" DSP="-1" FF="-1" LUT="-1" fileDirectory="/home/sokrat/project/learn/Hybridsystem/homework/hw5/lab5_z3"><\/item>
<item  id="263" filename="./source/lab5_z3.c" linenumber="6" name="add_ln6_57" contextFuncName="lab5_z3" moduleName="lab5_z3" rtlName="add_ln6_57_fu_2233_p2" latency="0" BRAM="-1" DSP="-1" FF="0" LUT="39" fileDirectory="/home/sokrat/project/learn/Hybridsystem/homework/hw5/lab5_z3"><\/item>
<item  id="264" filename="./source/lab5_z3.c" linenumber="7" name="sub_ln7_57" contextFuncName="lab5_z3" moduleName="lab5_z3" rtlName="sub_ln7_57_fu_2239_p2" latency="0" BRAM="-1" DSP="-1" FF="0" LUT="39" fileDirectory="/home/sokrat/project/learn/Hybridsystem/homework/hw5/lab5_z3"><\/item>
<item  id="265" filename="./source/lab5_z3.c" linenumber="6" name="tmp_114" contextFuncName="lab5_z3" moduleName="lab5_z3" rtlName="tmp_114_fu_2245_p4" latency="0" BRAM="-1" DSP="-1" FF="-1" LUT="-1" fileDirectory="/home/sokrat/project/learn/Hybridsystem/homework/hw5/lab5_z3"><\/item>
<item  id="266" filename="./source/lab5_z3.c" linenumber="6" name="tmp_115" contextFuncName="lab5_z3" moduleName="lab5_z3" rtlName="tmp_115_fu_2255_p4" latency="0" BRAM="-1" DSP="-1" FF="-1" LUT="-1" fileDirectory="/home/sokrat/project/learn/Hybridsystem/homework/hw5/lab5_z3"><\/item>
<item  id="267" filename="./source/lab5_z3.c" linenumber="6" name="add_ln6_58" contextFuncName="lab5_z3" moduleName="lab5_z3" rtlName="add_ln6_58_fu_2265_p2" latency="0" BRAM="-1" DSP="-1" FF="0" LUT="39" fileDirectory="/home/sokrat/project/learn/Hybridsystem/homework/hw5/lab5_z3"><\/item>
<item  id="268" filename="./source/lab5_z3.c" linenumber="7" name="sub_ln7_58" contextFuncName="lab5_z3" moduleName="lab5_z3" rtlName="sub_ln7_58_fu_2271_p2" latency="0" BRAM="-1" DSP="-1" FF="0" LUT="39" fileDirectory="/home/sokrat/project/learn/Hybridsystem/homework/hw5/lab5_z3"><\/item>
<item  id="269" filename="./source/lab5_z3.c" linenumber="6" name="tmp_116" contextFuncName="lab5_z3" moduleName="lab5_z3" rtlName="tmp_116_fu_2277_p4" latency="0" BRAM="-1" DSP="-1" FF="-1" LUT="-1" fileDirectory="/home/sokrat/project/learn/Hybridsystem/homework/hw5/lab5_z3"><\/item>
<item  id="270" filename="./source/lab5_z3.c" linenumber="6" name="tmp_117" contextFuncName="lab5_z3" moduleName="lab5_z3" rtlName="tmp_117_fu_2287_p4" latency="0" BRAM="-1" DSP="-1" FF="-1" LUT="-1" fileDirectory="/home/sokrat/project/learn/Hybridsystem/homework/hw5/lab5_z3"><\/item>
<item  id="271" filename="./source/lab5_z3.c" linenumber="6" name="add_ln6_59" contextFuncName="lab5_z3" moduleName="lab5_z3" rtlName="add_ln6_59_fu_2297_p2" latency="0" BRAM="-1" DSP="-1" FF="0" LUT="39" fileDirectory="/home/sokrat/project/learn/Hybridsystem/homework/hw5/lab5_z3"><\/item>
<item  id="272" filename="./source/lab5_z3.c" linenumber="7" name="sub_ln7_59" contextFuncName="lab5_z3" moduleName="lab5_z3" rtlName="sub_ln7_59_fu_2303_p2" latency="0" BRAM="-1" DSP="-1" FF="0" LUT="39" fileDirectory="/home/sokrat/project/learn/Hybridsystem/homework/hw5/lab5_z3"><\/item>
<item  id="273" filename="./source/lab5_z3.c" linenumber="6" name="tmp_118" contextFuncName="lab5_z3" moduleName="lab5_z3" rtlName="tmp_118_fu_2309_p4" latency="0" BRAM="-1" DSP="-1" FF="-1" LUT="-1" fileDirectory="/home/sokrat/project/learn/Hybridsystem/homework/hw5/lab5_z3"><\/item>
<item  id="274" filename="./source/lab5_z3.c" linenumber="6" name="tmp_119" contextFuncName="lab5_z3" moduleName="lab5_z3" rtlName="tmp_119_fu_2319_p4" latency="0" BRAM="-1" DSP="-1" FF="-1" LUT="-1" fileDirectory="/home/sokrat/project/learn/Hybridsystem/homework/hw5/lab5_z3"><\/item>
<item  id="275" filename="./source/lab5_z3.c" linenumber="6" name="add_ln6_60" contextFuncName="lab5_z3" moduleName="lab5_z3" rtlName="add_ln6_60_fu_2329_p2" latency="0" BRAM="-1" DSP="-1" FF="0" LUT="39" fileDirectory="/home/sokrat/project/learn/Hybridsystem/homework/hw5/lab5_z3"><\/item>
<item  id="276" filename="./source/lab5_z3.c" linenumber="7" name="sub_ln7_60" contextFuncName="lab5_z3" moduleName="lab5_z3" rtlName="sub_ln7_60_fu_2335_p2" latency="0" BRAM="-1" DSP="-1" FF="0" LUT="39" fileDirectory="/home/sokrat/project/learn/Hybridsystem/homework/hw5/lab5_z3"><\/item>
<item  id="277" filename="./source/lab5_z3.c" linenumber="6" name="tmp_120" contextFuncName="lab5_z3" moduleName="lab5_z3" rtlName="tmp_120_fu_2341_p4" latency="0" BRAM="-1" DSP="-1" FF="-1" LUT="-1" fileDirectory="/home/sokrat/project/learn/Hybridsystem/homework/hw5/lab5_z3"><\/item>
<item  id="278" filename="./source/lab5_z3.c" linenumber="6" name="tmp_121" contextFuncName="lab5_z3" moduleName="lab5_z3" rtlName="tmp_121_fu_2351_p4" latency="0" BRAM="-1" DSP="-1" FF="-1" LUT="-1" fileDirectory="/home/sokrat/project/learn/Hybridsystem/homework/hw5/lab5_z3"><\/item>
<item  id="279" filename="./source/lab5_z3.c" linenumber="6" name="add_ln6_61" contextFuncName="lab5_z3" moduleName="lab5_z3" rtlName="add_ln6_61_fu_2361_p2" latency="0" BRAM="-1" DSP="-1" FF="0" LUT="39" fileDirectory="/home/sokrat/project/learn/Hybridsystem/homework/hw5/lab5_z3"><\/item>
<item  id="280" filename="./source/lab5_z3.c" linenumber="7" name="sub_ln7_61" contextFuncName="lab5_z3" moduleName="lab5_z3" rtlName="sub_ln7_61_fu_2367_p2" latency="0" BRAM="-1" DSP="-1" FF="0" LUT="39" fileDirectory="/home/sokrat/project/learn/Hybridsystem/homework/hw5/lab5_z3"><\/item>
<item  id="281" filename="./source/lab5_z3.c" linenumber="6" name="tmp_122" contextFuncName="lab5_z3" moduleName="lab5_z3" rtlName="tmp_122_fu_2373_p4" latency="0" BRAM="-1" DSP="-1" FF="-1" LUT="-1" fileDirectory="/home/sokrat/project/learn/Hybridsystem/homework/hw5/lab5_z3"><\/item>
<item  id="282" filename="./source/lab5_z3.c" linenumber="6" name="tmp_123" contextFuncName="lab5_z3" moduleName="lab5_z3" rtlName="tmp_123_fu_2383_p4" latency="0" BRAM="-1" DSP="-1" FF="-1" LUT="-1" fileDirectory="/home/sokrat/project/learn/Hybridsystem/homework/hw5/lab5_z3"><\/item>
<item  id="283" filename="./source/lab5_z3.c" linenumber="6" name="add_ln6_62" contextFuncName="lab5_z3" moduleName="lab5_z3" rtlName="add_ln6_62_fu_2393_p2" latency="0" BRAM="-1" DSP="-1" FF="0" LUT="39" fileDirectory="/home/sokrat/project/learn/Hybridsystem/homework/hw5/lab5_z3"><\/item>
<item  id="284" filename="./source/lab5_z3.c" linenumber="7" name="sub_ln7_62" contextFuncName="lab5_z3" moduleName="lab5_z3" rtlName="sub_ln7_62_fu_2399_p2" latency="0" BRAM="-1" DSP="-1" FF="0" LUT="39" fileDirectory="/home/sokrat/project/learn/Hybridsystem/homework/hw5/lab5_z3"><\/item>
<item  id="285" filename="./source/lab5_z3.c" linenumber="6" name="tmp_124" contextFuncName="lab5_z3" moduleName="lab5_z3" rtlName="tmp_124_fu_2405_p4" latency="0" BRAM="-1" DSP="-1" FF="-1" LUT="-1" fileDirectory="/home/sokrat/project/learn/Hybridsystem/homework/hw5/lab5_z3"><\/item>
<item  id="286" filename="./source/lab5_z3.c" linenumber="6" name="tmp_125" contextFuncName="lab5_z3" moduleName="lab5_z3" rtlName="tmp_125_fu_2415_p4" latency="0" BRAM="-1" DSP="-1" FF="-1" LUT="-1" fileDirectory="/home/sokrat/project/learn/Hybridsystem/homework/hw5/lab5_z3"><\/item>
<item  id="287" filename="./source/lab5_z3.c" linenumber="6" name="add_ln6_63" contextFuncName="lab5_z3" moduleName="lab5_z3" rtlName="add_ln6_63_fu_2425_p2" latency="0" BRAM="-1" DSP="-1" FF="0" LUT="39" fileDirectory="/home/sokrat/project/learn/Hybridsystem/homework/hw5/lab5_z3"><\/item>
<item  id="288" filename="./source/lab5_z3.c" linenumber="6" name="tmp_126" contextFuncName="lab5_z3" moduleName="lab5_z3" rtlName="d_out_A_d0" latency="0" BRAM="-1" DSP="-1" FF="-1" LUT="-1" fileDirectory="/home/sokrat/project/learn/Hybridsystem/homework/hw5/lab5_z3"><\/item>
<item  id="290" filename="./source/lab5_z3.c" linenumber="7" name="sub_ln7_63" contextFuncName="lab5_z3" moduleName="lab5_z3" rtlName="sub_ln7_63_fu_2564_p2" latency="0" BRAM="-1" DSP="-1" FF="0" LUT="39" fileDirectory="/home/sokrat/project/learn/Hybridsystem/homework/hw5/lab5_z3"><\/item>
<item  id="291" filename="./source/lab5_z3.c" linenumber="7" name="tmp_127" contextFuncName="lab5_z3" moduleName="lab5_z3" rtlName="d_out_B_d0" latency="0" BRAM="-1" DSP="-1" FF="-1" LUT="-1" fileDirectory="/home/sokrat/project/learn/Hybridsystem/homework/hw5/lab5_z3"><\/item>
<item  id="293" filename="./source/lab5_z3.c" linenumber="5" name="add_ln5" contextFuncName="lab5_z3" moduleName="lab5_z3" rtlName="add_ln5_fu_395_p2" latency="0" BRAM="-1" DSP="-1" FF="0" LUT="26" fileDirectory="/home/sokrat/project/learn/Hybridsystem/homework/hw5/lab5_z3"><\/item>
</annotationInfo>
