<profile>

<section name = "Vivado HLS Report for 'lab5_z3'" level="0">
<item name = "Date">Fri Nov 26 15:35:52 2021
</item>
<item name = "Version">2020.1 (Build 2897737 on Wed May 27 20:21:37 MDT 2020)</item>
<item name = "Project">lab5_z3_prj</item>
<item name = "Solution">solution1</item>
<item name = "Product family">artix7</item>
<item name = "Target device">xa7a12t-csg325-1Q</item>
</section>

<section name = "Performance Estimates" level="0">
<item name = "Timing">
<section name = "" level="1">
<item name = "Summary"><table name="" hasTotal="0">
<keys size="4">Clock, Target, Estimated, Uncertainty</keys>
<column name="ap_clk">20.00 ns, 7.834 ns, 2.50 ns</column>
</table>
</item>
</section>
</item>
<item name = "Latency">
<section name = "" level="1">
<item name = "Summary"><table name="" hasTotal="0">
<keys size="8">, min, max, min, max, min, max, Type</keys>
<column name="">4098, 4098, 81.960 us, 81.960 us, 4098, 4098, none</column>
</table>
</item>
<item name = "Detail">
<section name = "" level="1">
<item name = "Instance"><table name="" hasTotal="0">
<keys size="9">Instance, Module, min, max, min, max, min, max, Type</keys>
</table>
</item>
<item name = "Loop"><table name="" hasTotal="0">
<keys size="8">Loop Name, min, max, Latency, achieved, target, Count, Pipelined</keys>
<column name="- looplabel0">4096, 4096, 2, 1, 1, 4096, yes</column>
</table>
</item>
</section>
</item>
</section>
</item>
</section>

<section name = "Utilization Estimates" level="0">
<item name = "Summary"><table name="" hasTotal="1">
<keys size="6">Name, BRAM_18K, DSP48E, FF, LUT, URAM</keys>
<column name="DSP">-, -, -, -, -</column>
<column name="Expression">-, -, 0, 5040, -</column>
<column name="FIFO">-, -, -, -, -</column>
<column name="Instance">-, -, -, -, -</column>
<column name="Memory">-, -, -, -, -</column>
<column name="Multiplexer">-, -, -, 45, -</column>
<column name="Register">-, -, 37, -, -</column>
<specialColumn name="Available">40, 40, 16000, 8000, 0</specialColumn>
<specialColumn name="Utilization (%)">0, 0, ~0, 63, 0</specialColumn>
</table>
</item>
<item name = "Detail">
<section name = "" level="1">
<item name = "Instance"><table name="" hasTotal="1">
<keys size="7">Instance, Module, BRAM_18K, DSP48E, FF, LUT, URAM</keys>
</table>
</item>
<item name = "DSP48E"><table name="" hasTotal="0">
<keys size="3">Instance, Module, Expression</keys>
</table>
</item>
<item name = "Memory"><table name="" hasTotal="1">
<keys size="10">Memory, Module, BRAM_18K, FF, LUT, URAM, Words, Bits, Banks, W*Bits*Banks</keys>
</table>
</item>
<item name = "FIFO"><table name="" hasTotal="1">
<keys size="8">Name, BRAM_18K, FF, LUT, URAM, Depth, Bits, Size:D*B</keys>
</table>
</item>
<item name = "Expression"><table name="" hasTotal="1">
<keys size="7">Variable Name, Operation, DSP48E, FF, LUT, Bitwidth P0, Bitwidth P1</keys>
<column name="add_ln5_fu_395_p2">+, 0, 0, 26, 7, 19</column>
<column name="add_ln6_10_fu_729_p2">+, 0, 0, 39, 32, 32</column>
<column name="add_ln6_11_fu_761_p2">+, 0, 0, 39, 32, 32</column>
<column name="add_ln6_12_fu_793_p2">+, 0, 0, 39, 32, 32</column>
<column name="add_ln6_13_fu_825_p2">+, 0, 0, 39, 32, 32</column>
<column name="add_ln6_14_fu_857_p2">+, 0, 0, 39, 32, 32</column>
<column name="add_ln6_15_fu_889_p2">+, 0, 0, 39, 32, 32</column>
<column name="add_ln6_16_fu_921_p2">+, 0, 0, 39, 32, 32</column>
<column name="add_ln6_17_fu_953_p2">+, 0, 0, 39, 32, 32</column>
<column name="add_ln6_18_fu_985_p2">+, 0, 0, 39, 32, 32</column>
<column name="add_ln6_19_fu_1017_p2">+, 0, 0, 39, 32, 32</column>
<column name="add_ln6_1_fu_441_p2">+, 0, 0, 39, 32, 32</column>
<column name="add_ln6_20_fu_1049_p2">+, 0, 0, 39, 32, 32</column>
<column name="add_ln6_21_fu_1081_p2">+, 0, 0, 39, 32, 32</column>
<column name="add_ln6_22_fu_1113_p2">+, 0, 0, 39, 32, 32</column>
<column name="add_ln6_23_fu_1145_p2">+, 0, 0, 39, 32, 32</column>
<column name="add_ln6_24_fu_1177_p2">+, 0, 0, 39, 32, 32</column>
<column name="add_ln6_25_fu_1209_p2">+, 0, 0, 39, 32, 32</column>
<column name="add_ln6_26_fu_1241_p2">+, 0, 0, 39, 32, 32</column>
<column name="add_ln6_27_fu_1273_p2">+, 0, 0, 39, 32, 32</column>
<column name="add_ln6_28_fu_1305_p2">+, 0, 0, 39, 32, 32</column>
<column name="add_ln6_29_fu_1337_p2">+, 0, 0, 39, 32, 32</column>
<column name="add_ln6_2_fu_473_p2">+, 0, 0, 39, 32, 32</column>
<column name="add_ln6_30_fu_1369_p2">+, 0, 0, 39, 32, 32</column>
<column name="add_ln6_31_fu_1401_p2">+, 0, 0, 39, 32, 32</column>
<column name="add_ln6_32_fu_1433_p2">+, 0, 0, 39, 32, 32</column>
<column name="add_ln6_33_fu_1465_p2">+, 0, 0, 39, 32, 32</column>
<column name="add_ln6_34_fu_1497_p2">+, 0, 0, 39, 32, 32</column>
<column name="add_ln6_35_fu_1529_p2">+, 0, 0, 39, 32, 32</column>
<column name="add_ln6_36_fu_1561_p2">+, 0, 0, 39, 32, 32</column>
<column name="add_ln6_37_fu_1593_p2">+, 0, 0, 39, 32, 32</column>
<column name="add_ln6_38_fu_1625_p2">+, 0, 0, 39, 32, 32</column>
<column name="add_ln6_39_fu_1657_p2">+, 0, 0, 39, 32, 32</column>
<column name="add_ln6_3_fu_505_p2">+, 0, 0, 39, 32, 32</column>
<column name="add_ln6_40_fu_1689_p2">+, 0, 0, 39, 32, 32</column>
<column name="add_ln6_41_fu_1721_p2">+, 0, 0, 39, 32, 32</column>
<column name="add_ln6_42_fu_1753_p2">+, 0, 0, 39, 32, 32</column>
<column name="add_ln6_43_fu_1785_p2">+, 0, 0, 39, 32, 32</column>
<column name="add_ln6_44_fu_1817_p2">+, 0, 0, 39, 32, 32</column>
<column name="add_ln6_45_fu_1849_p2">+, 0, 0, 39, 32, 32</column>
<column name="add_ln6_46_fu_1881_p2">+, 0, 0, 39, 32, 32</column>
<column name="add_ln6_47_fu_1913_p2">+, 0, 0, 39, 32, 32</column>
<column name="add_ln6_48_fu_1945_p2">+, 0, 0, 39, 32, 32</column>
<column name="add_ln6_49_fu_1977_p2">+, 0, 0, 39, 32, 32</column>
<column name="add_ln6_4_fu_537_p2">+, 0, 0, 39, 32, 32</column>
<column name="add_ln6_50_fu_2009_p2">+, 0, 0, 39, 32, 32</column>
<column name="add_ln6_51_fu_2041_p2">+, 0, 0, 39, 32, 32</column>
<column name="add_ln6_52_fu_2073_p2">+, 0, 0, 39, 32, 32</column>
<column name="add_ln6_53_fu_2105_p2">+, 0, 0, 39, 32, 32</column>
<column name="add_ln6_54_fu_2137_p2">+, 0, 0, 39, 32, 32</column>
<column name="add_ln6_55_fu_2169_p2">+, 0, 0, 39, 32, 32</column>
<column name="add_ln6_56_fu_2201_p2">+, 0, 0, 39, 32, 32</column>
<column name="add_ln6_57_fu_2233_p2">+, 0, 0, 39, 32, 32</column>
<column name="add_ln6_58_fu_2265_p2">+, 0, 0, 39, 32, 32</column>
<column name="add_ln6_59_fu_2297_p2">+, 0, 0, 39, 32, 32</column>
<column name="add_ln6_5_fu_569_p2">+, 0, 0, 39, 32, 32</column>
<column name="add_ln6_60_fu_2329_p2">+, 0, 0, 39, 32, 32</column>
<column name="add_ln6_61_fu_2361_p2">+, 0, 0, 39, 32, 32</column>
<column name="add_ln6_62_fu_2393_p2">+, 0, 0, 39, 32, 32</column>
<column name="add_ln6_63_fu_2425_p2">+, 0, 0, 39, 32, 32</column>
<column name="add_ln6_6_fu_601_p2">+, 0, 0, 39, 32, 32</column>
<column name="add_ln6_7_fu_633_p2">+, 0, 0, 39, 32, 32</column>
<column name="add_ln6_8_fu_665_p2">+, 0, 0, 39, 32, 32</column>
<column name="add_ln6_9_fu_697_p2">+, 0, 0, 39, 32, 32</column>
<column name="add_ln6_fu_409_p2">+, 0, 0, 39, 32, 32</column>
<column name="sub_ln7_10_fu_735_p2">-, 0, 0, 39, 32, 32</column>
<column name="sub_ln7_11_fu_767_p2">-, 0, 0, 39, 32, 32</column>
<column name="sub_ln7_12_fu_799_p2">-, 0, 0, 39, 32, 32</column>
<column name="sub_ln7_13_fu_831_p2">-, 0, 0, 39, 32, 32</column>
<column name="sub_ln7_14_fu_863_p2">-, 0, 0, 39, 32, 32</column>
<column name="sub_ln7_15_fu_895_p2">-, 0, 0, 39, 32, 32</column>
<column name="sub_ln7_16_fu_927_p2">-, 0, 0, 39, 32, 32</column>
<column name="sub_ln7_17_fu_959_p2">-, 0, 0, 39, 32, 32</column>
<column name="sub_ln7_18_fu_991_p2">-, 0, 0, 39, 32, 32</column>
<column name="sub_ln7_19_fu_1023_p2">-, 0, 0, 39, 32, 32</column>
<column name="sub_ln7_1_fu_447_p2">-, 0, 0, 39, 32, 32</column>
<column name="sub_ln7_20_fu_1055_p2">-, 0, 0, 39, 32, 32</column>
<column name="sub_ln7_21_fu_1087_p2">-, 0, 0, 39, 32, 32</column>
<column name="sub_ln7_22_fu_1119_p2">-, 0, 0, 39, 32, 32</column>
<column name="sub_ln7_23_fu_1151_p2">-, 0, 0, 39, 32, 32</column>
<column name="sub_ln7_24_fu_1183_p2">-, 0, 0, 39, 32, 32</column>
<column name="sub_ln7_25_fu_1215_p2">-, 0, 0, 39, 32, 32</column>
<column name="sub_ln7_26_fu_1247_p2">-, 0, 0, 39, 32, 32</column>
<column name="sub_ln7_27_fu_1279_p2">-, 0, 0, 39, 32, 32</column>
<column name="sub_ln7_28_fu_1311_p2">-, 0, 0, 39, 32, 32</column>
<column name="sub_ln7_29_fu_1343_p2">-, 0, 0, 39, 32, 32</column>
<column name="sub_ln7_2_fu_479_p2">-, 0, 0, 39, 32, 32</column>
<column name="sub_ln7_30_fu_1375_p2">-, 0, 0, 39, 32, 32</column>
<column name="sub_ln7_31_fu_1407_p2">-, 0, 0, 39, 32, 32</column>
<column name="sub_ln7_32_fu_1439_p2">-, 0, 0, 39, 32, 32</column>
<column name="sub_ln7_33_fu_1471_p2">-, 0, 0, 39, 32, 32</column>
<column name="sub_ln7_34_fu_1503_p2">-, 0, 0, 39, 32, 32</column>
<column name="sub_ln7_35_fu_1535_p2">-, 0, 0, 39, 32, 32</column>
<column name="sub_ln7_36_fu_1567_p2">-, 0, 0, 39, 32, 32</column>
<column name="sub_ln7_37_fu_1599_p2">-, 0, 0, 39, 32, 32</column>
<column name="sub_ln7_38_fu_1631_p2">-, 0, 0, 39, 32, 32</column>
<column name="sub_ln7_39_fu_1663_p2">-, 0, 0, 39, 32, 32</column>
<column name="sub_ln7_3_fu_511_p2">-, 0, 0, 39, 32, 32</column>
<column name="sub_ln7_40_fu_1695_p2">-, 0, 0, 39, 32, 32</column>
<column name="sub_ln7_41_fu_1727_p2">-, 0, 0, 39, 32, 32</column>
<column name="sub_ln7_42_fu_1759_p2">-, 0, 0, 39, 32, 32</column>
<column name="sub_ln7_43_fu_1791_p2">-, 0, 0, 39, 32, 32</column>
<column name="sub_ln7_44_fu_1823_p2">-, 0, 0, 39, 32, 32</column>
<column name="sub_ln7_45_fu_1855_p2">-, 0, 0, 39, 32, 32</column>
<column name="sub_ln7_46_fu_1887_p2">-, 0, 0, 39, 32, 32</column>
<column name="sub_ln7_47_fu_1919_p2">-, 0, 0, 39, 32, 32</column>
<column name="sub_ln7_48_fu_1951_p2">-, 0, 0, 39, 32, 32</column>
<column name="sub_ln7_49_fu_1983_p2">-, 0, 0, 39, 32, 32</column>
<column name="sub_ln7_4_fu_543_p2">-, 0, 0, 39, 32, 32</column>
<column name="sub_ln7_50_fu_2015_p2">-, 0, 0, 39, 32, 32</column>
<column name="sub_ln7_51_fu_2047_p2">-, 0, 0, 39, 32, 32</column>
<column name="sub_ln7_52_fu_2079_p2">-, 0, 0, 39, 32, 32</column>
<column name="sub_ln7_53_fu_2111_p2">-, 0, 0, 39, 32, 32</column>
<column name="sub_ln7_54_fu_2143_p2">-, 0, 0, 39, 32, 32</column>
<column name="sub_ln7_55_fu_2175_p2">-, 0, 0, 39, 32, 32</column>
<column name="sub_ln7_56_fu_2207_p2">-, 0, 0, 39, 32, 32</column>
<column name="sub_ln7_57_fu_2239_p2">-, 0, 0, 39, 32, 32</column>
<column name="sub_ln7_58_fu_2271_p2">-, 0, 0, 39, 32, 32</column>
<column name="sub_ln7_59_fu_2303_p2">-, 0, 0, 39, 32, 32</column>
<column name="sub_ln7_5_fu_575_p2">-, 0, 0, 39, 32, 32</column>
<column name="sub_ln7_60_fu_2335_p2">-, 0, 0, 39, 32, 32</column>
<column name="sub_ln7_61_fu_2367_p2">-, 0, 0, 39, 32, 32</column>
<column name="sub_ln7_62_fu_2399_p2">-, 0, 0, 39, 32, 32</column>
<column name="sub_ln7_63_fu_2564_p2">-, 0, 0, 39, 32, 32</column>
<column name="sub_ln7_6_fu_607_p2">-, 0, 0, 39, 32, 32</column>
<column name="sub_ln7_7_fu_639_p2">-, 0, 0, 39, 32, 32</column>
<column name="sub_ln7_8_fu_671_p2">-, 0, 0, 39, 32, 32</column>
<column name="sub_ln7_9_fu_703_p2">-, 0, 0, 39, 32, 32</column>
<column name="sub_ln7_fu_415_p2">-, 0, 0, 39, 32, 32</column>
<column name="icmp_ln5_fu_373_p2">icmp, 0, 0, 18, 19, 20</column>
<column name="ap_enable_pp0">xor, 0, 0, 2, 1, 2</column>
<column name="ap_enable_reg_pp0_iter1">xor, 0, 0, 2, 2, 1</column>
</table>
</item>
<item name = "Multiplexer"><table name="" hasTotal="1">
<keys size="5">Name, LUT, Input Size, Bits, Total Bits</keys>
<column name="ap_NS_fsm">21, 4, 1, 4</column>
<column name="ap_enable_reg_pp0_iter1">15, 3, 1, 3</column>
<column name="i_0_0_reg_362">9, 2, 19, 38</column>
</table>
</item>
<item name = "Register"><table name="" hasTotal="1">
<keys size="5">Name, FF, LUT, Bits, Const Bits</keys>
<column name="ap_CS_fsm">3, 0, 3, 0</column>
<column name="ap_enable_reg_pp0_iter0">1, 0, 1, 0</column>
<column name="ap_enable_reg_pp0_iter1">1, 0, 1, 0</column>
<column name="i_0_0_reg_362">19, 0, 19, 0</column>
<column name="icmp_ln5_reg_2703">1, 0, 1, 0</column>
<column name="zext_ln6_reg_2707">12, 0, 64, 52</column>
</table>
</item>
</section>
</item>
</section>

<section name = "Interface" level="0">
<item name = "Summary"><table name="" hasTotal="0">
<keys size="6">RTL Ports, Dir, Bits, Protocol, Source Object, C Type</keys>
<column name="ap_clk">in, 1, ap_ctrl_hs, lab5_z3, return value</column>
<column name="ap_rst">in, 1, ap_ctrl_hs, lab5_z3, return value</column>
<column name="ap_start">in, 1, ap_ctrl_hs, lab5_z3, return value</column>
<column name="ap_done">out, 1, ap_ctrl_hs, lab5_z3, return value</column>
<column name="ap_idle">out, 1, ap_ctrl_hs, lab5_z3, return value</column>
<column name="ap_ready">out, 1, ap_ctrl_hs, lab5_z3, return value</column>
<column name="d_in_A_address0">out, 12, ap_memory, d_in_A, array</column>
<column name="d_in_A_ce0">out, 1, ap_memory, d_in_A, array</column>
<column name="d_in_A_q0">in, 2048, ap_memory, d_in_A, array</column>
<column name="d_in_B_address0">out, 12, ap_memory, d_in_B, array</column>
<column name="d_in_B_ce0">out, 1, ap_memory, d_in_B, array</column>
<column name="d_in_B_q0">in, 2048, ap_memory, d_in_B, array</column>
<column name="d_out_A_address0">out, 12, ap_memory, d_out_A, array</column>
<column name="d_out_A_ce0">out, 1, ap_memory, d_out_A, array</column>
<column name="d_out_A_we0">out, 1, ap_memory, d_out_A, array</column>
<column name="d_out_A_d0">out, 2048, ap_memory, d_out_A, array</column>
<column name="d_out_B_address0">out, 12, ap_memory, d_out_B, array</column>
<column name="d_out_B_ce0">out, 1, ap_memory, d_out_B, array</column>
<column name="d_out_B_we0">out, 1, ap_memory, d_out_B, array</column>
<column name="d_out_B_d0">out, 2048, ap_memory, d_out_B, array</column>
</table>
</item>
</section>
</profile>
