<annotationInfo>
<annotationInfo>
<item  id="28" filename="source/array_io.c" linenumber="67" name="sext_ln67" contextFuncName="array_io" moduleName="array_io" rtlName="sext_ln67_fu_454_p1" latency="0" BRAM="-1" DSP="-1" FF="-1" LUT="-1" fileDirectory="C:\Xilinx_trn\HLS_Baraev\lab5_optimizing_array_structures"><\/item>
<item  id="29" filename="source/array_io.c" linenumber="67" name="trunc_ln67" contextFuncName="array_io" moduleName="array_io" rtlName="trunc_ln67_fu_458_p1" latency="0" BRAM="-1" DSP="-1" FF="-1" LUT="-1" fileDirectory="C:\Xilinx_trn\HLS_Baraev\lab5_optimizing_array_structures"><\/item>
<item  id="30" filename="source/array_io.c" linenumber="69" name="add_ln69" contextFuncName="array_io" moduleName="array_io" rtlName="add_ln69_fu_462_p2" latency="0" BRAM="-1" DSP="-1" FF="0" LUT="23" fileDirectory="C:\Xilinx_trn\HLS_Baraev\lab5_optimizing_array_structures"><\/item>
<item  id="35" filename="source/array_io.c" linenumber="67" name="sext_ln67_1" contextFuncName="array_io" moduleName="array_io" rtlName="sext_ln67_1_fu_533_p1" latency="0" BRAM="-1" DSP="-1" FF="-1" LUT="-1" fileDirectory="C:\Xilinx_trn\HLS_Baraev\lab5_optimizing_array_structures"><\/item>
<item  id="36" filename="source/array_io.c" linenumber="67" name="trunc_ln67_1" contextFuncName="array_io" moduleName="array_io" rtlName="trunc_ln67_1_fu_537_p1" latency="0" BRAM="-1" DSP="-1" FF="-1" LUT="-1" fileDirectory="C:\Xilinx_trn\HLS_Baraev\lab5_optimizing_array_structures"><\/item>
<item  id="37" filename="source/array_io.c" linenumber="69" name="add_ln69_1" contextFuncName="array_io" moduleName="array_io" rtlName="add_ln69_1_fu_541_p2" latency="0" BRAM="-1" DSP="-1" FF="0" LUT="23" fileDirectory="C:\Xilinx_trn\HLS_Baraev\lab5_optimizing_array_structures"><\/item>
<item  id="42" filename="source/array_io.c" linenumber="67" name="sext_ln67_2" contextFuncName="array_io" moduleName="array_io" rtlName="sext_ln67_2_fu_618_p1" latency="0" BRAM="-1" DSP="-1" FF="-1" LUT="-1" fileDirectory="C:\Xilinx_trn\HLS_Baraev\lab5_optimizing_array_structures"><\/item>
<item  id="43" filename="source/array_io.c" linenumber="67" name="trunc_ln67_2" contextFuncName="array_io" moduleName="array_io" rtlName="trunc_ln67_2_fu_622_p1" latency="0" BRAM="-1" DSP="-1" FF="-1" LUT="-1" fileDirectory="C:\Xilinx_trn\HLS_Baraev\lab5_optimizing_array_structures"><\/item>
<item  id="44" filename="source/array_io.c" linenumber="69" name="add_ln69_2" contextFuncName="array_io" moduleName="array_io" rtlName="add_ln69_2_fu_626_p2" latency="0" BRAM="-1" DSP="-1" FF="0" LUT="23" fileDirectory="C:\Xilinx_trn\HLS_Baraev\lab5_optimizing_array_structures"><\/item>
<item  id="49" filename="source/array_io.c" linenumber="67" name="sext_ln67_3" contextFuncName="array_io" moduleName="array_io" rtlName="sext_ln67_3_fu_703_p1" latency="0" BRAM="-1" DSP="-1" FF="-1" LUT="-1" fileDirectory="C:\Xilinx_trn\HLS_Baraev\lab5_optimizing_array_structures"><\/item>
<item  id="50" filename="source/array_io.c" linenumber="67" name="trunc_ln67_3" contextFuncName="array_io" moduleName="array_io" rtlName="trunc_ln67_3_fu_707_p1" latency="0" BRAM="-1" DSP="-1" FF="-1" LUT="-1" fileDirectory="C:\Xilinx_trn\HLS_Baraev\lab5_optimizing_array_structures"><\/item>
<item  id="51" filename="source/array_io.c" linenumber="69" name="add_ln69_3" contextFuncName="array_io" moduleName="array_io" rtlName="add_ln69_3_fu_711_p2" latency="0" BRAM="-1" DSP="-1" FF="0" LUT="23" fileDirectory="C:\Xilinx_trn\HLS_Baraev\lab5_optimizing_array_structures"><\/item>
<item  id="56" filename="source/array_io.c" linenumber="67" name="sext_ln67_4" contextFuncName="array_io" moduleName="array_io" rtlName="sext_ln67_4_fu_788_p1" latency="0" BRAM="-1" DSP="-1" FF="-1" LUT="-1" fileDirectory="C:\Xilinx_trn\HLS_Baraev\lab5_optimizing_array_structures"><\/item>
<item  id="57" filename="source/array_io.c" linenumber="67" name="trunc_ln67_4" contextFuncName="array_io" moduleName="array_io" rtlName="trunc_ln67_4_fu_792_p1" latency="0" BRAM="-1" DSP="-1" FF="-1" LUT="-1" fileDirectory="C:\Xilinx_trn\HLS_Baraev\lab5_optimizing_array_structures"><\/item>
<item  id="58" filename="source/array_io.c" linenumber="69" name="add_ln69_4" contextFuncName="array_io" moduleName="array_io" rtlName="add_ln69_4_fu_796_p2" latency="0" BRAM="-1" DSP="-1" FF="0" LUT="23" fileDirectory="C:\Xilinx_trn\HLS_Baraev\lab5_optimizing_array_structures"><\/item>
<item  id="63" filename="source/array_io.c" linenumber="67" name="sext_ln67_5" contextFuncName="array_io" moduleName="array_io" rtlName="sext_ln67_5_fu_873_p1" latency="0" BRAM="-1" DSP="-1" FF="-1" LUT="-1" fileDirectory="C:\Xilinx_trn\HLS_Baraev\lab5_optimizing_array_structures"><\/item>
<item  id="64" filename="source/array_io.c" linenumber="67" name="trunc_ln67_5" contextFuncName="array_io" moduleName="array_io" rtlName="trunc_ln67_5_fu_877_p1" latency="0" BRAM="-1" DSP="-1" FF="-1" LUT="-1" fileDirectory="C:\Xilinx_trn\HLS_Baraev\lab5_optimizing_array_structures"><\/item>
<item  id="65" filename="source/array_io.c" linenumber="69" name="add_ln69_5" contextFuncName="array_io" moduleName="array_io" rtlName="add_ln69_5_fu_881_p2" latency="0" BRAM="-1" DSP="-1" FF="0" LUT="23" fileDirectory="C:\Xilinx_trn\HLS_Baraev\lab5_optimizing_array_structures"><\/item>
<item  id="70" filename="source/array_io.c" linenumber="67" name="sext_ln67_6" contextFuncName="array_io" moduleName="array_io" rtlName="sext_ln67_6_fu_958_p1" latency="0" BRAM="-1" DSP="-1" FF="-1" LUT="-1" fileDirectory="C:\Xilinx_trn\HLS_Baraev\lab5_optimizing_array_structures"><\/item>
<item  id="71" filename="source/array_io.c" linenumber="67" name="trunc_ln67_6" contextFuncName="array_io" moduleName="array_io" rtlName="trunc_ln67_6_fu_962_p1" latency="0" BRAM="-1" DSP="-1" FF="-1" LUT="-1" fileDirectory="C:\Xilinx_trn\HLS_Baraev\lab5_optimizing_array_structures"><\/item>
<item  id="72" filename="source/array_io.c" linenumber="69" name="add_ln69_6" contextFuncName="array_io" moduleName="array_io" rtlName="add_ln69_6_fu_966_p2" latency="0" BRAM="-1" DSP="-1" FF="0" LUT="23" fileDirectory="C:\Xilinx_trn\HLS_Baraev\lab5_optimizing_array_structures"><\/item>
<item  id="77" filename="source/array_io.c" linenumber="67" name="sext_ln67_7" contextFuncName="array_io" moduleName="array_io" rtlName="sext_ln67_7_fu_1043_p1" latency="0" BRAM="-1" DSP="-1" FF="-1" LUT="-1" fileDirectory="C:\Xilinx_trn\HLS_Baraev\lab5_optimizing_array_structures"><\/item>
<item  id="78" filename="source/array_io.c" linenumber="67" name="trunc_ln67_7" contextFuncName="array_io" moduleName="array_io" rtlName="trunc_ln67_7_fu_1047_p1" latency="0" BRAM="-1" DSP="-1" FF="-1" LUT="-1" fileDirectory="C:\Xilinx_trn\HLS_Baraev\lab5_optimizing_array_structures"><\/item>
<item  id="79" filename="source/array_io.c" linenumber="69" name="add_ln69_7" contextFuncName="array_io" moduleName="array_io" rtlName="add_ln69_7_fu_1051_p2" latency="0" BRAM="-1" DSP="-1" FF="0" LUT="23" fileDirectory="C:\Xilinx_trn\HLS_Baraev\lab5_optimizing_array_structures"><\/item>
<item  id="83" filename="source/array_io.c" linenumber="69" name="sext_ln69" contextFuncName="array_io" moduleName="array_io" rtlName="sext_ln69_fu_468_p1" latency="0" BRAM="-1" DSP="-1" FF="-1" LUT="-1" fileDirectory="C:\Xilinx_trn\HLS_Baraev\lab5_optimizing_array_structures"><\/item>
<item  id="84" filename="source/array_io.c" linenumber="69" name="add_ln69_8" contextFuncName="array_io" moduleName="array_io" rtlName="add_ln69_8_fu_472_p2" latency="0" BRAM="-1" DSP="-1" FF="0" LUT="23" fileDirectory="C:\Xilinx_trn\HLS_Baraev\lab5_optimizing_array_structures"><\/item>
<item  id="88" filename="source/array_io.c" linenumber="69" name="sext_ln69_1" contextFuncName="array_io" moduleName="array_io" rtlName="sext_ln69_1_fu_547_p1" latency="0" BRAM="-1" DSP="-1" FF="-1" LUT="-1" fileDirectory="C:\Xilinx_trn\HLS_Baraev\lab5_optimizing_array_structures"><\/item>
<item  id="89" filename="source/array_io.c" linenumber="69" name="add_ln69_9" contextFuncName="array_io" moduleName="array_io" rtlName="add_ln69_9_fu_551_p2" latency="0" BRAM="-1" DSP="-1" FF="0" LUT="23" fileDirectory="C:\Xilinx_trn\HLS_Baraev\lab5_optimizing_array_structures"><\/item>
<item  id="93" filename="source/array_io.c" linenumber="69" name="sext_ln69_2" contextFuncName="array_io" moduleName="array_io" rtlName="sext_ln69_2_fu_632_p1" latency="0" BRAM="-1" DSP="-1" FF="-1" LUT="-1" fileDirectory="C:\Xilinx_trn\HLS_Baraev\lab5_optimizing_array_structures"><\/item>
<item  id="94" filename="source/array_io.c" linenumber="69" name="add_ln69_10" contextFuncName="array_io" moduleName="array_io" rtlName="add_ln69_10_fu_636_p2" latency="0" BRAM="-1" DSP="-1" FF="0" LUT="23" fileDirectory="C:\Xilinx_trn\HLS_Baraev\lab5_optimizing_array_structures"><\/item>
<item  id="98" filename="source/array_io.c" linenumber="69" name="sext_ln69_3" contextFuncName="array_io" moduleName="array_io" rtlName="sext_ln69_3_fu_717_p1" latency="0" BRAM="-1" DSP="-1" FF="-1" LUT="-1" fileDirectory="C:\Xilinx_trn\HLS_Baraev\lab5_optimizing_array_structures"><\/item>
<item  id="99" filename="source/array_io.c" linenumber="69" name="add_ln69_11" contextFuncName="array_io" moduleName="array_io" rtlName="add_ln69_11_fu_721_p2" latency="0" BRAM="-1" DSP="-1" FF="0" LUT="23" fileDirectory="C:\Xilinx_trn\HLS_Baraev\lab5_optimizing_array_structures"><\/item>
<item  id="103" filename="source/array_io.c" linenumber="69" name="sext_ln69_4" contextFuncName="array_io" moduleName="array_io" rtlName="sext_ln69_4_fu_802_p1" latency="0" BRAM="-1" DSP="-1" FF="-1" LUT="-1" fileDirectory="C:\Xilinx_trn\HLS_Baraev\lab5_optimizing_array_structures"><\/item>
<item  id="104" filename="source/array_io.c" linenumber="69" name="add_ln69_12" contextFuncName="array_io" moduleName="array_io" rtlName="add_ln69_12_fu_806_p2" latency="0" BRAM="-1" DSP="-1" FF="0" LUT="23" fileDirectory="C:\Xilinx_trn\HLS_Baraev\lab5_optimizing_array_structures"><\/item>
<item  id="108" filename="source/array_io.c" linenumber="69" name="sext_ln69_5" contextFuncName="array_io" moduleName="array_io" rtlName="sext_ln69_5_fu_887_p1" latency="0" BRAM="-1" DSP="-1" FF="-1" LUT="-1" fileDirectory="C:\Xilinx_trn\HLS_Baraev\lab5_optimizing_array_structures"><\/item>
<item  id="109" filename="source/array_io.c" linenumber="69" name="add_ln69_13" contextFuncName="array_io" moduleName="array_io" rtlName="add_ln69_13_fu_891_p2" latency="0" BRAM="-1" DSP="-1" FF="0" LUT="23" fileDirectory="C:\Xilinx_trn\HLS_Baraev\lab5_optimizing_array_structures"><\/item>
<item  id="113" filename="source/array_io.c" linenumber="69" name="sext_ln69_6" contextFuncName="array_io" moduleName="array_io" rtlName="sext_ln69_6_fu_972_p1" latency="0" BRAM="-1" DSP="-1" FF="-1" LUT="-1" fileDirectory="C:\Xilinx_trn\HLS_Baraev\lab5_optimizing_array_structures"><\/item>
<item  id="114" filename="source/array_io.c" linenumber="69" name="add_ln69_14" contextFuncName="array_io" moduleName="array_io" rtlName="add_ln69_14_fu_976_p2" latency="0" BRAM="-1" DSP="-1" FF="0" LUT="23" fileDirectory="C:\Xilinx_trn\HLS_Baraev\lab5_optimizing_array_structures"><\/item>
<item  id="118" filename="source/array_io.c" linenumber="69" name="sext_ln69_7" contextFuncName="array_io" moduleName="array_io" rtlName="sext_ln69_7_fu_1057_p1" latency="0" BRAM="-1" DSP="-1" FF="-1" LUT="-1" fileDirectory="C:\Xilinx_trn\HLS_Baraev\lab5_optimizing_array_structures"><\/item>
<item  id="119" filename="source/array_io.c" linenumber="69" name="add_ln69_15" contextFuncName="array_io" moduleName="array_io" rtlName="add_ln69_15_fu_1061_p2" latency="0" BRAM="-1" DSP="-1" FF="0" LUT="23" fileDirectory="C:\Xilinx_trn\HLS_Baraev\lab5_optimizing_array_structures"><\/item>
<item  id="123" filename="source/array_io.c" linenumber="69" name="sext_ln69_8" contextFuncName="array_io" moduleName="array_io" rtlName="sext_ln69_8_fu_436_p1" latency="0" BRAM="-1" DSP="-1" FF="-1" LUT="-1" fileDirectory="C:\Xilinx_trn\HLS_Baraev\lab5_optimizing_array_structures"><\/item>
<item  id="124" filename="source/array_io.c" linenumber="69" name="add_ln69_16" contextFuncName="array_io" moduleName="array_io" rtlName="add_ln69_16_fu_478_p2" latency="0" BRAM="-1" DSP="-1" FF="0" LUT="23" fileDirectory="C:\Xilinx_trn\HLS_Baraev\lab5_optimizing_array_structures"><\/item>
<item  id="128" filename="source/array_io.c" linenumber="69" name="sext_ln69_9" contextFuncName="array_io" moduleName="array_io" rtlName="sext_ln69_9_fu_484_p1" latency="0" BRAM="-1" DSP="-1" FF="-1" LUT="-1" fileDirectory="C:\Xilinx_trn\HLS_Baraev\lab5_optimizing_array_structures"><\/item>
<item  id="129" filename="source/array_io.c" linenumber="69" name="add_ln69_17" contextFuncName="array_io" moduleName="array_io" rtlName="add_ln69_17_fu_557_p2" latency="0" BRAM="-1" DSP="-1" FF="0" LUT="23" fileDirectory="C:\Xilinx_trn\HLS_Baraev\lab5_optimizing_array_structures"><\/item>
<item  id="133" filename="source/array_io.c" linenumber="69" name="sext_ln69_10" contextFuncName="array_io" moduleName="array_io" rtlName="sext_ln69_10_fu_563_p1" latency="0" BRAM="-1" DSP="-1" FF="-1" LUT="-1" fileDirectory="C:\Xilinx_trn\HLS_Baraev\lab5_optimizing_array_structures"><\/item>
<item  id="134" filename="source/array_io.c" linenumber="69" name="add_ln69_18" contextFuncName="array_io" moduleName="array_io" rtlName="add_ln69_18_fu_642_p2" latency="0" BRAM="-1" DSP="-1" FF="0" LUT="23" fileDirectory="C:\Xilinx_trn\HLS_Baraev\lab5_optimizing_array_structures"><\/item>
<item  id="138" filename="source/array_io.c" linenumber="69" name="sext_ln69_11" contextFuncName="array_io" moduleName="array_io" rtlName="sext_ln69_11_fu_648_p1" latency="0" BRAM="-1" DSP="-1" FF="-1" LUT="-1" fileDirectory="C:\Xilinx_trn\HLS_Baraev\lab5_optimizing_array_structures"><\/item>
<item  id="139" filename="source/array_io.c" linenumber="69" name="add_ln69_19" contextFuncName="array_io" moduleName="array_io" rtlName="add_ln69_19_fu_727_p2" latency="0" BRAM="-1" DSP="-1" FF="0" LUT="23" fileDirectory="C:\Xilinx_trn\HLS_Baraev\lab5_optimizing_array_structures"><\/item>
<item  id="143" filename="source/array_io.c" linenumber="69" name="sext_ln69_12" contextFuncName="array_io" moduleName="array_io" rtlName="sext_ln69_12_fu_733_p1" latency="0" BRAM="-1" DSP="-1" FF="-1" LUT="-1" fileDirectory="C:\Xilinx_trn\HLS_Baraev\lab5_optimizing_array_structures"><\/item>
<item  id="144" filename="source/array_io.c" linenumber="69" name="add_ln69_20" contextFuncName="array_io" moduleName="array_io" rtlName="add_ln69_20_fu_812_p2" latency="0" BRAM="-1" DSP="-1" FF="0" LUT="23" fileDirectory="C:\Xilinx_trn\HLS_Baraev\lab5_optimizing_array_structures"><\/item>
<item  id="148" filename="source/array_io.c" linenumber="69" name="sext_ln69_13" contextFuncName="array_io" moduleName="array_io" rtlName="sext_ln69_13_fu_818_p1" latency="0" BRAM="-1" DSP="-1" FF="-1" LUT="-1" fileDirectory="C:\Xilinx_trn\HLS_Baraev\lab5_optimizing_array_structures"><\/item>
<item  id="149" filename="source/array_io.c" linenumber="69" name="add_ln69_21" contextFuncName="array_io" moduleName="array_io" rtlName="add_ln69_21_fu_897_p2" latency="0" BRAM="-1" DSP="-1" FF="0" LUT="23" fileDirectory="C:\Xilinx_trn\HLS_Baraev\lab5_optimizing_array_structures"><\/item>
<item  id="153" filename="source/array_io.c" linenumber="69" name="sext_ln69_14" contextFuncName="array_io" moduleName="array_io" rtlName="sext_ln69_14_fu_903_p1" latency="0" BRAM="-1" DSP="-1" FF="-1" LUT="-1" fileDirectory="C:\Xilinx_trn\HLS_Baraev\lab5_optimizing_array_structures"><\/item>
<item  id="154" filename="source/array_io.c" linenumber="69" name="add_ln69_22" contextFuncName="array_io" moduleName="array_io" rtlName="add_ln69_22_fu_982_p2" latency="0" BRAM="-1" DSP="-1" FF="0" LUT="23" fileDirectory="C:\Xilinx_trn\HLS_Baraev\lab5_optimizing_array_structures"><\/item>
<item  id="158" filename="source/array_io.c" linenumber="69" name="sext_ln69_15" contextFuncName="array_io" moduleName="array_io" rtlName="sext_ln69_15_fu_988_p1" latency="0" BRAM="-1" DSP="-1" FF="-1" LUT="-1" fileDirectory="C:\Xilinx_trn\HLS_Baraev\lab5_optimizing_array_structures"><\/item>
<item  id="159" filename="source/array_io.c" linenumber="69" name="add_ln69_23" contextFuncName="array_io" moduleName="array_io" rtlName="add_ln69_23_fu_1067_p2" latency="0" BRAM="-1" DSP="-1" FF="0" LUT="23" fileDirectory="C:\Xilinx_trn\HLS_Baraev\lab5_optimizing_array_structures"><\/item>
<item  id="163" filename="source/array_io.c" linenumber="67" name="sext_ln67_8" contextFuncName="array_io" moduleName="array_io" rtlName="sext_ln67_8_fu_440_p1" latency="0" BRAM="-1" DSP="-1" FF="-1" LUT="-1" fileDirectory="C:\Xilinx_trn\HLS_Baraev\lab5_optimizing_array_structures"><\/item>
<item  id="164" filename="source/array_io.c" linenumber="67" name="add_ln67" contextFuncName="array_io" moduleName="array_io" rtlName="add_ln67_fu_488_p2" latency="0" BRAM="-1" DSP="-1" FF="0" LUT="32" fileDirectory="C:\Xilinx_trn\HLS_Baraev\lab5_optimizing_array_structures"><\/item>
<item  id="165" filename="source/array_io.c" linenumber="67" name="add_ln67_1" contextFuncName="array_io" moduleName="array_io" rtlName="add_ln67_1_fu_444_p2" latency="0" BRAM="-1" DSP="-1" FF="0" LUT="24" fileDirectory="C:\Xilinx_trn\HLS_Baraev\lab5_optimizing_array_structures"><\/item>
<item  id="166" filename="source/array_io.c" linenumber="67" name="sext_ln67_9" contextFuncName="array_io" moduleName="array_io" rtlName="sext_ln67_9_fu_494_p1" latency="0" BRAM="-1" DSP="-1" FF="-1" LUT="-1" fileDirectory="C:\Xilinx_trn\HLS_Baraev\lab5_optimizing_array_structures"><\/item>
<item  id="167" filename="source/array_io.c" linenumber="67" name="add_ln67_2" contextFuncName="array_io" moduleName="array_io" rtlName="add_ln67_2_fu_497_p2" latency="0" BRAM="-1" DSP="-1" FF="0" LUT="25" fileDirectory="C:\Xilinx_trn\HLS_Baraev\lab5_optimizing_array_structures"><\/item>
<item  id="168" filename="source/array_io.c" linenumber="67" name="sext_ln67_10" contextFuncName="array_io" moduleName="array_io" rtlName="sext_ln67_10_fu_503_p1" latency="0" BRAM="-1" DSP="-1" FF="-1" LUT="-1" fileDirectory="C:\Xilinx_trn\HLS_Baraev\lab5_optimizing_array_structures"><\/item>
<item  id="169" filename="source/array_io.c" linenumber="67" name="add_ln67_3" contextFuncName="array_io" moduleName="array_io" rtlName="add_ln67_3_fu_507_p2" latency="0" BRAM="-1" DSP="-1" FF="0" LUT="32" fileDirectory="C:\Xilinx_trn\HLS_Baraev\lab5_optimizing_array_structures"><\/item>
<item  id="171" filename="source/array_io.c" linenumber="69" name="add_ln69_24" contextFuncName="array_io" moduleName="array_io" rtlName="add_ln69_24_fu_567_p2" latency="0" BRAM="-1" DSP="-1" FF="0" LUT="23" fileDirectory="C:\Xilinx_trn\HLS_Baraev\lab5_optimizing_array_structures"><\/item>
<item  id="175" filename="source/array_io.c" linenumber="67" name="sext_ln67_11" contextFuncName="array_io" moduleName="array_io" rtlName="sext_ln67_11_fu_519_p1" latency="0" BRAM="-1" DSP="-1" FF="-1" LUT="-1" fileDirectory="C:\Xilinx_trn\HLS_Baraev\lab5_optimizing_array_structures"><\/item>
<item  id="176" filename="source/array_io.c" linenumber="67" name="add_ln67_4" contextFuncName="array_io" moduleName="array_io" rtlName="add_ln67_4_fu_573_p2" latency="0" BRAM="-1" DSP="-1" FF="0" LUT="32" fileDirectory="C:\Xilinx_trn\HLS_Baraev\lab5_optimizing_array_structures"><\/item>
<item  id="177" filename="source/array_io.c" linenumber="67" name="add_ln67_5" contextFuncName="array_io" moduleName="array_io" rtlName="add_ln67_5_fu_523_p2" latency="0" BRAM="-1" DSP="-1" FF="0" LUT="24" fileDirectory="C:\Xilinx_trn\HLS_Baraev\lab5_optimizing_array_structures"><\/item>
<item  id="178" filename="source/array_io.c" linenumber="67" name="sext_ln67_12" contextFuncName="array_io" moduleName="array_io" rtlName="sext_ln67_12_fu_579_p1" latency="0" BRAM="-1" DSP="-1" FF="-1" LUT="-1" fileDirectory="C:\Xilinx_trn\HLS_Baraev\lab5_optimizing_array_structures"><\/item>
<item  id="179" filename="source/array_io.c" linenumber="67" name="add_ln67_6" contextFuncName="array_io" moduleName="array_io" rtlName="add_ln67_6_fu_582_p2" latency="0" BRAM="-1" DSP="-1" FF="0" LUT="25" fileDirectory="C:\Xilinx_trn\HLS_Baraev\lab5_optimizing_array_structures"><\/item>
<item  id="180" filename="source/array_io.c" linenumber="67" name="sext_ln67_13" contextFuncName="array_io" moduleName="array_io" rtlName="sext_ln67_13_fu_588_p1" latency="0" BRAM="-1" DSP="-1" FF="-1" LUT="-1" fileDirectory="C:\Xilinx_trn\HLS_Baraev\lab5_optimizing_array_structures"><\/item>
<item  id="181" filename="source/array_io.c" linenumber="67" name="add_ln67_7" contextFuncName="array_io" moduleName="array_io" rtlName="add_ln67_7_fu_592_p2" latency="0" BRAM="-1" DSP="-1" FF="0" LUT="32" fileDirectory="C:\Xilinx_trn\HLS_Baraev\lab5_optimizing_array_structures"><\/item>
<item  id="183" filename="source/array_io.c" linenumber="69" name="add_ln69_25" contextFuncName="array_io" moduleName="array_io" rtlName="add_ln69_25_fu_652_p2" latency="0" BRAM="-1" DSP="-1" FF="0" LUT="23" fileDirectory="C:\Xilinx_trn\HLS_Baraev\lab5_optimizing_array_structures"><\/item>
<item  id="187" filename="source/array_io.c" linenumber="67" name="sext_ln67_14" contextFuncName="array_io" moduleName="array_io" rtlName="sext_ln67_14_fu_604_p1" latency="0" BRAM="-1" DSP="-1" FF="-1" LUT="-1" fileDirectory="C:\Xilinx_trn\HLS_Baraev\lab5_optimizing_array_structures"><\/item>
<item  id="188" filename="source/array_io.c" linenumber="67" name="add_ln67_8" contextFuncName="array_io" moduleName="array_io" rtlName="add_ln67_8_fu_658_p2" latency="0" BRAM="-1" DSP="-1" FF="0" LUT="32" fileDirectory="C:\Xilinx_trn\HLS_Baraev\lab5_optimizing_array_structures"><\/item>
<item  id="189" filename="source/array_io.c" linenumber="67" name="add_ln67_9" contextFuncName="array_io" moduleName="array_io" rtlName="add_ln67_9_fu_608_p2" latency="0" BRAM="-1" DSP="-1" FF="0" LUT="24" fileDirectory="C:\Xilinx_trn\HLS_Baraev\lab5_optimizing_array_structures"><\/item>
<item  id="190" filename="source/array_io.c" linenumber="67" name="sext_ln67_15" contextFuncName="array_io" moduleName="array_io" rtlName="sext_ln67_15_fu_664_p1" latency="0" BRAM="-1" DSP="-1" FF="-1" LUT="-1" fileDirectory="C:\Xilinx_trn\HLS_Baraev\lab5_optimizing_array_structures"><\/item>
<item  id="191" filename="source/array_io.c" linenumber="67" name="add_ln67_10" contextFuncName="array_io" moduleName="array_io" rtlName="add_ln67_10_fu_667_p2" latency="0" BRAM="-1" DSP="-1" FF="0" LUT="25" fileDirectory="C:\Xilinx_trn\HLS_Baraev\lab5_optimizing_array_structures"><\/item>
<item  id="192" filename="source/array_io.c" linenumber="67" name="sext_ln67_16" contextFuncName="array_io" moduleName="array_io" rtlName="sext_ln67_16_fu_673_p1" latency="0" BRAM="-1" DSP="-1" FF="-1" LUT="-1" fileDirectory="C:\Xilinx_trn\HLS_Baraev\lab5_optimizing_array_structures"><\/item>
<item  id="193" filename="source/array_io.c" linenumber="67" name="add_ln67_11" contextFuncName="array_io" moduleName="array_io" rtlName="add_ln67_11_fu_677_p2" latency="0" BRAM="-1" DSP="-1" FF="0" LUT="32" fileDirectory="C:\Xilinx_trn\HLS_Baraev\lab5_optimizing_array_structures"><\/item>
<item  id="195" filename="source/array_io.c" linenumber="69" name="add_ln69_26" contextFuncName="array_io" moduleName="array_io" rtlName="add_ln69_26_fu_737_p2" latency="0" BRAM="-1" DSP="-1" FF="0" LUT="23" fileDirectory="C:\Xilinx_trn\HLS_Baraev\lab5_optimizing_array_structures"><\/item>
<item  id="199" filename="source/array_io.c" linenumber="67" name="sext_ln67_17" contextFuncName="array_io" moduleName="array_io" rtlName="sext_ln67_17_fu_689_p1" latency="0" BRAM="-1" DSP="-1" FF="-1" LUT="-1" fileDirectory="C:\Xilinx_trn\HLS_Baraev\lab5_optimizing_array_structures"><\/item>
<item  id="200" filename="source/array_io.c" linenumber="67" name="add_ln67_12" contextFuncName="array_io" moduleName="array_io" rtlName="add_ln67_12_fu_743_p2" latency="0" BRAM="-1" DSP="-1" FF="0" LUT="32" fileDirectory="C:\Xilinx_trn\HLS_Baraev\lab5_optimizing_array_structures"><\/item>
<item  id="201" filename="source/array_io.c" linenumber="67" name="add_ln67_13" contextFuncName="array_io" moduleName="array_io" rtlName="add_ln67_13_fu_693_p2" latency="0" BRAM="-1" DSP="-1" FF="0" LUT="24" fileDirectory="C:\Xilinx_trn\HLS_Baraev\lab5_optimizing_array_structures"><\/item>
<item  id="202" filename="source/array_io.c" linenumber="67" name="sext_ln67_18" contextFuncName="array_io" moduleName="array_io" rtlName="sext_ln67_18_fu_749_p1" latency="0" BRAM="-1" DSP="-1" FF="-1" LUT="-1" fileDirectory="C:\Xilinx_trn\HLS_Baraev\lab5_optimizing_array_structures"><\/item>
<item  id="203" filename="source/array_io.c" linenumber="67" name="add_ln67_14" contextFuncName="array_io" moduleName="array_io" rtlName="add_ln67_14_fu_752_p2" latency="0" BRAM="-1" DSP="-1" FF="0" LUT="25" fileDirectory="C:\Xilinx_trn\HLS_Baraev\lab5_optimizing_array_structures"><\/item>
<item  id="204" filename="source/array_io.c" linenumber="67" name="sext_ln67_19" contextFuncName="array_io" moduleName="array_io" rtlName="sext_ln67_19_fu_758_p1" latency="0" BRAM="-1" DSP="-1" FF="-1" LUT="-1" fileDirectory="C:\Xilinx_trn\HLS_Baraev\lab5_optimizing_array_structures"><\/item>
<item  id="205" filename="source/array_io.c" linenumber="67" name="add_ln67_15" contextFuncName="array_io" moduleName="array_io" rtlName="add_ln67_15_fu_762_p2" latency="0" BRAM="-1" DSP="-1" FF="0" LUT="32" fileDirectory="C:\Xilinx_trn\HLS_Baraev\lab5_optimizing_array_structures"><\/item>
<item  id="207" filename="source/array_io.c" linenumber="69" name="add_ln69_27" contextFuncName="array_io" moduleName="array_io" rtlName="add_ln69_27_fu_822_p2" latency="0" BRAM="-1" DSP="-1" FF="0" LUT="23" fileDirectory="C:\Xilinx_trn\HLS_Baraev\lab5_optimizing_array_structures"><\/item>
<item  id="211" filename="source/array_io.c" linenumber="67" name="sext_ln67_20" contextFuncName="array_io" moduleName="array_io" rtlName="sext_ln67_20_fu_774_p1" latency="0" BRAM="-1" DSP="-1" FF="-1" LUT="-1" fileDirectory="C:\Xilinx_trn\HLS_Baraev\lab5_optimizing_array_structures"><\/item>
<item  id="212" filename="source/array_io.c" linenumber="67" name="add_ln67_16" contextFuncName="array_io" moduleName="array_io" rtlName="add_ln67_16_fu_828_p2" latency="0" BRAM="-1" DSP="-1" FF="0" LUT="32" fileDirectory="C:\Xilinx_trn\HLS_Baraev\lab5_optimizing_array_structures"><\/item>
<item  id="213" filename="source/array_io.c" linenumber="67" name="add_ln67_17" contextFuncName="array_io" moduleName="array_io" rtlName="add_ln67_17_fu_778_p2" latency="0" BRAM="-1" DSP="-1" FF="0" LUT="24" fileDirectory="C:\Xilinx_trn\HLS_Baraev\lab5_optimizing_array_structures"><\/item>
<item  id="214" filename="source/array_io.c" linenumber="67" name="sext_ln67_21" contextFuncName="array_io" moduleName="array_io" rtlName="sext_ln67_21_fu_834_p1" latency="0" BRAM="-1" DSP="-1" FF="-1" LUT="-1" fileDirectory="C:\Xilinx_trn\HLS_Baraev\lab5_optimizing_array_structures"><\/item>
<item  id="215" filename="source/array_io.c" linenumber="67" name="add_ln67_18" contextFuncName="array_io" moduleName="array_io" rtlName="add_ln67_18_fu_837_p2" latency="0" BRAM="-1" DSP="-1" FF="0" LUT="25" fileDirectory="C:\Xilinx_trn\HLS_Baraev\lab5_optimizing_array_structures"><\/item>
<item  id="216" filename="source/array_io.c" linenumber="67" name="sext_ln67_22" contextFuncName="array_io" moduleName="array_io" rtlName="sext_ln67_22_fu_843_p1" latency="0" BRAM="-1" DSP="-1" FF="-1" LUT="-1" fileDirectory="C:\Xilinx_trn\HLS_Baraev\lab5_optimizing_array_structures"><\/item>
<item  id="217" filename="source/array_io.c" linenumber="67" name="add_ln67_19" contextFuncName="array_io" moduleName="array_io" rtlName="add_ln67_19_fu_847_p2" latency="0" BRAM="-1" DSP="-1" FF="0" LUT="32" fileDirectory="C:\Xilinx_trn\HLS_Baraev\lab5_optimizing_array_structures"><\/item>
<item  id="219" filename="source/array_io.c" linenumber="69" name="add_ln69_28" contextFuncName="array_io" moduleName="array_io" rtlName="add_ln69_28_fu_907_p2" latency="0" BRAM="-1" DSP="-1" FF="0" LUT="23" fileDirectory="C:\Xilinx_trn\HLS_Baraev\lab5_optimizing_array_structures"><\/item>
<item  id="223" filename="source/array_io.c" linenumber="67" name="sext_ln67_23" contextFuncName="array_io" moduleName="array_io" rtlName="sext_ln67_23_fu_859_p1" latency="0" BRAM="-1" DSP="-1" FF="-1" LUT="-1" fileDirectory="C:\Xilinx_trn\HLS_Baraev\lab5_optimizing_array_structures"><\/item>
<item  id="224" filename="source/array_io.c" linenumber="67" name="add_ln67_20" contextFuncName="array_io" moduleName="array_io" rtlName="add_ln67_20_fu_913_p2" latency="0" BRAM="-1" DSP="-1" FF="0" LUT="32" fileDirectory="C:\Xilinx_trn\HLS_Baraev\lab5_optimizing_array_structures"><\/item>
<item  id="225" filename="source/array_io.c" linenumber="67" name="add_ln67_21" contextFuncName="array_io" moduleName="array_io" rtlName="add_ln67_21_fu_863_p2" latency="0" BRAM="-1" DSP="-1" FF="0" LUT="24" fileDirectory="C:\Xilinx_trn\HLS_Baraev\lab5_optimizing_array_structures"><\/item>
<item  id="226" filename="source/array_io.c" linenumber="67" name="sext_ln67_24" contextFuncName="array_io" moduleName="array_io" rtlName="sext_ln67_24_fu_919_p1" latency="0" BRAM="-1" DSP="-1" FF="-1" LUT="-1" fileDirectory="C:\Xilinx_trn\HLS_Baraev\lab5_optimizing_array_structures"><\/item>
<item  id="227" filename="source/array_io.c" linenumber="67" name="add_ln67_22" contextFuncName="array_io" moduleName="array_io" rtlName="add_ln67_22_fu_922_p2" latency="0" BRAM="-1" DSP="-1" FF="0" LUT="25" fileDirectory="C:\Xilinx_trn\HLS_Baraev\lab5_optimizing_array_structures"><\/item>
<item  id="228" filename="source/array_io.c" linenumber="67" name="sext_ln67_25" contextFuncName="array_io" moduleName="array_io" rtlName="sext_ln67_25_fu_928_p1" latency="0" BRAM="-1" DSP="-1" FF="-1" LUT="-1" fileDirectory="C:\Xilinx_trn\HLS_Baraev\lab5_optimizing_array_structures"><\/item>
<item  id="229" filename="source/array_io.c" linenumber="67" name="add_ln67_23" contextFuncName="array_io" moduleName="array_io" rtlName="add_ln67_23_fu_932_p2" latency="0" BRAM="-1" DSP="-1" FF="0" LUT="32" fileDirectory="C:\Xilinx_trn\HLS_Baraev\lab5_optimizing_array_structures"><\/item>
<item  id="231" filename="source/array_io.c" linenumber="69" name="add_ln69_29" contextFuncName="array_io" moduleName="array_io" rtlName="add_ln69_29_fu_992_p2" latency="0" BRAM="-1" DSP="-1" FF="0" LUT="23" fileDirectory="C:\Xilinx_trn\HLS_Baraev\lab5_optimizing_array_structures"><\/item>
<item  id="235" filename="source/array_io.c" linenumber="67" name="sext_ln67_26" contextFuncName="array_io" moduleName="array_io" rtlName="sext_ln67_26_fu_944_p1" latency="0" BRAM="-1" DSP="-1" FF="-1" LUT="-1" fileDirectory="C:\Xilinx_trn\HLS_Baraev\lab5_optimizing_array_structures"><\/item>
<item  id="236" filename="source/array_io.c" linenumber="67" name="add_ln67_24" contextFuncName="array_io" moduleName="array_io" rtlName="add_ln67_24_fu_998_p2" latency="0" BRAM="-1" DSP="-1" FF="0" LUT="32" fileDirectory="C:\Xilinx_trn\HLS_Baraev\lab5_optimizing_array_structures"><\/item>
<item  id="237" filename="source/array_io.c" linenumber="67" name="add_ln67_25" contextFuncName="array_io" moduleName="array_io" rtlName="add_ln67_25_fu_948_p2" latency="0" BRAM="-1" DSP="-1" FF="0" LUT="24" fileDirectory="C:\Xilinx_trn\HLS_Baraev\lab5_optimizing_array_structures"><\/item>
<item  id="238" filename="source/array_io.c" linenumber="67" name="sext_ln67_27" contextFuncName="array_io" moduleName="array_io" rtlName="sext_ln67_27_fu_1004_p1" latency="0" BRAM="-1" DSP="-1" FF="-1" LUT="-1" fileDirectory="C:\Xilinx_trn\HLS_Baraev\lab5_optimizing_array_structures"><\/item>
<item  id="239" filename="source/array_io.c" linenumber="67" name="add_ln67_26" contextFuncName="array_io" moduleName="array_io" rtlName="add_ln67_26_fu_1007_p2" latency="0" BRAM="-1" DSP="-1" FF="0" LUT="25" fileDirectory="C:\Xilinx_trn\HLS_Baraev\lab5_optimizing_array_structures"><\/item>
<item  id="240" filename="source/array_io.c" linenumber="67" name="sext_ln67_28" contextFuncName="array_io" moduleName="array_io" rtlName="sext_ln67_28_fu_1013_p1" latency="0" BRAM="-1" DSP="-1" FF="-1" LUT="-1" fileDirectory="C:\Xilinx_trn\HLS_Baraev\lab5_optimizing_array_structures"><\/item>
<item  id="241" filename="source/array_io.c" linenumber="67" name="add_ln67_27" contextFuncName="array_io" moduleName="array_io" rtlName="add_ln67_27_fu_1017_p2" latency="0" BRAM="-1" DSP="-1" FF="0" LUT="32" fileDirectory="C:\Xilinx_trn\HLS_Baraev\lab5_optimizing_array_structures"><\/item>
<item  id="243" filename="source/array_io.c" linenumber="69" name="add_ln69_30" contextFuncName="array_io" moduleName="array_io" rtlName="add_ln69_30_fu_1073_p2" latency="0" BRAM="-1" DSP="-1" FF="0" LUT="23" fileDirectory="C:\Xilinx_trn\HLS_Baraev\lab5_optimizing_array_structures"><\/item>
<item  id="247" filename="source/array_io.c" linenumber="67" name="sext_ln67_29" contextFuncName="array_io" moduleName="array_io" rtlName="sext_ln67_29_fu_1029_p1" latency="0" BRAM="-1" DSP="-1" FF="-1" LUT="-1" fileDirectory="C:\Xilinx_trn\HLS_Baraev\lab5_optimizing_array_structures"><\/item>
<item  id="248" filename="source/array_io.c" linenumber="67" name="add_ln67_28" contextFuncName="array_io" moduleName="array_io" rtlName="add_ln67_28_fu_1079_p2" latency="0" BRAM="-1" DSP="-1" FF="0" LUT="32" fileDirectory="C:\Xilinx_trn\HLS_Baraev\lab5_optimizing_array_structures"><\/item>
<item  id="249" filename="source/array_io.c" linenumber="67" name="add_ln67_29" contextFuncName="array_io" moduleName="array_io" rtlName="add_ln67_29_fu_1033_p2" latency="0" BRAM="-1" DSP="-1" FF="0" LUT="24" fileDirectory="C:\Xilinx_trn\HLS_Baraev\lab5_optimizing_array_structures"><\/item>
<item  id="250" filename="source/array_io.c" linenumber="67" name="sext_ln67_30" contextFuncName="array_io" moduleName="array_io" rtlName="sext_ln67_30_fu_1085_p1" latency="0" BRAM="-1" DSP="-1" FF="-1" LUT="-1" fileDirectory="C:\Xilinx_trn\HLS_Baraev\lab5_optimizing_array_structures"><\/item>
<item  id="251" filename="source/array_io.c" linenumber="67" name="add_ln67_30" contextFuncName="array_io" moduleName="array_io" rtlName="add_ln67_30_fu_1088_p2" latency="0" BRAM="-1" DSP="-1" FF="0" LUT="25" fileDirectory="C:\Xilinx_trn\HLS_Baraev\lab5_optimizing_array_structures"><\/item>
<item  id="252" filename="source/array_io.c" linenumber="67" name="sext_ln67_31" contextFuncName="array_io" moduleName="array_io" rtlName="sext_ln67_31_fu_1094_p1" latency="0" BRAM="-1" DSP="-1" FF="-1" LUT="-1" fileDirectory="C:\Xilinx_trn\HLS_Baraev\lab5_optimizing_array_structures"><\/item>
<item  id="253" filename="source/array_io.c" linenumber="67" name="add_ln67_31" contextFuncName="array_io" moduleName="array_io" rtlName="add_ln67_31_fu_1098_p2" latency="0" BRAM="-1" DSP="-1" FF="0" LUT="32" fileDirectory="C:\Xilinx_trn\HLS_Baraev\lab5_optimizing_array_structures"><\/item>
<item  id="255" filename="source/array_io.c" linenumber="69" name="add_ln69_31" contextFuncName="array_io" moduleName="array_io" rtlName="add_ln69_31_fu_1110_p2" latency="0" BRAM="-1" DSP="-1" FF="0" LUT="23" fileDirectory="C:\Xilinx_trn\HLS_Baraev\lab5_optimizing_array_structures"><\/item>
<\/annotationInfo>
</annotationInfo>
