<profile>

<section name = "Vivado HLS Report for 'array_io'" level="0">
<item name = "Date">Sun Dec 12 02:52:19 2021
</item>
<item name = "Version">2019.2 (Build 2704478 on Wed Nov 06 22:10:23 MST 2019)</item>
<item name = "Project">array_io_prj</item>
<item name = "Solution">solution2</item>
<item name = "Product family">artix7</item>
<item name = "Target device">xa7a12t-csg325-1Q</item>
</section>

<section name = "Performance Estimates" level="0">
<item name = "Timing">
<section name = "" level="1">
<item name = "Summary"><table name="" hasTotal="0">
<keys size="4">Clock, Target, Estimated, Uncertainty</keys>
<column name="ap_clk">8.00 ns, 6.686 ns, 1.00 ns</column>
</table>
</item>
</section>
</item>
<item name = "Latency">
<section name = "" level="1">
<item name = "Summary"><table name="" hasTotal="0">
<keys size="8">, min, max, min, max, min, max, Type</keys>
<column name="">10, 10, 80.000 ns, 80.000 ns, 10, 10, none</column>
</table>
</item>
<item name = "Detail">
<section name = "" level="1">
<item name = "Instance"><table name="" hasTotal="0">
<keys size="9">Instance, Module, min, max, min, max, min, max, Type</keys>
</table>
</item>
<item name = "Loop"><table name="" hasTotal="0">
<keys size="8">Loop Name, min, max, Latency, achieved, target, Count, Pipelined</keys>
</table>
</item>
</section>
</item>
</section>
</item>
</section>

<section name = "Utilization Estimates" level="0">
<item name = "Summary"><table name="" hasTotal="1">
<keys size="6">Name, BRAM_18K, DSP48E, FF, LUT, URAM</keys>
<column name="DSP">-, -, -, -, -</column>
<column name="Expression">-, -, 0, 1642, -</column>
<column name="FIFO">-, -, -, -, -</column>
<column name="Instance">-, -, -, -, -</column>
<column name="Memory">-, -, -, -, -</column>
<column name="Multiplexer">-, -, -, 441, -</column>
<column name="Register">-, -, 867, -, -</column>
<specialColumn name="Available">40, 40, 16000, 8000, 0</specialColumn>
<specialColumn name="Utilization (%)">0, 0, 5, 26, 0</specialColumn>
</table>
</item>
<item name = "Detail">
<section name = "" level="1">
<item name = "Instance"><table name="" hasTotal="1">
<keys size="7">Instance, Module, BRAM_18K, DSP48E, FF, LUT, URAM</keys>
</table>
</item>
<item name = "DSP48E"><table name="" hasTotal="0">
<keys size="3">Instance, Module, Expression</keys>
</table>
</item>
<item name = "Memory"><table name="" hasTotal="1">
<keys size="10">Memory, Module, BRAM_18K, FF, LUT, URAM, Words, Bits, Banks, W*Bits*Banks</keys>
</table>
</item>
<item name = "FIFO"><table name="" hasTotal="1">
<keys size="8">Name, BRAM_18K, FF, LUT, URAM, Depth, Bits, Size:D*B</keys>
</table>
</item>
<item name = "Expression"><table name="" hasTotal="1">
<keys size="7">Variable Name, Operation, DSP48E, FF, LUT, Bitwidth P0, Bitwidth P1</keys>
<column name="add_ln67_10_fu_667_p2">+, 0, 0, 25, 18, 18</column>
<column name="add_ln67_11_fu_677_p2">+, 0, 0, 32, 32, 32</column>
<column name="add_ln67_12_fu_743_p2">+, 0, 0, 32, 32, 32</column>
<column name="add_ln67_13_fu_693_p2">+, 0, 0, 24, 17, 17</column>
<column name="add_ln67_14_fu_752_p2">+, 0, 0, 25, 18, 18</column>
<column name="add_ln67_15_fu_762_p2">+, 0, 0, 32, 32, 32</column>
<column name="add_ln67_16_fu_828_p2">+, 0, 0, 32, 32, 32</column>
<column name="add_ln67_17_fu_778_p2">+, 0, 0, 24, 17, 17</column>
<column name="add_ln67_18_fu_837_p2">+, 0, 0, 25, 18, 18</column>
<column name="add_ln67_19_fu_847_p2">+, 0, 0, 32, 32, 32</column>
<column name="add_ln67_1_fu_444_p2">+, 0, 0, 24, 17, 17</column>
<column name="add_ln67_20_fu_913_p2">+, 0, 0, 32, 32, 32</column>
<column name="add_ln67_21_fu_863_p2">+, 0, 0, 24, 17, 17</column>
<column name="add_ln67_22_fu_922_p2">+, 0, 0, 25, 18, 18</column>
<column name="add_ln67_23_fu_932_p2">+, 0, 0, 32, 32, 32</column>
<column name="add_ln67_24_fu_998_p2">+, 0, 0, 32, 32, 32</column>
<column name="add_ln67_25_fu_948_p2">+, 0, 0, 24, 17, 17</column>
<column name="add_ln67_26_fu_1007_p2">+, 0, 0, 25, 18, 18</column>
<column name="add_ln67_27_fu_1017_p2">+, 0, 0, 32, 32, 32</column>
<column name="add_ln67_28_fu_1079_p2">+, 0, 0, 32, 32, 32</column>
<column name="add_ln67_29_fu_1033_p2">+, 0, 0, 24, 17, 17</column>
<column name="add_ln67_2_fu_497_p2">+, 0, 0, 25, 18, 18</column>
<column name="add_ln67_30_fu_1088_p2">+, 0, 0, 25, 18, 18</column>
<column name="add_ln67_31_fu_1098_p2">+, 0, 0, 32, 32, 32</column>
<column name="add_ln67_3_fu_507_p2">+, 0, 0, 32, 32, 32</column>
<column name="add_ln67_4_fu_573_p2">+, 0, 0, 32, 32, 32</column>
<column name="add_ln67_5_fu_523_p2">+, 0, 0, 24, 17, 17</column>
<column name="add_ln67_6_fu_582_p2">+, 0, 0, 25, 18, 18</column>
<column name="add_ln67_7_fu_592_p2">+, 0, 0, 32, 32, 32</column>
<column name="add_ln67_8_fu_658_p2">+, 0, 0, 32, 32, 32</column>
<column name="add_ln67_9_fu_608_p2">+, 0, 0, 24, 17, 17</column>
<column name="add_ln67_fu_488_p2">+, 0, 0, 32, 32, 32</column>
<column name="add_ln69_10_fu_636_p2">+, 0, 0, 23, 16, 16</column>
<column name="add_ln69_11_fu_721_p2">+, 0, 0, 23, 16, 16</column>
<column name="add_ln69_12_fu_806_p2">+, 0, 0, 23, 16, 16</column>
<column name="add_ln69_13_fu_891_p2">+, 0, 0, 23, 16, 16</column>
<column name="add_ln69_14_fu_976_p2">+, 0, 0, 23, 16, 16</column>
<column name="add_ln69_15_fu_1061_p2">+, 0, 0, 23, 16, 16</column>
<column name="add_ln69_16_fu_478_p2">+, 0, 0, 23, 16, 16</column>
<column name="add_ln69_17_fu_557_p2">+, 0, 0, 23, 16, 16</column>
<column name="add_ln69_18_fu_642_p2">+, 0, 0, 23, 16, 16</column>
<column name="add_ln69_19_fu_727_p2">+, 0, 0, 23, 16, 16</column>
<column name="add_ln69_1_fu_541_p2">+, 0, 0, 23, 16, 16</column>
<column name="add_ln69_20_fu_812_p2">+, 0, 0, 23, 16, 16</column>
<column name="add_ln69_21_fu_897_p2">+, 0, 0, 23, 16, 16</column>
<column name="add_ln69_22_fu_982_p2">+, 0, 0, 23, 16, 16</column>
<column name="add_ln69_23_fu_1067_p2">+, 0, 0, 23, 16, 16</column>
<column name="add_ln69_24_fu_567_p2">+, 0, 0, 23, 16, 16</column>
<column name="add_ln69_25_fu_652_p2">+, 0, 0, 23, 16, 16</column>
<column name="add_ln69_26_fu_737_p2">+, 0, 0, 23, 16, 16</column>
<column name="add_ln69_27_fu_822_p2">+, 0, 0, 23, 16, 16</column>
<column name="add_ln69_28_fu_907_p2">+, 0, 0, 23, 16, 16</column>
<column name="add_ln69_29_fu_992_p2">+, 0, 0, 23, 16, 16</column>
<column name="add_ln69_2_fu_626_p2">+, 0, 0, 23, 16, 16</column>
<column name="add_ln69_30_fu_1073_p2">+, 0, 0, 23, 16, 16</column>
<column name="add_ln69_31_fu_1110_p2">+, 0, 0, 23, 16, 16</column>
<column name="add_ln69_3_fu_711_p2">+, 0, 0, 23, 16, 16</column>
<column name="add_ln69_4_fu_796_p2">+, 0, 0, 23, 16, 16</column>
<column name="add_ln69_5_fu_881_p2">+, 0, 0, 23, 16, 16</column>
<column name="add_ln69_6_fu_966_p2">+, 0, 0, 23, 16, 16</column>
<column name="add_ln69_7_fu_1051_p2">+, 0, 0, 23, 16, 16</column>
<column name="add_ln69_8_fu_472_p2">+, 0, 0, 23, 16, 16</column>
<column name="add_ln69_9_fu_551_p2">+, 0, 0, 23, 16, 16</column>
<column name="add_ln69_fu_462_p2">+, 0, 0, 23, 16, 16</column>
<column name="ap_block_state10">or, 0, 0, 2, 1, 1</column>
</table>
</item>
<item name = "Multiplexer"><table name="" hasTotal="1">
<keys size="5">Name, LUT, Input Size, Bits, Total Bits</keys>
<column name="ap_NS_fsm">53, 12, 1, 12</column>
<column name="d_i_0_address0">44, 9, 4, 36</column>
<column name="d_i_0_address1">44, 9, 4, 36</column>
<column name="d_i_1_address0">44, 9, 4, 36</column>
<column name="d_i_1_address1">44, 9, 4, 36</column>
<column name="d_o_0_blk_n">9, 2, 1, 2</column>
<column name="d_o_0_din">44, 9, 16, 144</column>
<column name="d_o_1_blk_n">9, 2, 1, 2</column>
<column name="d_o_1_din">44, 9, 16, 144</column>
<column name="d_o_2_blk_n">9, 2, 1, 2</column>
<column name="d_o_2_din">44, 9, 16, 144</column>
<column name="d_o_3_blk_n">9, 2, 1, 2</column>
<column name="d_o_3_din">44, 9, 16, 144</column>
</table>
</item>
<item name = "Register"><table name="" hasTotal="1">
<keys size="5">Name, FF, LUT, Bits, Const Bits</keys>
<column name="acc_0">32, 0, 32, 0</column>
<column name="acc_1">32, 0, 32, 0</column>
<column name="acc_2">32, 0, 32, 0</column>
<column name="acc_3">32, 0, 32, 0</column>
<column name="acc_4">32, 0, 32, 0</column>
<column name="acc_5">32, 0, 32, 0</column>
<column name="acc_6">32, 0, 32, 0</column>
<column name="acc_7">32, 0, 32, 0</column>
<column name="add_ln67_13_reg_1274">17, 0, 17, 0</column>
<column name="add_ln67_17_reg_1315">17, 0, 17, 0</column>
<column name="add_ln67_1_reg_1151">17, 0, 17, 0</column>
<column name="add_ln67_21_reg_1356">17, 0, 17, 0</column>
<column name="add_ln67_25_reg_1397">17, 0, 17, 0</column>
<column name="add_ln67_29_reg_1423">17, 0, 17, 0</column>
<column name="add_ln67_5_reg_1192">17, 0, 17, 0</column>
<column name="add_ln67_9_reg_1233">17, 0, 17, 0</column>
<column name="add_ln69_10_reg_1253">16, 0, 16, 0</column>
<column name="add_ln69_11_reg_1294">16, 0, 16, 0</column>
<column name="add_ln69_12_reg_1335">16, 0, 16, 0</column>
<column name="add_ln69_13_reg_1376">16, 0, 16, 0</column>
<column name="add_ln69_14_reg_1412">16, 0, 16, 0</column>
<column name="add_ln69_15_reg_1433">16, 0, 16, 0</column>
<column name="add_ln69_16_reg_1181">16, 0, 16, 0</column>
<column name="add_ln69_17_reg_1222">16, 0, 16, 0</column>
<column name="add_ln69_18_reg_1263">16, 0, 16, 0</column>
<column name="add_ln69_19_reg_1304">16, 0, 16, 0</column>
<column name="add_ln69_1_reg_1202">16, 0, 16, 0</column>
<column name="add_ln69_20_reg_1345">16, 0, 16, 0</column>
<column name="add_ln69_21_reg_1386">16, 0, 16, 0</column>
<column name="add_ln69_22_reg_1417">16, 0, 16, 0</column>
<column name="add_ln69_23_reg_1438">16, 0, 16, 0</column>
<column name="add_ln69_2_reg_1243">16, 0, 16, 0</column>
<column name="add_ln69_3_reg_1284">16, 0, 16, 0</column>
<column name="add_ln69_4_reg_1325">16, 0, 16, 0</column>
<column name="add_ln69_5_reg_1366">16, 0, 16, 0</column>
<column name="add_ln69_6_reg_1407">16, 0, 16, 0</column>
<column name="add_ln69_7_reg_1428">16, 0, 16, 0</column>
<column name="add_ln69_8_reg_1171">16, 0, 16, 0</column>
<column name="add_ln69_9_reg_1212">16, 0, 16, 0</column>
<column name="add_ln69_reg_1161">16, 0, 16, 0</column>
<column name="ap_CS_fsm">11, 0, 11, 0</column>
<column name="reg_416">16, 0, 16, 0</column>
<column name="reg_420">16, 0, 16, 0</column>
<column name="reg_424">16, 0, 16, 0</column>
<column name="reg_428">16, 0, 16, 0</column>
<column name="reg_432">16, 0, 16, 0</column>
</table>
</item>
</section>
</item>
</section>

<section name = "Interface" level="0">
<item name = "Summary"><table name="" hasTotal="0">
<keys size="6">RTL Ports, Dir, Bits, Protocol, Source Object, C Type</keys>
<column name="ap_clk">in, 1, ap_ctrl_hs, array_io, return value</column>
<column name="ap_rst">in, 1, ap_ctrl_hs, array_io, return value</column>
<column name="ap_start">in, 1, ap_ctrl_hs, array_io, return value</column>
<column name="ap_done">out, 1, ap_ctrl_hs, array_io, return value</column>
<column name="ap_idle">out, 1, ap_ctrl_hs, array_io, return value</column>
<column name="ap_ready">out, 1, ap_ctrl_hs, array_io, return value</column>
<column name="d_o_0_din">out, 16, ap_fifo, d_o_0, pointer</column>
<column name="d_o_0_full_n">in, 1, ap_fifo, d_o_0, pointer</column>
<column name="d_o_0_write">out, 1, ap_fifo, d_o_0, pointer</column>
<column name="d_o_1_din">out, 16, ap_fifo, d_o_1, pointer</column>
<column name="d_o_1_full_n">in, 1, ap_fifo, d_o_1, pointer</column>
<column name="d_o_1_write">out, 1, ap_fifo, d_o_1, pointer</column>
<column name="d_o_2_din">out, 16, ap_fifo, d_o_2, pointer</column>
<column name="d_o_2_full_n">in, 1, ap_fifo, d_o_2, pointer</column>
<column name="d_o_2_write">out, 1, ap_fifo, d_o_2, pointer</column>
<column name="d_o_3_din">out, 16, ap_fifo, d_o_3, pointer</column>
<column name="d_o_3_full_n">in, 1, ap_fifo, d_o_3, pointer</column>
<column name="d_o_3_write">out, 1, ap_fifo, d_o_3, pointer</column>
<column name="d_i_0_address0">out, 4, ap_memory, d_i_0, array</column>
<column name="d_i_0_ce0">out, 1, ap_memory, d_i_0, array</column>
<column name="d_i_0_q0">in, 16, ap_memory, d_i_0, array</column>
<column name="d_i_0_address1">out, 4, ap_memory, d_i_0, array</column>
<column name="d_i_0_ce1">out, 1, ap_memory, d_i_0, array</column>
<column name="d_i_0_q1">in, 16, ap_memory, d_i_0, array</column>
<column name="d_i_1_address0">out, 4, ap_memory, d_i_1, array</column>
<column name="d_i_1_ce0">out, 1, ap_memory, d_i_1, array</column>
<column name="d_i_1_q0">in, 16, ap_memory, d_i_1, array</column>
<column name="d_i_1_address1">out, 4, ap_memory, d_i_1, array</column>
<column name="d_i_1_ce1">out, 1, ap_memory, d_i_1, array</column>
<column name="d_i_1_q1">in, 16, ap_memory, d_i_1, array</column>
</table>
</item>
</section>
</profile>
