{"sourceFile": [{
      "name": "",
      "directive": [
        {
          "functionName": "array_io",
          "label": "",
          "functionLabel": "",
          "pragma": {
            "name": "INTERFACE",
            "option": [
              {
                "name": "ap_fifo",
                "value": "",
                "positionalBoolean": "mode"
              },
              {
                "name": "port",
                "value": "d_o",
                "positionalBoolean": "4"
              }
            ]
          }
        },
        {
          "functionName": "array_io",
          "label": "For_Loop",
          "functionLabel": "",
          "pragma": {"name": "UNROLL"}
        },
        {
          "functionName": "array_io",
          "label": "",
          "functionLabel": "",
          "pragma": {
            "name": "ARRAY_PARTITION",
            "option": [
              {
                "name": "variable",
                "value": "d_o",
                "positionalBoolean": "4"
              },
              {
                "name": "complete",
                "value": "",
                "positionalBoolean": "type"
              },
              {
                "name": "dim",
                "value": "1"
              }
            ]
          }
        },
        {
          "functionName": "array_io",
          "label": "",
          "functionLabel": "",
          "pragma": {
            "name": "ARRAY_PARTITION",
            "option": [
              {
                "name": "variable",
                "value": "d_i",
                "positionalBoolean": "4"
              },
              {
                "name": "complete",
                "value": "",
                "positionalBoolean": "type"
              },
              {
                "name": "dim",
                "value": "1"
              }
            ]
          }
        }
      ]
    }]}
