<annotationInfo>
<annotationInfo>
<item  id="142" filename="source/array_io.c" linenumber="67" name="sext_ln67" contextFuncName="array_io" moduleName="array_io" rtlName="sext_ln67_fu_1010_p1" latency="0" BRAM="-1" DSP="-1" FF="-1" LUT="-1" fileDirectory="C:\Xilinx_trn\HLS_Baraev\lab5_optimizing_array_structures"><\/item>
<item  id="143" filename="source/array_io.c" linenumber="67" name="trunc_ln67" contextFuncName="array_io" moduleName="array_io" rtlName="trunc_ln67_fu_582_p1" latency="0" BRAM="-1" DSP="-1" FF="-1" LUT="-1" fileDirectory="C:\Xilinx_trn\HLS_Baraev\lab5_optimizing_array_structures"><\/item>
<item  id="144" filename="source/array_io.c" linenumber="69" name="add_ln69" contextFuncName="array_io" moduleName="array_io" rtlName="add_ln69_fu_586_p2" latency="0" BRAM="-1" DSP="-1" FF="0" LUT="23" fileDirectory="C:\Xilinx_trn\HLS_Baraev\lab5_optimizing_array_structures"><\/item>
<item  id="148" filename="source/array_io.c" linenumber="67" name="sext_ln67_1" contextFuncName="array_io" moduleName="array_io" rtlName="sext_ln67_1_fu_1013_p1" latency="0" BRAM="-1" DSP="-1" FF="-1" LUT="-1" fileDirectory="C:\Xilinx_trn\HLS_Baraev\lab5_optimizing_array_structures"><\/item>
<item  id="149" filename="source/array_io.c" linenumber="67" name="trunc_ln67_1" contextFuncName="array_io" moduleName="array_io" rtlName="trunc_ln67_1_fu_596_p1" latency="0" BRAM="-1" DSP="-1" FF="-1" LUT="-1" fileDirectory="C:\Xilinx_trn\HLS_Baraev\lab5_optimizing_array_structures"><\/item>
<item  id="150" filename="source/array_io.c" linenumber="69" name="add_ln69_1" contextFuncName="array_io" moduleName="array_io" rtlName="add_ln69_1_fu_600_p2" latency="0" BRAM="-1" DSP="-1" FF="0" LUT="23" fileDirectory="C:\Xilinx_trn\HLS_Baraev\lab5_optimizing_array_structures"><\/item>
<item  id="154" filename="source/array_io.c" linenumber="67" name="sext_ln67_2" contextFuncName="array_io" moduleName="array_io" rtlName="sext_ln67_2_fu_1016_p1" latency="0" BRAM="-1" DSP="-1" FF="-1" LUT="-1" fileDirectory="C:\Xilinx_trn\HLS_Baraev\lab5_optimizing_array_structures"><\/item>
<item  id="155" filename="source/array_io.c" linenumber="67" name="trunc_ln67_2" contextFuncName="array_io" moduleName="array_io" rtlName="trunc_ln67_2_fu_610_p1" latency="0" BRAM="-1" DSP="-1" FF="-1" LUT="-1" fileDirectory="C:\Xilinx_trn\HLS_Baraev\lab5_optimizing_array_structures"><\/item>
<item  id="156" filename="source/array_io.c" linenumber="69" name="add_ln69_2" contextFuncName="array_io" moduleName="array_io" rtlName="add_ln69_2_fu_614_p2" latency="0" BRAM="-1" DSP="-1" FF="0" LUT="23" fileDirectory="C:\Xilinx_trn\HLS_Baraev\lab5_optimizing_array_structures"><\/item>
<item  id="160" filename="source/array_io.c" linenumber="67" name="sext_ln67_3" contextFuncName="array_io" moduleName="array_io" rtlName="sext_ln67_3_fu_1019_p1" latency="0" BRAM="-1" DSP="-1" FF="-1" LUT="-1" fileDirectory="C:\Xilinx_trn\HLS_Baraev\lab5_optimizing_array_structures"><\/item>
<item  id="161" filename="source/array_io.c" linenumber="67" name="trunc_ln67_3" contextFuncName="array_io" moduleName="array_io" rtlName="trunc_ln67_3_fu_624_p1" latency="0" BRAM="-1" DSP="-1" FF="-1" LUT="-1" fileDirectory="C:\Xilinx_trn\HLS_Baraev\lab5_optimizing_array_structures"><\/item>
<item  id="162" filename="source/array_io.c" linenumber="69" name="add_ln69_3" contextFuncName="array_io" moduleName="array_io" rtlName="add_ln69_3_fu_628_p2" latency="0" BRAM="-1" DSP="-1" FF="0" LUT="23" fileDirectory="C:\Xilinx_trn\HLS_Baraev\lab5_optimizing_array_structures"><\/item>
<item  id="166" filename="source/array_io.c" linenumber="67" name="sext_ln67_4" contextFuncName="array_io" moduleName="array_io" rtlName="sext_ln67_4_fu_1022_p1" latency="0" BRAM="-1" DSP="-1" FF="-1" LUT="-1" fileDirectory="C:\Xilinx_trn\HLS_Baraev\lab5_optimizing_array_structures"><\/item>
<item  id="167" filename="source/array_io.c" linenumber="67" name="trunc_ln67_4" contextFuncName="array_io" moduleName="array_io" rtlName="trunc_ln67_4_fu_638_p1" latency="0" BRAM="-1" DSP="-1" FF="-1" LUT="-1" fileDirectory="C:\Xilinx_trn\HLS_Baraev\lab5_optimizing_array_structures"><\/item>
<item  id="168" filename="source/array_io.c" linenumber="69" name="add_ln69_4" contextFuncName="array_io" moduleName="array_io" rtlName="add_ln69_4_fu_642_p2" latency="0" BRAM="-1" DSP="-1" FF="0" LUT="23" fileDirectory="C:\Xilinx_trn\HLS_Baraev\lab5_optimizing_array_structures"><\/item>
<item  id="172" filename="source/array_io.c" linenumber="67" name="sext_ln67_5" contextFuncName="array_io" moduleName="array_io" rtlName="sext_ln67_5_fu_1025_p1" latency="0" BRAM="-1" DSP="-1" FF="-1" LUT="-1" fileDirectory="C:\Xilinx_trn\HLS_Baraev\lab5_optimizing_array_structures"><\/item>
<item  id="173" filename="source/array_io.c" linenumber="67" name="trunc_ln67_5" contextFuncName="array_io" moduleName="array_io" rtlName="trunc_ln67_5_fu_652_p1" latency="0" BRAM="-1" DSP="-1" FF="-1" LUT="-1" fileDirectory="C:\Xilinx_trn\HLS_Baraev\lab5_optimizing_array_structures"><\/item>
<item  id="174" filename="source/array_io.c" linenumber="69" name="add_ln69_5" contextFuncName="array_io" moduleName="array_io" rtlName="add_ln69_5_fu_656_p2" latency="0" BRAM="-1" DSP="-1" FF="0" LUT="23" fileDirectory="C:\Xilinx_trn\HLS_Baraev\lab5_optimizing_array_structures"><\/item>
<item  id="178" filename="source/array_io.c" linenumber="67" name="sext_ln67_6" contextFuncName="array_io" moduleName="array_io" rtlName="sext_ln67_6_fu_1028_p1" latency="0" BRAM="-1" DSP="-1" FF="-1" LUT="-1" fileDirectory="C:\Xilinx_trn\HLS_Baraev\lab5_optimizing_array_structures"><\/item>
<item  id="179" filename="source/array_io.c" linenumber="67" name="trunc_ln67_6" contextFuncName="array_io" moduleName="array_io" rtlName="trunc_ln67_6_fu_666_p1" latency="0" BRAM="-1" DSP="-1" FF="-1" LUT="-1" fileDirectory="C:\Xilinx_trn\HLS_Baraev\lab5_optimizing_array_structures"><\/item>
<item  id="180" filename="source/array_io.c" linenumber="69" name="add_ln69_6" contextFuncName="array_io" moduleName="array_io" rtlName="add_ln69_6_fu_670_p2" latency="0" BRAM="-1" DSP="-1" FF="0" LUT="23" fileDirectory="C:\Xilinx_trn\HLS_Baraev\lab5_optimizing_array_structures"><\/item>
<item  id="184" filename="source/array_io.c" linenumber="67" name="sext_ln67_7" contextFuncName="array_io" moduleName="array_io" rtlName="sext_ln67_7_fu_1031_p1" latency="0" BRAM="-1" DSP="-1" FF="-1" LUT="-1" fileDirectory="C:\Xilinx_trn\HLS_Baraev\lab5_optimizing_array_structures"><\/item>
<item  id="185" filename="source/array_io.c" linenumber="67" name="trunc_ln67_7" contextFuncName="array_io" moduleName="array_io" rtlName="trunc_ln67_7_fu_680_p1" latency="0" BRAM="-1" DSP="-1" FF="-1" LUT="-1" fileDirectory="C:\Xilinx_trn\HLS_Baraev\lab5_optimizing_array_structures"><\/item>
<item  id="186" filename="source/array_io.c" linenumber="69" name="add_ln69_7" contextFuncName="array_io" moduleName="array_io" rtlName="add_ln69_7_fu_684_p2" latency="0" BRAM="-1" DSP="-1" FF="0" LUT="23" fileDirectory="C:\Xilinx_trn\HLS_Baraev\lab5_optimizing_array_structures"><\/item>
<item  id="189" filename="source/array_io.c" linenumber="69" name="sext_ln69" contextFuncName="array_io" moduleName="array_io" rtlName="sext_ln69_fu_690_p1" latency="0" BRAM="-1" DSP="-1" FF="-1" LUT="-1" fileDirectory="C:\Xilinx_trn\HLS_Baraev\lab5_optimizing_array_structures"><\/item>
<item  id="190" filename="source/array_io.c" linenumber="69" name="add_ln69_8" contextFuncName="array_io" moduleName="array_io" rtlName="add_ln69_8_fu_694_p2" latency="0" BRAM="-1" DSP="-1" FF="0" LUT="23" fileDirectory="C:\Xilinx_trn\HLS_Baraev\lab5_optimizing_array_structures"><\/item>
<item  id="193" filename="source/array_io.c" linenumber="69" name="sext_ln69_1" contextFuncName="array_io" moduleName="array_io" rtlName="sext_ln69_1_fu_700_p1" latency="0" BRAM="-1" DSP="-1" FF="-1" LUT="-1" fileDirectory="C:\Xilinx_trn\HLS_Baraev\lab5_optimizing_array_structures"><\/item>
<item  id="194" filename="source/array_io.c" linenumber="69" name="add_ln69_9" contextFuncName="array_io" moduleName="array_io" rtlName="add_ln69_9_fu_704_p2" latency="0" BRAM="-1" DSP="-1" FF="0" LUT="23" fileDirectory="C:\Xilinx_trn\HLS_Baraev\lab5_optimizing_array_structures"><\/item>
<item  id="197" filename="source/array_io.c" linenumber="69" name="sext_ln69_2" contextFuncName="array_io" moduleName="array_io" rtlName="sext_ln69_2_fu_710_p1" latency="0" BRAM="-1" DSP="-1" FF="-1" LUT="-1" fileDirectory="C:\Xilinx_trn\HLS_Baraev\lab5_optimizing_array_structures"><\/item>
<item  id="198" filename="source/array_io.c" linenumber="69" name="add_ln69_10" contextFuncName="array_io" moduleName="array_io" rtlName="add_ln69_10_fu_714_p2" latency="0" BRAM="-1" DSP="-1" FF="0" LUT="23" fileDirectory="C:\Xilinx_trn\HLS_Baraev\lab5_optimizing_array_structures"><\/item>
<item  id="201" filename="source/array_io.c" linenumber="69" name="sext_ln69_3" contextFuncName="array_io" moduleName="array_io" rtlName="sext_ln69_3_fu_720_p1" latency="0" BRAM="-1" DSP="-1" FF="-1" LUT="-1" fileDirectory="C:\Xilinx_trn\HLS_Baraev\lab5_optimizing_array_structures"><\/item>
<item  id="202" filename="source/array_io.c" linenumber="69" name="add_ln69_11" contextFuncName="array_io" moduleName="array_io" rtlName="add_ln69_11_fu_724_p2" latency="0" BRAM="-1" DSP="-1" FF="0" LUT="23" fileDirectory="C:\Xilinx_trn\HLS_Baraev\lab5_optimizing_array_structures"><\/item>
<item  id="205" filename="source/array_io.c" linenumber="69" name="sext_ln69_4" contextFuncName="array_io" moduleName="array_io" rtlName="sext_ln69_4_fu_730_p1" latency="0" BRAM="-1" DSP="-1" FF="-1" LUT="-1" fileDirectory="C:\Xilinx_trn\HLS_Baraev\lab5_optimizing_array_structures"><\/item>
<item  id="206" filename="source/array_io.c" linenumber="69" name="add_ln69_12" contextFuncName="array_io" moduleName="array_io" rtlName="add_ln69_12_fu_734_p2" latency="0" BRAM="-1" DSP="-1" FF="0" LUT="23" fileDirectory="C:\Xilinx_trn\HLS_Baraev\lab5_optimizing_array_structures"><\/item>
<item  id="209" filename="source/array_io.c" linenumber="69" name="sext_ln69_5" contextFuncName="array_io" moduleName="array_io" rtlName="sext_ln69_5_fu_740_p1" latency="0" BRAM="-1" DSP="-1" FF="-1" LUT="-1" fileDirectory="C:\Xilinx_trn\HLS_Baraev\lab5_optimizing_array_structures"><\/item>
<item  id="210" filename="source/array_io.c" linenumber="69" name="add_ln69_13" contextFuncName="array_io" moduleName="array_io" rtlName="add_ln69_13_fu_744_p2" latency="0" BRAM="-1" DSP="-1" FF="0" LUT="23" fileDirectory="C:\Xilinx_trn\HLS_Baraev\lab5_optimizing_array_structures"><\/item>
<item  id="213" filename="source/array_io.c" linenumber="69" name="sext_ln69_6" contextFuncName="array_io" moduleName="array_io" rtlName="sext_ln69_6_fu_750_p1" latency="0" BRAM="-1" DSP="-1" FF="-1" LUT="-1" fileDirectory="C:\Xilinx_trn\HLS_Baraev\lab5_optimizing_array_structures"><\/item>
<item  id="214" filename="source/array_io.c" linenumber="69" name="add_ln69_14" contextFuncName="array_io" moduleName="array_io" rtlName="add_ln69_14_fu_754_p2" latency="0" BRAM="-1" DSP="-1" FF="0" LUT="23" fileDirectory="C:\Xilinx_trn\HLS_Baraev\lab5_optimizing_array_structures"><\/item>
<item  id="217" filename="source/array_io.c" linenumber="69" name="sext_ln69_7" contextFuncName="array_io" moduleName="array_io" rtlName="sext_ln69_7_fu_760_p1" latency="0" BRAM="-1" DSP="-1" FF="-1" LUT="-1" fileDirectory="C:\Xilinx_trn\HLS_Baraev\lab5_optimizing_array_structures"><\/item>
<item  id="218" filename="source/array_io.c" linenumber="69" name="add_ln69_15" contextFuncName="array_io" moduleName="array_io" rtlName="add_ln69_15_fu_764_p2" latency="0" BRAM="-1" DSP="-1" FF="0" LUT="23" fileDirectory="C:\Xilinx_trn\HLS_Baraev\lab5_optimizing_array_structures"><\/item>
<item  id="221" filename="source/array_io.c" linenumber="69" name="sext_ln69_8" contextFuncName="array_io" moduleName="array_io" rtlName="sext_ln69_8_fu_770_p1" latency="0" BRAM="-1" DSP="-1" FF="-1" LUT="-1" fileDirectory="C:\Xilinx_trn\HLS_Baraev\lab5_optimizing_array_structures"><\/item>
<item  id="222" filename="source/array_io.c" linenumber="69" name="add_ln69_16" contextFuncName="array_io" moduleName="array_io" rtlName="add_ln69_16_fu_774_p2" latency="0" BRAM="-1" DSP="-1" FF="0" LUT="23" fileDirectory="C:\Xilinx_trn\HLS_Baraev\lab5_optimizing_array_structures"><\/item>
<item  id="225" filename="source/array_io.c" linenumber="69" name="sext_ln69_9" contextFuncName="array_io" moduleName="array_io" rtlName="sext_ln69_9_fu_780_p1" latency="0" BRAM="-1" DSP="-1" FF="-1" LUT="-1" fileDirectory="C:\Xilinx_trn\HLS_Baraev\lab5_optimizing_array_structures"><\/item>
<item  id="226" filename="source/array_io.c" linenumber="69" name="add_ln69_17" contextFuncName="array_io" moduleName="array_io" rtlName="add_ln69_17_fu_784_p2" latency="0" BRAM="-1" DSP="-1" FF="0" LUT="23" fileDirectory="C:\Xilinx_trn\HLS_Baraev\lab5_optimizing_array_structures"><\/item>
<item  id="229" filename="source/array_io.c" linenumber="69" name="sext_ln69_10" contextFuncName="array_io" moduleName="array_io" rtlName="sext_ln69_10_fu_790_p1" latency="0" BRAM="-1" DSP="-1" FF="-1" LUT="-1" fileDirectory="C:\Xilinx_trn\HLS_Baraev\lab5_optimizing_array_structures"><\/item>
<item  id="230" filename="source/array_io.c" linenumber="69" name="add_ln69_18" contextFuncName="array_io" moduleName="array_io" rtlName="add_ln69_18_fu_794_p2" latency="0" BRAM="-1" DSP="-1" FF="0" LUT="23" fileDirectory="C:\Xilinx_trn\HLS_Baraev\lab5_optimizing_array_structures"><\/item>
<item  id="233" filename="source/array_io.c" linenumber="69" name="sext_ln69_11" contextFuncName="array_io" moduleName="array_io" rtlName="sext_ln69_11_fu_800_p1" latency="0" BRAM="-1" DSP="-1" FF="-1" LUT="-1" fileDirectory="C:\Xilinx_trn\HLS_Baraev\lab5_optimizing_array_structures"><\/item>
<item  id="234" filename="source/array_io.c" linenumber="69" name="add_ln69_19" contextFuncName="array_io" moduleName="array_io" rtlName="add_ln69_19_fu_804_p2" latency="0" BRAM="-1" DSP="-1" FF="0" LUT="23" fileDirectory="C:\Xilinx_trn\HLS_Baraev\lab5_optimizing_array_structures"><\/item>
<item  id="237" filename="source/array_io.c" linenumber="69" name="sext_ln69_12" contextFuncName="array_io" moduleName="array_io" rtlName="sext_ln69_12_fu_810_p1" latency="0" BRAM="-1" DSP="-1" FF="-1" LUT="-1" fileDirectory="C:\Xilinx_trn\HLS_Baraev\lab5_optimizing_array_structures"><\/item>
<item  id="238" filename="source/array_io.c" linenumber="69" name="add_ln69_20" contextFuncName="array_io" moduleName="array_io" rtlName="add_ln69_20_fu_814_p2" latency="0" BRAM="-1" DSP="-1" FF="0" LUT="23" fileDirectory="C:\Xilinx_trn\HLS_Baraev\lab5_optimizing_array_structures"><\/item>
<item  id="241" filename="source/array_io.c" linenumber="69" name="sext_ln69_13" contextFuncName="array_io" moduleName="array_io" rtlName="sext_ln69_13_fu_820_p1" latency="0" BRAM="-1" DSP="-1" FF="-1" LUT="-1" fileDirectory="C:\Xilinx_trn\HLS_Baraev\lab5_optimizing_array_structures"><\/item>
<item  id="242" filename="source/array_io.c" linenumber="69" name="add_ln69_21" contextFuncName="array_io" moduleName="array_io" rtlName="add_ln69_21_fu_824_p2" latency="0" BRAM="-1" DSP="-1" FF="0" LUT="23" fileDirectory="C:\Xilinx_trn\HLS_Baraev\lab5_optimizing_array_structures"><\/item>
<item  id="245" filename="source/array_io.c" linenumber="69" name="sext_ln69_14" contextFuncName="array_io" moduleName="array_io" rtlName="sext_ln69_14_fu_830_p1" latency="0" BRAM="-1" DSP="-1" FF="-1" LUT="-1" fileDirectory="C:\Xilinx_trn\HLS_Baraev\lab5_optimizing_array_structures"><\/item>
<item  id="246" filename="source/array_io.c" linenumber="69" name="add_ln69_22" contextFuncName="array_io" moduleName="array_io" rtlName="add_ln69_22_fu_834_p2" latency="0" BRAM="-1" DSP="-1" FF="0" LUT="23" fileDirectory="C:\Xilinx_trn\HLS_Baraev\lab5_optimizing_array_structures"><\/item>
<item  id="249" filename="source/array_io.c" linenumber="69" name="sext_ln69_15" contextFuncName="array_io" moduleName="array_io" rtlName="sext_ln69_15_fu_840_p1" latency="0" BRAM="-1" DSP="-1" FF="-1" LUT="-1" fileDirectory="C:\Xilinx_trn\HLS_Baraev\lab5_optimizing_array_structures"><\/item>
<item  id="250" filename="source/array_io.c" linenumber="69" name="add_ln69_23" contextFuncName="array_io" moduleName="array_io" rtlName="add_ln69_23_fu_844_p2" latency="0" BRAM="-1" DSP="-1" FF="0" LUT="23" fileDirectory="C:\Xilinx_trn\HLS_Baraev\lab5_optimizing_array_structures"><\/item>
<item  id="253" filename="source/array_io.c" linenumber="67" name="sext_ln67_8" contextFuncName="array_io" moduleName="array_io" rtlName="sext_ln67_8_fu_850_p1" latency="0" BRAM="-1" DSP="-1" FF="-1" LUT="-1" fileDirectory="C:\Xilinx_trn\HLS_Baraev\lab5_optimizing_array_structures"><\/item>
<item  id="254" filename="source/array_io.c" linenumber="67" name="add_ln67" contextFuncName="array_io" moduleName="array_io" rtlName="add_ln67_fu_1034_p2" latency="0" BRAM="-1" DSP="-1" FF="0" LUT="32" fileDirectory="C:\Xilinx_trn\HLS_Baraev\lab5_optimizing_array_structures"><\/item>
<item  id="255" filename="source/array_io.c" linenumber="67" name="add_ln67_1" contextFuncName="array_io" moduleName="array_io" rtlName="add_ln67_1_fu_854_p2" latency="0" BRAM="-1" DSP="-1" FF="0" LUT="24" fileDirectory="C:\Xilinx_trn\HLS_Baraev\lab5_optimizing_array_structures"><\/item>
<item  id="256" filename="source/array_io.c" linenumber="67" name="sext_ln67_9" contextFuncName="array_io" moduleName="array_io" rtlName="sext_ln67_9_fu_860_p1" latency="0" BRAM="-1" DSP="-1" FF="-1" LUT="-1" fileDirectory="C:\Xilinx_trn\HLS_Baraev\lab5_optimizing_array_structures"><\/item>
<item  id="257" filename="source/array_io.c" linenumber="67" name="add_ln67_2" contextFuncName="array_io" moduleName="array_io" rtlName="add_ln67_2_fu_864_p2" latency="0" BRAM="-1" DSP="-1" FF="0" LUT="25" fileDirectory="C:\Xilinx_trn\HLS_Baraev\lab5_optimizing_array_structures"><\/item>
<item  id="258" filename="source/array_io.c" linenumber="67" name="sext_ln67_10" contextFuncName="array_io" moduleName="array_io" rtlName="sext_ln67_10_fu_1039_p1" latency="0" BRAM="-1" DSP="-1" FF="-1" LUT="-1" fileDirectory="C:\Xilinx_trn\HLS_Baraev\lab5_optimizing_array_structures"><\/item>
<item  id="259" filename="source/array_io.c" linenumber="67" name="add_ln67_3" contextFuncName="array_io" moduleName="array_io" rtlName="add_ln67_3_fu_1042_p2" latency="0" BRAM="-1" DSP="-1" FF="0" LUT="32" fileDirectory="C:\Xilinx_trn\HLS_Baraev\lab5_optimizing_array_structures"><\/item>
<item  id="261" filename="source/array_io.c" linenumber="69" name="add_ln69_24" contextFuncName="array_io" moduleName="array_io" rtlName="d_o_24_din" latency="0" BRAM="-1" DSP="-1" FF="0" LUT="23" fileDirectory="C:\Xilinx_trn\HLS_Baraev\lab5_optimizing_array_structures"><\/item>
<item  id="264" filename="source/array_io.c" linenumber="67" name="sext_ln67_11" contextFuncName="array_io" moduleName="array_io" rtlName="sext_ln67_11_fu_870_p1" latency="0" BRAM="-1" DSP="-1" FF="-1" LUT="-1" fileDirectory="C:\Xilinx_trn\HLS_Baraev\lab5_optimizing_array_structures"><\/item>
<item  id="265" filename="source/array_io.c" linenumber="67" name="add_ln67_4" contextFuncName="array_io" moduleName="array_io" rtlName="add_ln67_4_fu_1059_p2" latency="0" BRAM="-1" DSP="-1" FF="0" LUT="32" fileDirectory="C:\Xilinx_trn\HLS_Baraev\lab5_optimizing_array_structures"><\/item>
<item  id="266" filename="source/array_io.c" linenumber="67" name="add_ln67_5" contextFuncName="array_io" moduleName="array_io" rtlName="add_ln67_5_fu_874_p2" latency="0" BRAM="-1" DSP="-1" FF="0" LUT="24" fileDirectory="C:\Xilinx_trn\HLS_Baraev\lab5_optimizing_array_structures"><\/item>
<item  id="267" filename="source/array_io.c" linenumber="67" name="sext_ln67_12" contextFuncName="array_io" moduleName="array_io" rtlName="sext_ln67_12_fu_880_p1" latency="0" BRAM="-1" DSP="-1" FF="-1" LUT="-1" fileDirectory="C:\Xilinx_trn\HLS_Baraev\lab5_optimizing_array_structures"><\/item>
<item  id="268" filename="source/array_io.c" linenumber="67" name="add_ln67_6" contextFuncName="array_io" moduleName="array_io" rtlName="add_ln67_6_fu_884_p2" latency="0" BRAM="-1" DSP="-1" FF="0" LUT="25" fileDirectory="C:\Xilinx_trn\HLS_Baraev\lab5_optimizing_array_structures"><\/item>
<item  id="269" filename="source/array_io.c" linenumber="67" name="sext_ln67_13" contextFuncName="array_io" moduleName="array_io" rtlName="sext_ln67_13_fu_1064_p1" latency="0" BRAM="-1" DSP="-1" FF="-1" LUT="-1" fileDirectory="C:\Xilinx_trn\HLS_Baraev\lab5_optimizing_array_structures"><\/item>
<item  id="270" filename="source/array_io.c" linenumber="67" name="add_ln67_7" contextFuncName="array_io" moduleName="array_io" rtlName="add_ln67_7_fu_1067_p2" latency="0" BRAM="-1" DSP="-1" FF="0" LUT="32" fileDirectory="C:\Xilinx_trn\HLS_Baraev\lab5_optimizing_array_structures"><\/item>
<item  id="272" filename="source/array_io.c" linenumber="69" name="add_ln69_25" contextFuncName="array_io" moduleName="array_io" rtlName="d_o_25_din" latency="0" BRAM="-1" DSP="-1" FF="0" LUT="23" fileDirectory="C:\Xilinx_trn\HLS_Baraev\lab5_optimizing_array_structures"><\/item>
<item  id="275" filename="source/array_io.c" linenumber="67" name="sext_ln67_14" contextFuncName="array_io" moduleName="array_io" rtlName="sext_ln67_14_fu_890_p1" latency="0" BRAM="-1" DSP="-1" FF="-1" LUT="-1" fileDirectory="C:\Xilinx_trn\HLS_Baraev\lab5_optimizing_array_structures"><\/item>
<item  id="276" filename="source/array_io.c" linenumber="67" name="add_ln67_8" contextFuncName="array_io" moduleName="array_io" rtlName="add_ln67_8_fu_1084_p2" latency="0" BRAM="-1" DSP="-1" FF="0" LUT="32" fileDirectory="C:\Xilinx_trn\HLS_Baraev\lab5_optimizing_array_structures"><\/item>
<item  id="277" filename="source/array_io.c" linenumber="67" name="add_ln67_9" contextFuncName="array_io" moduleName="array_io" rtlName="add_ln67_9_fu_894_p2" latency="0" BRAM="-1" DSP="-1" FF="0" LUT="24" fileDirectory="C:\Xilinx_trn\HLS_Baraev\lab5_optimizing_array_structures"><\/item>
<item  id="278" filename="source/array_io.c" linenumber="67" name="sext_ln67_15" contextFuncName="array_io" moduleName="array_io" rtlName="sext_ln67_15_fu_900_p1" latency="0" BRAM="-1" DSP="-1" FF="-1" LUT="-1" fileDirectory="C:\Xilinx_trn\HLS_Baraev\lab5_optimizing_array_structures"><\/item>
<item  id="279" filename="source/array_io.c" linenumber="67" name="add_ln67_10" contextFuncName="array_io" moduleName="array_io" rtlName="add_ln67_10_fu_904_p2" latency="0" BRAM="-1" DSP="-1" FF="0" LUT="25" fileDirectory="C:\Xilinx_trn\HLS_Baraev\lab5_optimizing_array_structures"><\/item>
<item  id="280" filename="source/array_io.c" linenumber="67" name="sext_ln67_16" contextFuncName="array_io" moduleName="array_io" rtlName="sext_ln67_16_fu_1089_p1" latency="0" BRAM="-1" DSP="-1" FF="-1" LUT="-1" fileDirectory="C:\Xilinx_trn\HLS_Baraev\lab5_optimizing_array_structures"><\/item>
<item  id="281" filename="source/array_io.c" linenumber="67" name="add_ln67_11" contextFuncName="array_io" moduleName="array_io" rtlName="add_ln67_11_fu_1092_p2" latency="0" BRAM="-1" DSP="-1" FF="0" LUT="32" fileDirectory="C:\Xilinx_trn\HLS_Baraev\lab5_optimizing_array_structures"><\/item>
<item  id="283" filename="source/array_io.c" linenumber="69" name="add_ln69_26" contextFuncName="array_io" moduleName="array_io" rtlName="d_o_26_din" latency="0" BRAM="-1" DSP="-1" FF="0" LUT="23" fileDirectory="C:\Xilinx_trn\HLS_Baraev\lab5_optimizing_array_structures"><\/item>
<item  id="286" filename="source/array_io.c" linenumber="67" name="sext_ln67_17" contextFuncName="array_io" moduleName="array_io" rtlName="sext_ln67_17_fu_910_p1" latency="0" BRAM="-1" DSP="-1" FF="-1" LUT="-1" fileDirectory="C:\Xilinx_trn\HLS_Baraev\lab5_optimizing_array_structures"><\/item>
<item  id="287" filename="source/array_io.c" linenumber="67" name="add_ln67_12" contextFuncName="array_io" moduleName="array_io" rtlName="add_ln67_12_fu_1109_p2" latency="0" BRAM="-1" DSP="-1" FF="0" LUT="32" fileDirectory="C:\Xilinx_trn\HLS_Baraev\lab5_optimizing_array_structures"><\/item>
<item  id="288" filename="source/array_io.c" linenumber="67" name="add_ln67_13" contextFuncName="array_io" moduleName="array_io" rtlName="add_ln67_13_fu_914_p2" latency="0" BRAM="-1" DSP="-1" FF="0" LUT="24" fileDirectory="C:\Xilinx_trn\HLS_Baraev\lab5_optimizing_array_structures"><\/item>
<item  id="289" filename="source/array_io.c" linenumber="67" name="sext_ln67_18" contextFuncName="array_io" moduleName="array_io" rtlName="sext_ln67_18_fu_920_p1" latency="0" BRAM="-1" DSP="-1" FF="-1" LUT="-1" fileDirectory="C:\Xilinx_trn\HLS_Baraev\lab5_optimizing_array_structures"><\/item>
<item  id="290" filename="source/array_io.c" linenumber="67" name="add_ln67_14" contextFuncName="array_io" moduleName="array_io" rtlName="add_ln67_14_fu_924_p2" latency="0" BRAM="-1" DSP="-1" FF="0" LUT="25" fileDirectory="C:\Xilinx_trn\HLS_Baraev\lab5_optimizing_array_structures"><\/item>
<item  id="291" filename="source/array_io.c" linenumber="67" name="sext_ln67_19" contextFuncName="array_io" moduleName="array_io" rtlName="sext_ln67_19_fu_1114_p1" latency="0" BRAM="-1" DSP="-1" FF="-1" LUT="-1" fileDirectory="C:\Xilinx_trn\HLS_Baraev\lab5_optimizing_array_structures"><\/item>
<item  id="292" filename="source/array_io.c" linenumber="67" name="add_ln67_15" contextFuncName="array_io" moduleName="array_io" rtlName="add_ln67_15_fu_1117_p2" latency="0" BRAM="-1" DSP="-1" FF="0" LUT="32" fileDirectory="C:\Xilinx_trn\HLS_Baraev\lab5_optimizing_array_structures"><\/item>
<item  id="294" filename="source/array_io.c" linenumber="69" name="add_ln69_27" contextFuncName="array_io" moduleName="array_io" rtlName="d_o_27_din" latency="0" BRAM="-1" DSP="-1" FF="0" LUT="23" fileDirectory="C:\Xilinx_trn\HLS_Baraev\lab5_optimizing_array_structures"><\/item>
<item  id="297" filename="source/array_io.c" linenumber="67" name="sext_ln67_20" contextFuncName="array_io" moduleName="array_io" rtlName="sext_ln67_20_fu_930_p1" latency="0" BRAM="-1" DSP="-1" FF="-1" LUT="-1" fileDirectory="C:\Xilinx_trn\HLS_Baraev\lab5_optimizing_array_structures"><\/item>
<item  id="298" filename="source/array_io.c" linenumber="67" name="add_ln67_16" contextFuncName="array_io" moduleName="array_io" rtlName="add_ln67_16_fu_1134_p2" latency="0" BRAM="-1" DSP="-1" FF="0" LUT="32" fileDirectory="C:\Xilinx_trn\HLS_Baraev\lab5_optimizing_array_structures"><\/item>
<item  id="299" filename="source/array_io.c" linenumber="67" name="add_ln67_17" contextFuncName="array_io" moduleName="array_io" rtlName="add_ln67_17_fu_934_p2" latency="0" BRAM="-1" DSP="-1" FF="0" LUT="24" fileDirectory="C:\Xilinx_trn\HLS_Baraev\lab5_optimizing_array_structures"><\/item>
<item  id="300" filename="source/array_io.c" linenumber="67" name="sext_ln67_21" contextFuncName="array_io" moduleName="array_io" rtlName="sext_ln67_21_fu_940_p1" latency="0" BRAM="-1" DSP="-1" FF="-1" LUT="-1" fileDirectory="C:\Xilinx_trn\HLS_Baraev\lab5_optimizing_array_structures"><\/item>
<item  id="301" filename="source/array_io.c" linenumber="67" name="add_ln67_18" contextFuncName="array_io" moduleName="array_io" rtlName="add_ln67_18_fu_944_p2" latency="0" BRAM="-1" DSP="-1" FF="0" LUT="25" fileDirectory="C:\Xilinx_trn\HLS_Baraev\lab5_optimizing_array_structures"><\/item>
<item  id="302" filename="source/array_io.c" linenumber="67" name="sext_ln67_22" contextFuncName="array_io" moduleName="array_io" rtlName="sext_ln67_22_fu_1139_p1" latency="0" BRAM="-1" DSP="-1" FF="-1" LUT="-1" fileDirectory="C:\Xilinx_trn\HLS_Baraev\lab5_optimizing_array_structures"><\/item>
<item  id="303" filename="source/array_io.c" linenumber="67" name="add_ln67_19" contextFuncName="array_io" moduleName="array_io" rtlName="add_ln67_19_fu_1142_p2" latency="0" BRAM="-1" DSP="-1" FF="0" LUT="32" fileDirectory="C:\Xilinx_trn\HLS_Baraev\lab5_optimizing_array_structures"><\/item>
<item  id="305" filename="source/array_io.c" linenumber="69" name="add_ln69_28" contextFuncName="array_io" moduleName="array_io" rtlName="d_o_28_din" latency="0" BRAM="-1" DSP="-1" FF="0" LUT="23" fileDirectory="C:\Xilinx_trn\HLS_Baraev\lab5_optimizing_array_structures"><\/item>
<item  id="308" filename="source/array_io.c" linenumber="67" name="sext_ln67_23" contextFuncName="array_io" moduleName="array_io" rtlName="sext_ln67_23_fu_950_p1" latency="0" BRAM="-1" DSP="-1" FF="-1" LUT="-1" fileDirectory="C:\Xilinx_trn\HLS_Baraev\lab5_optimizing_array_structures"><\/item>
<item  id="309" filename="source/array_io.c" linenumber="67" name="add_ln67_20" contextFuncName="array_io" moduleName="array_io" rtlName="add_ln67_20_fu_1159_p2" latency="0" BRAM="-1" DSP="-1" FF="0" LUT="32" fileDirectory="C:\Xilinx_trn\HLS_Baraev\lab5_optimizing_array_structures"><\/item>
<item  id="310" filename="source/array_io.c" linenumber="67" name="add_ln67_21" contextFuncName="array_io" moduleName="array_io" rtlName="add_ln67_21_fu_954_p2" latency="0" BRAM="-1" DSP="-1" FF="0" LUT="24" fileDirectory="C:\Xilinx_trn\HLS_Baraev\lab5_optimizing_array_structures"><\/item>
<item  id="311" filename="source/array_io.c" linenumber="67" name="sext_ln67_24" contextFuncName="array_io" moduleName="array_io" rtlName="sext_ln67_24_fu_960_p1" latency="0" BRAM="-1" DSP="-1" FF="-1" LUT="-1" fileDirectory="C:\Xilinx_trn\HLS_Baraev\lab5_optimizing_array_structures"><\/item>
<item  id="312" filename="source/array_io.c" linenumber="67" name="add_ln67_22" contextFuncName="array_io" moduleName="array_io" rtlName="add_ln67_22_fu_964_p2" latency="0" BRAM="-1" DSP="-1" FF="0" LUT="25" fileDirectory="C:\Xilinx_trn\HLS_Baraev\lab5_optimizing_array_structures"><\/item>
<item  id="313" filename="source/array_io.c" linenumber="67" name="sext_ln67_25" contextFuncName="array_io" moduleName="array_io" rtlName="sext_ln67_25_fu_1164_p1" latency="0" BRAM="-1" DSP="-1" FF="-1" LUT="-1" fileDirectory="C:\Xilinx_trn\HLS_Baraev\lab5_optimizing_array_structures"><\/item>
<item  id="314" filename="source/array_io.c" linenumber="67" name="add_ln67_23" contextFuncName="array_io" moduleName="array_io" rtlName="add_ln67_23_fu_1167_p2" latency="0" BRAM="-1" DSP="-1" FF="0" LUT="32" fileDirectory="C:\Xilinx_trn\HLS_Baraev\lab5_optimizing_array_structures"><\/item>
<item  id="316" filename="source/array_io.c" linenumber="69" name="add_ln69_29" contextFuncName="array_io" moduleName="array_io" rtlName="d_o_29_din" latency="0" BRAM="-1" DSP="-1" FF="0" LUT="23" fileDirectory="C:\Xilinx_trn\HLS_Baraev\lab5_optimizing_array_structures"><\/item>
<item  id="319" filename="source/array_io.c" linenumber="67" name="sext_ln67_26" contextFuncName="array_io" moduleName="array_io" rtlName="sext_ln67_26_fu_970_p1" latency="0" BRAM="-1" DSP="-1" FF="-1" LUT="-1" fileDirectory="C:\Xilinx_trn\HLS_Baraev\lab5_optimizing_array_structures"><\/item>
<item  id="320" filename="source/array_io.c" linenumber="67" name="add_ln67_24" contextFuncName="array_io" moduleName="array_io" rtlName="add_ln67_24_fu_1184_p2" latency="0" BRAM="-1" DSP="-1" FF="0" LUT="32" fileDirectory="C:\Xilinx_trn\HLS_Baraev\lab5_optimizing_array_structures"><\/item>
<item  id="321" filename="source/array_io.c" linenumber="67" name="add_ln67_25" contextFuncName="array_io" moduleName="array_io" rtlName="add_ln67_25_fu_974_p2" latency="0" BRAM="-1" DSP="-1" FF="0" LUT="24" fileDirectory="C:\Xilinx_trn\HLS_Baraev\lab5_optimizing_array_structures"><\/item>
<item  id="322" filename="source/array_io.c" linenumber="67" name="sext_ln67_27" contextFuncName="array_io" moduleName="array_io" rtlName="sext_ln67_27_fu_980_p1" latency="0" BRAM="-1" DSP="-1" FF="-1" LUT="-1" fileDirectory="C:\Xilinx_trn\HLS_Baraev\lab5_optimizing_array_structures"><\/item>
<item  id="323" filename="source/array_io.c" linenumber="67" name="add_ln67_26" contextFuncName="array_io" moduleName="array_io" rtlName="add_ln67_26_fu_984_p2" latency="0" BRAM="-1" DSP="-1" FF="0" LUT="25" fileDirectory="C:\Xilinx_trn\HLS_Baraev\lab5_optimizing_array_structures"><\/item>
<item  id="324" filename="source/array_io.c" linenumber="67" name="sext_ln67_28" contextFuncName="array_io" moduleName="array_io" rtlName="sext_ln67_28_fu_1189_p1" latency="0" BRAM="-1" DSP="-1" FF="-1" LUT="-1" fileDirectory="C:\Xilinx_trn\HLS_Baraev\lab5_optimizing_array_structures"><\/item>
<item  id="325" filename="source/array_io.c" linenumber="67" name="add_ln67_27" contextFuncName="array_io" moduleName="array_io" rtlName="add_ln67_27_fu_1192_p2" latency="0" BRAM="-1" DSP="-1" FF="0" LUT="32" fileDirectory="C:\Xilinx_trn\HLS_Baraev\lab5_optimizing_array_structures"><\/item>
<item  id="327" filename="source/array_io.c" linenumber="69" name="add_ln69_30" contextFuncName="array_io" moduleName="array_io" rtlName="d_o_30_din" latency="0" BRAM="-1" DSP="-1" FF="0" LUT="23" fileDirectory="C:\Xilinx_trn\HLS_Baraev\lab5_optimizing_array_structures"><\/item>
<item  id="330" filename="source/array_io.c" linenumber="67" name="sext_ln67_29" contextFuncName="array_io" moduleName="array_io" rtlName="sext_ln67_29_fu_990_p1" latency="0" BRAM="-1" DSP="-1" FF="-1" LUT="-1" fileDirectory="C:\Xilinx_trn\HLS_Baraev\lab5_optimizing_array_structures"><\/item>
<item  id="331" filename="source/array_io.c" linenumber="67" name="add_ln67_28" contextFuncName="array_io" moduleName="array_io" rtlName="add_ln67_28_fu_1209_p2" latency="0" BRAM="-1" DSP="-1" FF="0" LUT="32" fileDirectory="C:\Xilinx_trn\HLS_Baraev\lab5_optimizing_array_structures"><\/item>
<item  id="332" filename="source/array_io.c" linenumber="67" name="add_ln67_29" contextFuncName="array_io" moduleName="array_io" rtlName="add_ln67_29_fu_994_p2" latency="0" BRAM="-1" DSP="-1" FF="0" LUT="24" fileDirectory="C:\Xilinx_trn\HLS_Baraev\lab5_optimizing_array_structures"><\/item>
<item  id="333" filename="source/array_io.c" linenumber="67" name="sext_ln67_30" contextFuncName="array_io" moduleName="array_io" rtlName="sext_ln67_30_fu_1000_p1" latency="0" BRAM="-1" DSP="-1" FF="-1" LUT="-1" fileDirectory="C:\Xilinx_trn\HLS_Baraev\lab5_optimizing_array_structures"><\/item>
<item  id="334" filename="source/array_io.c" linenumber="67" name="add_ln67_30" contextFuncName="array_io" moduleName="array_io" rtlName="add_ln67_30_fu_1004_p2" latency="0" BRAM="-1" DSP="-1" FF="0" LUT="25" fileDirectory="C:\Xilinx_trn\HLS_Baraev\lab5_optimizing_array_structures"><\/item>
<item  id="335" filename="source/array_io.c" linenumber="67" name="sext_ln67_31" contextFuncName="array_io" moduleName="array_io" rtlName="sext_ln67_31_fu_1214_p1" latency="0" BRAM="-1" DSP="-1" FF="-1" LUT="-1" fileDirectory="C:\Xilinx_trn\HLS_Baraev\lab5_optimizing_array_structures"><\/item>
<item  id="336" filename="source/array_io.c" linenumber="67" name="add_ln67_31" contextFuncName="array_io" moduleName="array_io" rtlName="add_ln67_31_fu_1217_p2" latency="0" BRAM="-1" DSP="-1" FF="0" LUT="32" fileDirectory="C:\Xilinx_trn\HLS_Baraev\lab5_optimizing_array_structures"><\/item>
<item  id="338" filename="source/array_io.c" linenumber="69" name="add_ln69_31" contextFuncName="array_io" moduleName="array_io" rtlName="d_o_31_din" latency="0" BRAM="-1" DSP="-1" FF="0" LUT="23" fileDirectory="C:\Xilinx_trn\HLS_Baraev\lab5_optimizing_array_structures"><\/item>
<\/annotationInfo>
</annotationInfo>
