<profile>

<section name = "Vivado HLS Report for 'array_io'" level="0">
<item name = "Date">Sun Dec 12 03:06:58 2021
</item>
<item name = "Version">2019.2 (Build 2704478 on Wed Nov 06 22:10:23 MST 2019)</item>
<item name = "Project">array_io_prj</item>
<item name = "Solution">solution3</item>
<item name = "Product family">artix7</item>
<item name = "Target device">xa7a12t-csg325-1Q</item>
</section>

<section name = "Performance Estimates" level="0">
<item name = "Timing">
<section name = "" level="1">
<item name = "Summary"><table name="" hasTotal="0">
<keys size="4">Clock, Target, Estimated, Uncertainty</keys>
<column name="ap_clk">8.00 ns, 6.438 ns, 1.00 ns</column>
</table>
</item>
</section>
</item>
<item name = "Latency">
<section name = "" level="1">
<item name = "Summary"><table name="" hasTotal="0">
<keys size="8">, min, max, min, max, min, max, Type</keys>
<column name="">1, 1, 8.000 ns, 8.000 ns, 1, 1, none</column>
</table>
</item>
<item name = "Detail">
<section name = "" level="1">
<item name = "Instance"><table name="" hasTotal="0">
<keys size="9">Instance, Module, min, max, min, max, min, max, Type</keys>
</table>
</item>
<item name = "Loop"><table name="" hasTotal="0">
<keys size="8">Loop Name, min, max, Latency, achieved, target, Count, Pipelined</keys>
</table>
</item>
</section>
</item>
</section>
</item>
</section>

<section name = "Utilization Estimates" level="0">
<item name = "Summary"><table name="" hasTotal="1">
<keys size="6">Name, BRAM_18K, DSP48E, FF, LUT, URAM</keys>
<column name="DSP">-, -, -, -, -</column>
<column name="Expression">-, -, 0, 1642, -</column>
<column name="FIFO">-, -, -, -, -</column>
<column name="Instance">-, -, -, -, -</column>
<column name="Memory">-, -, -, -, -</column>
<column name="Multiplexer">-, -, -, 303, -</column>
<column name="Register">-, -, 786, -, -</column>
<specialColumn name="Available">40, 40, 16000, 8000, 0</specialColumn>
<specialColumn name="Utilization (%)">0, 0, 4, 24, 0</specialColumn>
</table>
</item>
<item name = "Detail">
<section name = "" level="1">
<item name = "Instance"><table name="" hasTotal="1">
<keys size="7">Instance, Module, BRAM_18K, DSP48E, FF, LUT, URAM</keys>
</table>
</item>
<item name = "DSP48E"><table name="" hasTotal="0">
<keys size="3">Instance, Module, Expression</keys>
</table>
</item>
<item name = "Memory"><table name="" hasTotal="1">
<keys size="10">Memory, Module, BRAM_18K, FF, LUT, URAM, Words, Bits, Banks, W*Bits*Banks</keys>
</table>
</item>
<item name = "FIFO"><table name="" hasTotal="1">
<keys size="8">Name, BRAM_18K, FF, LUT, URAM, Depth, Bits, Size:D*B</keys>
</table>
</item>
<item name = "Expression"><table name="" hasTotal="1">
<keys size="7">Variable Name, Operation, DSP48E, FF, LUT, Bitwidth P0, Bitwidth P1</keys>
<column name="add_ln67_10_fu_904_p2">+, 0, 0, 25, 18, 18</column>
<column name="add_ln67_11_fu_1092_p2">+, 0, 0, 32, 32, 32</column>
<column name="add_ln67_12_fu_1109_p2">+, 0, 0, 32, 32, 32</column>
<column name="add_ln67_13_fu_914_p2">+, 0, 0, 24, 17, 17</column>
<column name="add_ln67_14_fu_924_p2">+, 0, 0, 25, 18, 18</column>
<column name="add_ln67_15_fu_1117_p2">+, 0, 0, 32, 32, 32</column>
<column name="add_ln67_16_fu_1134_p2">+, 0, 0, 32, 32, 32</column>
<column name="add_ln67_17_fu_934_p2">+, 0, 0, 24, 17, 17</column>
<column name="add_ln67_18_fu_944_p2">+, 0, 0, 25, 18, 18</column>
<column name="add_ln67_19_fu_1142_p2">+, 0, 0, 32, 32, 32</column>
<column name="add_ln67_1_fu_854_p2">+, 0, 0, 24, 17, 17</column>
<column name="add_ln67_20_fu_1159_p2">+, 0, 0, 32, 32, 32</column>
<column name="add_ln67_21_fu_954_p2">+, 0, 0, 24, 17, 17</column>
<column name="add_ln67_22_fu_964_p2">+, 0, 0, 25, 18, 18</column>
<column name="add_ln67_23_fu_1167_p2">+, 0, 0, 32, 32, 32</column>
<column name="add_ln67_24_fu_1184_p2">+, 0, 0, 32, 32, 32</column>
<column name="add_ln67_25_fu_974_p2">+, 0, 0, 24, 17, 17</column>
<column name="add_ln67_26_fu_984_p2">+, 0, 0, 25, 18, 18</column>
<column name="add_ln67_27_fu_1192_p2">+, 0, 0, 32, 32, 32</column>
<column name="add_ln67_28_fu_1209_p2">+, 0, 0, 32, 32, 32</column>
<column name="add_ln67_29_fu_994_p2">+, 0, 0, 24, 17, 17</column>
<column name="add_ln67_2_fu_864_p2">+, 0, 0, 25, 18, 18</column>
<column name="add_ln67_30_fu_1004_p2">+, 0, 0, 25, 18, 18</column>
<column name="add_ln67_31_fu_1217_p2">+, 0, 0, 32, 32, 32</column>
<column name="add_ln67_3_fu_1042_p2">+, 0, 0, 32, 32, 32</column>
<column name="add_ln67_4_fu_1059_p2">+, 0, 0, 32, 32, 32</column>
<column name="add_ln67_5_fu_874_p2">+, 0, 0, 24, 17, 17</column>
<column name="add_ln67_6_fu_884_p2">+, 0, 0, 25, 18, 18</column>
<column name="add_ln67_7_fu_1067_p2">+, 0, 0, 32, 32, 32</column>
<column name="add_ln67_8_fu_1084_p2">+, 0, 0, 32, 32, 32</column>
<column name="add_ln67_9_fu_894_p2">+, 0, 0, 24, 17, 17</column>
<column name="add_ln67_fu_1034_p2">+, 0, 0, 32, 32, 32</column>
<column name="add_ln69_10_fu_714_p2">+, 0, 0, 23, 16, 16</column>
<column name="add_ln69_11_fu_724_p2">+, 0, 0, 23, 16, 16</column>
<column name="add_ln69_12_fu_734_p2">+, 0, 0, 23, 16, 16</column>
<column name="add_ln69_13_fu_744_p2">+, 0, 0, 23, 16, 16</column>
<column name="add_ln69_14_fu_754_p2">+, 0, 0, 23, 16, 16</column>
<column name="add_ln69_15_fu_764_p2">+, 0, 0, 23, 16, 16</column>
<column name="add_ln69_16_fu_774_p2">+, 0, 0, 23, 16, 16</column>
<column name="add_ln69_17_fu_784_p2">+, 0, 0, 23, 16, 16</column>
<column name="add_ln69_18_fu_794_p2">+, 0, 0, 23, 16, 16</column>
<column name="add_ln69_19_fu_804_p2">+, 0, 0, 23, 16, 16</column>
<column name="add_ln69_1_fu_600_p2">+, 0, 0, 23, 16, 16</column>
<column name="add_ln69_20_fu_814_p2">+, 0, 0, 23, 16, 16</column>
<column name="add_ln69_21_fu_824_p2">+, 0, 0, 23, 16, 16</column>
<column name="add_ln69_22_fu_834_p2">+, 0, 0, 23, 16, 16</column>
<column name="add_ln69_23_fu_844_p2">+, 0, 0, 23, 16, 16</column>
<column name="add_ln69_2_fu_614_p2">+, 0, 0, 23, 16, 16</column>
<column name="add_ln69_3_fu_628_p2">+, 0, 0, 23, 16, 16</column>
<column name="add_ln69_4_fu_642_p2">+, 0, 0, 23, 16, 16</column>
<column name="add_ln69_5_fu_656_p2">+, 0, 0, 23, 16, 16</column>
<column name="add_ln69_6_fu_670_p2">+, 0, 0, 23, 16, 16</column>
<column name="add_ln69_7_fu_684_p2">+, 0, 0, 23, 16, 16</column>
<column name="add_ln69_8_fu_694_p2">+, 0, 0, 23, 16, 16</column>
<column name="add_ln69_9_fu_704_p2">+, 0, 0, 23, 16, 16</column>
<column name="add_ln69_fu_586_p2">+, 0, 0, 23, 16, 16</column>
<column name="d_o_24_din">+, 0, 0, 23, 16, 16</column>
<column name="d_o_25_din">+, 0, 0, 23, 16, 16</column>
<column name="d_o_26_din">+, 0, 0, 23, 16, 16</column>
<column name="d_o_27_din">+, 0, 0, 23, 16, 16</column>
<column name="d_o_28_din">+, 0, 0, 23, 16, 16</column>
<column name="d_o_29_din">+, 0, 0, 23, 16, 16</column>
<column name="d_o_30_din">+, 0, 0, 23, 16, 16</column>
<column name="d_o_31_din">+, 0, 0, 23, 16, 16</column>
<column name="ap_block_state2">or, 0, 0, 2, 1, 1</column>
</table>
</item>
<item name = "Multiplexer"><table name="" hasTotal="1">
<keys size="5">Name, LUT, Input Size, Bits, Total Bits</keys>
<column name="ap_NS_fsm">15, 3, 1, 3</column>
<column name="d_o_0_blk_n">9, 2, 1, 2</column>
<column name="d_o_10_blk_n">9, 2, 1, 2</column>
<column name="d_o_11_blk_n">9, 2, 1, 2</column>
<column name="d_o_12_blk_n">9, 2, 1, 2</column>
<column name="d_o_13_blk_n">9, 2, 1, 2</column>
<column name="d_o_14_blk_n">9, 2, 1, 2</column>
<column name="d_o_15_blk_n">9, 2, 1, 2</column>
<column name="d_o_16_blk_n">9, 2, 1, 2</column>
<column name="d_o_17_blk_n">9, 2, 1, 2</column>
<column name="d_o_18_blk_n">9, 2, 1, 2</column>
<column name="d_o_19_blk_n">9, 2, 1, 2</column>
<column name="d_o_1_blk_n">9, 2, 1, 2</column>
<column name="d_o_20_blk_n">9, 2, 1, 2</column>
<column name="d_o_21_blk_n">9, 2, 1, 2</column>
<column name="d_o_22_blk_n">9, 2, 1, 2</column>
<column name="d_o_23_blk_n">9, 2, 1, 2</column>
<column name="d_o_24_blk_n">9, 2, 1, 2</column>
<column name="d_o_25_blk_n">9, 2, 1, 2</column>
<column name="d_o_26_blk_n">9, 2, 1, 2</column>
<column name="d_o_27_blk_n">9, 2, 1, 2</column>
<column name="d_o_28_blk_n">9, 2, 1, 2</column>
<column name="d_o_29_blk_n">9, 2, 1, 2</column>
<column name="d_o_2_blk_n">9, 2, 1, 2</column>
<column name="d_o_30_blk_n">9, 2, 1, 2</column>
<column name="d_o_31_blk_n">9, 2, 1, 2</column>
<column name="d_o_3_blk_n">9, 2, 1, 2</column>
<column name="d_o_4_blk_n">9, 2, 1, 2</column>
<column name="d_o_5_blk_n">9, 2, 1, 2</column>
<column name="d_o_6_blk_n">9, 2, 1, 2</column>
<column name="d_o_7_blk_n">9, 2, 1, 2</column>
<column name="d_o_8_blk_n">9, 2, 1, 2</column>
<column name="d_o_9_blk_n">9, 2, 1, 2</column>
</table>
</item>
<item name = "Register"><table name="" hasTotal="1">
<keys size="5">Name, FF, LUT, Bits, Const Bits</keys>
<column name="acc_0">32, 0, 32, 0</column>
<column name="acc_1">32, 0, 32, 0</column>
<column name="acc_2">32, 0, 32, 0</column>
<column name="acc_3">32, 0, 32, 0</column>
<column name="acc_4">32, 0, 32, 0</column>
<column name="acc_5">32, 0, 32, 0</column>
<column name="acc_6">32, 0, 32, 0</column>
<column name="acc_7">32, 0, 32, 0</column>
<column name="add_ln67_10_reg_1467">18, 0, 18, 0</column>
<column name="add_ln67_14_reg_1477">18, 0, 18, 0</column>
<column name="add_ln67_18_reg_1487">18, 0, 18, 0</column>
<column name="add_ln67_22_reg_1497">18, 0, 18, 0</column>
<column name="add_ln67_26_reg_1507">18, 0, 18, 0</column>
<column name="add_ln67_2_reg_1447">18, 0, 18, 0</column>
<column name="add_ln67_30_reg_1517">18, 0, 18, 0</column>
<column name="add_ln67_6_reg_1457">18, 0, 18, 0</column>
<column name="add_ln69_10_reg_1364">16, 0, 16, 0</column>
<column name="add_ln69_11_reg_1369">16, 0, 16, 0</column>
<column name="add_ln69_12_reg_1374">16, 0, 16, 0</column>
<column name="add_ln69_13_reg_1379">16, 0, 16, 0</column>
<column name="add_ln69_14_reg_1384">16, 0, 16, 0</column>
<column name="add_ln69_15_reg_1389">16, 0, 16, 0</column>
<column name="add_ln69_16_reg_1394">16, 0, 16, 0</column>
<column name="add_ln69_17_reg_1400">16, 0, 16, 0</column>
<column name="add_ln69_18_reg_1406">16, 0, 16, 0</column>
<column name="add_ln69_19_reg_1412">16, 0, 16, 0</column>
<column name="add_ln69_1_reg_1259">16, 0, 16, 0</column>
<column name="add_ln69_20_reg_1418">16, 0, 16, 0</column>
<column name="add_ln69_21_reg_1424">16, 0, 16, 0</column>
<column name="add_ln69_22_reg_1430">16, 0, 16, 0</column>
<column name="add_ln69_23_reg_1436">16, 0, 16, 0</column>
<column name="add_ln69_2_reg_1274">16, 0, 16, 0</column>
<column name="add_ln69_3_reg_1289">16, 0, 16, 0</column>
<column name="add_ln69_4_reg_1304">16, 0, 16, 0</column>
<column name="add_ln69_5_reg_1319">16, 0, 16, 0</column>
<column name="add_ln69_6_reg_1334">16, 0, 16, 0</column>
<column name="add_ln69_7_reg_1349">16, 0, 16, 0</column>
<column name="add_ln69_8_reg_1354">16, 0, 16, 0</column>
<column name="add_ln69_9_reg_1359">16, 0, 16, 0</column>
<column name="add_ln69_reg_1244">16, 0, 16, 0</column>
<column name="ap_CS_fsm">2, 0, 2, 0</column>
</table>
</item>
</section>
</item>
</section>

<section name = "Interface" level="0">
<item name = "Summary"><table name="" hasTotal="0">
<keys size="6">RTL Ports, Dir, Bits, Protocol, Source Object, C Type</keys>
<column name="ap_clk">in, 1, ap_ctrl_hs, array_io, return value</column>
<column name="ap_rst">in, 1, ap_ctrl_hs, array_io, return value</column>
<column name="ap_start">in, 1, ap_ctrl_hs, array_io, return value</column>
<column name="ap_done">out, 1, ap_ctrl_hs, array_io, return value</column>
<column name="ap_idle">out, 1, ap_ctrl_hs, array_io, return value</column>
<column name="ap_ready">out, 1, ap_ctrl_hs, array_io, return value</column>
<column name="d_o_0_din">out, 16, ap_fifo, d_o_0, pointer</column>
<column name="d_o_0_full_n">in, 1, ap_fifo, d_o_0, pointer</column>
<column name="d_o_0_write">out, 1, ap_fifo, d_o_0, pointer</column>
<column name="d_o_1_din">out, 16, ap_fifo, d_o_1, pointer</column>
<column name="d_o_1_full_n">in, 1, ap_fifo, d_o_1, pointer</column>
<column name="d_o_1_write">out, 1, ap_fifo, d_o_1, pointer</column>
<column name="d_o_2_din">out, 16, ap_fifo, d_o_2, pointer</column>
<column name="d_o_2_full_n">in, 1, ap_fifo, d_o_2, pointer</column>
<column name="d_o_2_write">out, 1, ap_fifo, d_o_2, pointer</column>
<column name="d_o_3_din">out, 16, ap_fifo, d_o_3, pointer</column>
<column name="d_o_3_full_n">in, 1, ap_fifo, d_o_3, pointer</column>
<column name="d_o_3_write">out, 1, ap_fifo, d_o_3, pointer</column>
<column name="d_o_4_din">out, 16, ap_fifo, d_o_4, pointer</column>
<column name="d_o_4_full_n">in, 1, ap_fifo, d_o_4, pointer</column>
<column name="d_o_4_write">out, 1, ap_fifo, d_o_4, pointer</column>
<column name="d_o_5_din">out, 16, ap_fifo, d_o_5, pointer</column>
<column name="d_o_5_full_n">in, 1, ap_fifo, d_o_5, pointer</column>
<column name="d_o_5_write">out, 1, ap_fifo, d_o_5, pointer</column>
<column name="d_o_6_din">out, 16, ap_fifo, d_o_6, pointer</column>
<column name="d_o_6_full_n">in, 1, ap_fifo, d_o_6, pointer</column>
<column name="d_o_6_write">out, 1, ap_fifo, d_o_6, pointer</column>
<column name="d_o_7_din">out, 16, ap_fifo, d_o_7, pointer</column>
<column name="d_o_7_full_n">in, 1, ap_fifo, d_o_7, pointer</column>
<column name="d_o_7_write">out, 1, ap_fifo, d_o_7, pointer</column>
<column name="d_o_8_din">out, 16, ap_fifo, d_o_8, pointer</column>
<column name="d_o_8_full_n">in, 1, ap_fifo, d_o_8, pointer</column>
<column name="d_o_8_write">out, 1, ap_fifo, d_o_8, pointer</column>
<column name="d_o_9_din">out, 16, ap_fifo, d_o_9, pointer</column>
<column name="d_o_9_full_n">in, 1, ap_fifo, d_o_9, pointer</column>
<column name="d_o_9_write">out, 1, ap_fifo, d_o_9, pointer</column>
<column name="d_o_10_din">out, 16, ap_fifo, d_o_10, pointer</column>
<column name="d_o_10_full_n">in, 1, ap_fifo, d_o_10, pointer</column>
<column name="d_o_10_write">out, 1, ap_fifo, d_o_10, pointer</column>
<column name="d_o_11_din">out, 16, ap_fifo, d_o_11, pointer</column>
<column name="d_o_11_full_n">in, 1, ap_fifo, d_o_11, pointer</column>
<column name="d_o_11_write">out, 1, ap_fifo, d_o_11, pointer</column>
<column name="d_o_12_din">out, 16, ap_fifo, d_o_12, pointer</column>
<column name="d_o_12_full_n">in, 1, ap_fifo, d_o_12, pointer</column>
<column name="d_o_12_write">out, 1, ap_fifo, d_o_12, pointer</column>
<column name="d_o_13_din">out, 16, ap_fifo, d_o_13, pointer</column>
<column name="d_o_13_full_n">in, 1, ap_fifo, d_o_13, pointer</column>
<column name="d_o_13_write">out, 1, ap_fifo, d_o_13, pointer</column>
<column name="d_o_14_din">out, 16, ap_fifo, d_o_14, pointer</column>
<column name="d_o_14_full_n">in, 1, ap_fifo, d_o_14, pointer</column>
<column name="d_o_14_write">out, 1, ap_fifo, d_o_14, pointer</column>
<column name="d_o_15_din">out, 16, ap_fifo, d_o_15, pointer</column>
<column name="d_o_15_full_n">in, 1, ap_fifo, d_o_15, pointer</column>
<column name="d_o_15_write">out, 1, ap_fifo, d_o_15, pointer</column>
<column name="d_o_16_din">out, 16, ap_fifo, d_o_16, pointer</column>
<column name="d_o_16_full_n">in, 1, ap_fifo, d_o_16, pointer</column>
<column name="d_o_16_write">out, 1, ap_fifo, d_o_16, pointer</column>
<column name="d_o_17_din">out, 16, ap_fifo, d_o_17, pointer</column>
<column name="d_o_17_full_n">in, 1, ap_fifo, d_o_17, pointer</column>
<column name="d_o_17_write">out, 1, ap_fifo, d_o_17, pointer</column>
<column name="d_o_18_din">out, 16, ap_fifo, d_o_18, pointer</column>
<column name="d_o_18_full_n">in, 1, ap_fifo, d_o_18, pointer</column>
<column name="d_o_18_write">out, 1, ap_fifo, d_o_18, pointer</column>
<column name="d_o_19_din">out, 16, ap_fifo, d_o_19, pointer</column>
<column name="d_o_19_full_n">in, 1, ap_fifo, d_o_19, pointer</column>
<column name="d_o_19_write">out, 1, ap_fifo, d_o_19, pointer</column>
<column name="d_o_20_din">out, 16, ap_fifo, d_o_20, pointer</column>
<column name="d_o_20_full_n">in, 1, ap_fifo, d_o_20, pointer</column>
<column name="d_o_20_write">out, 1, ap_fifo, d_o_20, pointer</column>
<column name="d_o_21_din">out, 16, ap_fifo, d_o_21, pointer</column>
<column name="d_o_21_full_n">in, 1, ap_fifo, d_o_21, pointer</column>
<column name="d_o_21_write">out, 1, ap_fifo, d_o_21, pointer</column>
<column name="d_o_22_din">out, 16, ap_fifo, d_o_22, pointer</column>
<column name="d_o_22_full_n">in, 1, ap_fifo, d_o_22, pointer</column>
<column name="d_o_22_write">out, 1, ap_fifo, d_o_22, pointer</column>
<column name="d_o_23_din">out, 16, ap_fifo, d_o_23, pointer</column>
<column name="d_o_23_full_n">in, 1, ap_fifo, d_o_23, pointer</column>
<column name="d_o_23_write">out, 1, ap_fifo, d_o_23, pointer</column>
<column name="d_o_24_din">out, 16, ap_fifo, d_o_24, pointer</column>
<column name="d_o_24_full_n">in, 1, ap_fifo, d_o_24, pointer</column>
<column name="d_o_24_write">out, 1, ap_fifo, d_o_24, pointer</column>
<column name="d_o_25_din">out, 16, ap_fifo, d_o_25, pointer</column>
<column name="d_o_25_full_n">in, 1, ap_fifo, d_o_25, pointer</column>
<column name="d_o_25_write">out, 1, ap_fifo, d_o_25, pointer</column>
<column name="d_o_26_din">out, 16, ap_fifo, d_o_26, pointer</column>
<column name="d_o_26_full_n">in, 1, ap_fifo, d_o_26, pointer</column>
<column name="d_o_26_write">out, 1, ap_fifo, d_o_26, pointer</column>
<column name="d_o_27_din">out, 16, ap_fifo, d_o_27, pointer</column>
<column name="d_o_27_full_n">in, 1, ap_fifo, d_o_27, pointer</column>
<column name="d_o_27_write">out, 1, ap_fifo, d_o_27, pointer</column>
<column name="d_o_28_din">out, 16, ap_fifo, d_o_28, pointer</column>
<column name="d_o_28_full_n">in, 1, ap_fifo, d_o_28, pointer</column>
<column name="d_o_28_write">out, 1, ap_fifo, d_o_28, pointer</column>
<column name="d_o_29_din">out, 16, ap_fifo, d_o_29, pointer</column>
<column name="d_o_29_full_n">in, 1, ap_fifo, d_o_29, pointer</column>
<column name="d_o_29_write">out, 1, ap_fifo, d_o_29, pointer</column>
<column name="d_o_30_din">out, 16, ap_fifo, d_o_30, pointer</column>
<column name="d_o_30_full_n">in, 1, ap_fifo, d_o_30, pointer</column>
<column name="d_o_30_write">out, 1, ap_fifo, d_o_30, pointer</column>
<column name="d_o_31_din">out, 16, ap_fifo, d_o_31, pointer</column>
<column name="d_o_31_full_n">in, 1, ap_fifo, d_o_31, pointer</column>
<column name="d_o_31_write">out, 1, ap_fifo, d_o_31, pointer</column>
<column name="d_i_0">in, 16, ap_none, d_i_0, pointer</column>
<column name="d_i_1">in, 16, ap_none, d_i_1, pointer</column>
<column name="d_i_2">in, 16, ap_none, d_i_2, pointer</column>
<column name="d_i_3">in, 16, ap_none, d_i_3, pointer</column>
<column name="d_i_4">in, 16, ap_none, d_i_4, pointer</column>
<column name="d_i_5">in, 16, ap_none, d_i_5, pointer</column>
<column name="d_i_6">in, 16, ap_none, d_i_6, pointer</column>
<column name="d_i_7">in, 16, ap_none, d_i_7, pointer</column>
<column name="d_i_8">in, 16, ap_none, d_i_8, pointer</column>
<column name="d_i_9">in, 16, ap_none, d_i_9, pointer</column>
<column name="d_i_10">in, 16, ap_none, d_i_10, pointer</column>
<column name="d_i_11">in, 16, ap_none, d_i_11, pointer</column>
<column name="d_i_12">in, 16, ap_none, d_i_12, pointer</column>
<column name="d_i_13">in, 16, ap_none, d_i_13, pointer</column>
<column name="d_i_14">in, 16, ap_none, d_i_14, pointer</column>
<column name="d_i_15">in, 16, ap_none, d_i_15, pointer</column>
<column name="d_i_16">in, 16, ap_none, d_i_16, pointer</column>
<column name="d_i_17">in, 16, ap_none, d_i_17, pointer</column>
<column name="d_i_18">in, 16, ap_none, d_i_18, pointer</column>
<column name="d_i_19">in, 16, ap_none, d_i_19, pointer</column>
<column name="d_i_20">in, 16, ap_none, d_i_20, pointer</column>
<column name="d_i_21">in, 16, ap_none, d_i_21, pointer</column>
<column name="d_i_22">in, 16, ap_none, d_i_22, pointer</column>
<column name="d_i_23">in, 16, ap_none, d_i_23, pointer</column>
<column name="d_i_24">in, 16, ap_none, d_i_24, pointer</column>
<column name="d_i_25">in, 16, ap_none, d_i_25, pointer</column>
<column name="d_i_26">in, 16, ap_none, d_i_26, pointer</column>
<column name="d_i_27">in, 16, ap_none, d_i_27, pointer</column>
<column name="d_i_28">in, 16, ap_none, d_i_28, pointer</column>
<column name="d_i_29">in, 16, ap_none, d_i_29, pointer</column>
<column name="d_i_30">in, 16, ap_none, d_i_30, pointer</column>
<column name="d_i_31">in, 16, ap_none, d_i_31, pointer</column>
</table>
</item>
</section>
</profile>
