<?xml version="1.0" encoding="utf-8"?>
<Messages>
	<Message severity="INFO" prefix="[COSIM 212-47]" key="COSIM_TCL_47_1115" tag="" content="Using XSIM for RTL simulation."/>
	<Message severity="INFO" prefix="[COSIM 212-14]" key="COSIM_TCL_14_1084" tag="" content="Instrumenting C test bench ..."/>
	<Message severity="INFO" prefix="[HLS 200-10]" key="HLS_10_1427" tag="" content="Running &apos;/home/sokrat/tools/Xilinx/Vivado/2020.1/bin/unwrapped/lnx64.o/apcc&apos;"/>
	<Message severity="INFO" prefix="[HLS 200-10]" key="HLS_10_1428" tag="" content="For user &apos;sokrat&apos; on host &apos;Lenovo-V110&apos; (Linux_x86_64 version 5.4.0-59-generic) on Wed Sep 29 10:52:48 MSK 2021"/>
	<Message severity="INFO" prefix="[HLS 200-10]" key="HLS_10_1429" tag="" content="On os Ubuntu 20.04.1 LTS"/>
	<Message severity="INFO" prefix="[HLS 200-10]" key="HLS_10_1430" tag="" content="In directory &apos;/home/sokrat/project/learn/Hybridsystem/homework/hw2/lab2_z1/lab2_1_prj/ex_sol3/sim/wrapc&apos;"/>
	<Message severity="INFO" prefix="[APCC 202-3]" key="APCC_3_1610" tag="" content="Tmp directory is /tmp/apcc_db_sokrat/5051001632901968579065"/>
	<Message severity="INFO" prefix="[APCC 202-1]" key="APCC_1_1611" tag="" content="APCC is done."/>
	<Message severity="INFO" prefix="[HLS 200-10]" key="HLS_10_1427" tag="" content="Running &apos;/home/sokrat/tools/Xilinx/Vivado/2020.1/bin/unwrapped/lnx64.o/apcc&apos;"/>
	<Message severity="INFO" prefix="[HLS 200-10]" key="HLS_10_1428" tag="" content="For user &apos;sokrat&apos; on host &apos;Lenovo-V110&apos; (Linux_x86_64 version 5.4.0-59-generic) on Wed Sep 29 10:52:55 MSK 2021"/>
	<Message severity="INFO" prefix="[HLS 200-10]" key="HLS_10_1429" tag="" content="On os Ubuntu 20.04.1 LTS"/>
	<Message severity="INFO" prefix="[HLS 200-10]" key="HLS_10_1430" tag="" content="In directory &apos;/home/sokrat/project/learn/Hybridsystem/homework/hw2/lab2_z1/lab2_1_prj/ex_sol3/sim/wrapc&apos;"/>
	<Message severity="INFO" prefix="[APCC 202-3]" key="APCC_3_1610" tag="" content="Tmp directory is /tmp/apcc_db_sokrat/5051551632901975315679"/>
	<Message severity="INFO" prefix="[APCC 202-1]" key="APCC_1_1611" tag="" content="APCC is done."/>
	<Message severity="INFO" prefix="[COSIM 212-302]" key="COSIM_TCL_302_1177" tag="" content="Starting C TB testing ..."/>
	<Message severity="INFO" prefix="[COSIM 212-333]" key="COSIM_TCL_333_1204" tag="" content="Generating C post check test bench ..."/>
	<Message severity="INFO" prefix="[COSIM 212-12]" key="COSIM_TCL_12_1082" tag="" content="Generating RTL test bench ..."/>
	<Message severity="INFO" prefix="[COSIM 212-1]" key="COSIM_TCL_1_1071" tag="" content="*** C/RTL co-simulation file generation completed. ***"/>
	<Message severity="INFO" prefix="[COSIM 212-323]" key="COSIM_TCL_323_1195" tag="" content="Starting verilog simulation."/>
	<Message severity="INFO" prefix="[COSIM 212-15]" key="COSIM_TCL_15_1085" tag="" content="Starting XSIM ..."/>
	<Message severity="INFO" prefix="[COSIM 212-316]" key="COSIM_TCL_316_1188" tag="" content="Starting C post checking ..."/>
	<Message severity="INFO" prefix="[COSIM 212-1000]" key="COSIM_TCL_1000_1070" tag="" content="*** C/RTL co-simulation finished: PASS ***"/>
</Messages>
