<?xml version="1.0" encoding="utf-8"?>
<Messages>
	<Message severity="INFO" prefix="[SCHED 204-61]" key="SCHED_PIPELINING_STATUS_631" tag="SCHEDULE" content="Option &apos;relax_ii_for_timing&apos; is enabled, will increase II to preserve clock frequency constraints."/>
	<Message severity="INFO" prefix="[HLS 200-10]" key="HLS_10_1312" tag="" content="Analyzing design file &apos;./source/course_prj.c&apos; ..."/>
	<Message severity="INFO" prefix="[HLS 200-111]" key="HLS_111_965" tag="" content="Finished Linking Time (s): cpu = 00:00:10 ; elapsed = 00:00:09 . Memory (MB): peak = 1635.301 ; gain = 1230.723 ; free physical = 1361 ; free virtual = 6362"/>
	<Message severity="INFO" prefix="[HLS 200-111]" key="HLS_111_965" tag="" content="Finished Checking Pragmas Time (s): cpu = 00:00:10 ; elapsed = 00:00:09 . Memory (MB): peak = 1635.301 ; gain = 1230.723 ; free physical = 1361 ; free virtual = 6362"/>
	<Message severity="INFO" prefix="[HLS 200-10]" key="HLS_10_1467" tag="" content="Starting code transformations ..."/>
	<Message severity="INFO" prefix="[HLS 200-111]" key="HLS_111_965" tag="" content="Finished Standard Transforms Time (s): cpu = 00:00:11 ; elapsed = 00:00:10 . Memory (MB): peak = 1635.301 ; gain = 1230.723 ; free physical = 1358 ; free virtual = 6361"/>
	<Message severity="INFO" prefix="[HLS 200-10]" key="HLS_10_1472" tag="" content="Checking synthesizability ..."/>
	<Message severity="INFO" prefix="[XFORM 203-602]" key="XFORM_AUTO_INLINE_STATUS_223" tag="" content="Inlining function &apos;filter&apos; into &apos;gauss_blur&apos; (./source/course_prj.c:76) automatically."/>
	<Message severity="INFO" prefix="[HLS 200-111]" key="HLS_111_965" tag="" content="Finished Checking Synthesizability Time (s): cpu = 00:00:11 ; elapsed = 00:00:10 . Memory (MB): peak = 1635.301 ; gain = 1230.723 ; free physical = 1358 ; free virtual = 6361"/>
	<Message severity="INFO" prefix="[XFORM 203-502]" key="XFORM_AUTO_UNROLL_STATUS_246" tag="" content="Unrolling all sub-loops inside loop &apos;L1&apos; (./source/course_prj.c:47) in function &apos;gauss_blur&apos; for pipelining."/>
	<Message severity="INFO" prefix="[XFORM 203-502]" key="XFORM_AUTO_UNROLL_STATUS_250" tag="" content="Unrolling all loops for pipelining in function &apos;filter&apos; (./source/course_prj.c:10)."/>
	<Message severity="INFO" prefix="[HLS 200-489]" key="HLS 200-489" tag="" content="Unrolling loop &apos;Loop-2.1.1&apos; (./source/course_prj.c:55) in function &apos;gauss_blur&apos; completely with a factor of 3."/>
	<Message severity="INFO" prefix="[HLS 200-489]" key="HLS 200-489" tag="" content="Unrolling loop &apos;row_loop&apos; (./source/course_prj.c:14) in function &apos;filter&apos; completely with a factor of 3."/>
	<Message severity="INFO" prefix="[HLS 200-489]" key="HLS 200-489" tag="" content="Unrolling loop &apos;col_loop&apos; (./source/course_prj.c:15) in function &apos;filter&apos; completely with a factor of 3."/>
	<Message severity="INFO" prefix="[XFORM 203-102]" key="XFORM_AUTO_PARTITION_STATUS_121" tag="" content="Partitioning array &apos;part_buffer&apos; (./source/course_prj.c:44) in dimension 1 automatically."/>
	<Message severity="INFO" prefix="[XFORM 203-101]" key="XFORM_PARTITION_STATUS_116" tag="" content="Partitioning array &apos;window&apos; (./source/course_prj.c:34) in dimension 1 completely."/>
	<Message severity="INFO" prefix="[XFORM 203-101]" key="XFORM_PARTITION_STATUS_116" tag="" content="Partitioning array &apos;kernel&apos; (./source/course_prj.c:35) in dimension 1 completely."/>
	<Message severity="INFO" prefix="[XFORM 203-102]" key="XFORM_AUTO_PARTITION_STATUS_115" tag="" content="Automatically partitioning small array &apos;window.0&apos; (./source/course_prj.c:34) completely based on array size."/>
	<Message severity="INFO" prefix="[XFORM 203-102]" key="XFORM_AUTO_PARTITION_STATUS_115" tag="" content="Automatically partitioning small array &apos;window.1&apos; (./source/course_prj.c:34) completely based on array size."/>
	<Message severity="INFO" prefix="[XFORM 203-102]" key="XFORM_AUTO_PARTITION_STATUS_115" tag="" content="Automatically partitioning small array &apos;window.2&apos; (./source/course_prj.c:34) completely based on array size."/>
	<Message severity="INFO" prefix="[XFORM 203-102]" key="XFORM_AUTO_PARTITION_STATUS_115" tag="" content="Automatically partitioning small array &apos;kernel.0&apos; (./source/course_prj.c:35) completely based on array size."/>
	<Message severity="INFO" prefix="[XFORM 203-102]" key="XFORM_AUTO_PARTITION_STATUS_115" tag="" content="Automatically partitioning small array &apos;kernel.1&apos; (./source/course_prj.c:35) completely based on array size."/>
	<Message severity="INFO" prefix="[XFORM 203-102]" key="XFORM_AUTO_PARTITION_STATUS_115" tag="" content="Automatically partitioning small array &apos;kernel.2&apos; (./source/course_prj.c:35) completely based on array size."/>
	<Message severity="INFO" prefix="[XFORM 203-101]" key="XFORM_PARTITION_STATUS_116" tag="" content="Partitioning array &apos;window.0&apos; (./source/course_prj.c:34) in dimension 1 completely."/>
	<Message severity="INFO" prefix="[XFORM 203-101]" key="XFORM_PARTITION_STATUS_116" tag="" content="Partitioning array &apos;window.1&apos; (./source/course_prj.c:34) in dimension 1 completely."/>
	<Message severity="INFO" prefix="[XFORM 203-101]" key="XFORM_PARTITION_STATUS_116" tag="" content="Partitioning array &apos;window.2&apos; (./source/course_prj.c:34) in dimension 1 completely."/>
	<Message severity="INFO" prefix="[XFORM 203-101]" key="XFORM_PARTITION_STATUS_116" tag="" content="Partitioning array &apos;kernel.0&apos; (./source/course_prj.c:35) in dimension 1 completely."/>
	<Message severity="INFO" prefix="[XFORM 203-101]" key="XFORM_PARTITION_STATUS_116" tag="" content="Partitioning array &apos;kernel.1&apos; (./source/course_prj.c:35) in dimension 1 completely."/>
	<Message severity="INFO" prefix="[XFORM 203-101]" key="XFORM_PARTITION_STATUS_116" tag="" content="Partitioning array &apos;kernel.2&apos; (./source/course_prj.c:35) in dimension 1 completely."/>
	<Message severity="INFO" prefix="[XFORM 203-602]" key="XFORM_AUTO_INLINE_STATUS_223" tag="" content="Inlining function &apos;filter&apos; into &apos;gauss_blur&apos; (./source/course_prj.c:76) automatically."/>
	<Message severity="WARNING" prefix="[XFORM 203-124]" key="XFORM_ARRAY_STREAM_WARNING_632" tag="" content="Array  &apos;inImage&apos;: may have improper streaming access(es), possible reasons: (1) some entries are accessed more than once; (2) some entries are not used; (3) the entries are not accessed in sequential order."/>
	<Message severity="WARNING" prefix="[XFORM 203-124]" key="XFORM_ARRAY_STREAM_WARNING_632" tag="" content="Array  &apos;outImage&apos;: may have improper streaming access(es), possible reasons: (1) some entries are accessed more than once; (2) some entries are not used; (3) the entries are not accessed in sequential order."/>
	<Message severity="INFO" prefix="[XFORM 203-11]" key="XFORM_EXPR_BALANCE_STATUS_178" tag="" content="Balancing expressions in function &apos;gauss_blur&apos; (./source/course_prj.c:31)...18 expression(s) balanced."/>
	<Message severity="INFO" prefix="[HLS 200-111]" key="HLS_111_965" tag="" content="Finished Pre-synthesis Time (s): cpu = 00:00:12 ; elapsed = 00:00:11 . Memory (MB): peak = 1635.301 ; gain = 1230.723 ; free physical = 1338 ; free virtual = 6342"/>
	<Message severity="INFO" prefix="[XFORM 203-541]" key="XFORM_LOOPFLAT_STATUS_218" tag="" content="Flattening a loop nest &apos;L2&apos; (./source/course_prj.c:46:47) in function &apos;gauss_blur&apos;."/>
	<Message severity="INFO" prefix="[HLS 200-472]" key="HLS 200-472" tag="" content="Inferring partial write operation for &apos;part_buffer[0]&apos; (./source/course_prj.c:63:5)"/>
	<Message severity="INFO" prefix="[HLS 200-472]" key="HLS 200-472" tag="" content="Inferring partial write operation for &apos;part_buffer[1]&apos; (./source/course_prj.c:64:5)"/>
	<Message severity="INFO" prefix="[HLS 200-111]" key="HLS_111_965" tag="" content="Finished Architecture Synthesis Time (s): cpu = 00:00:12 ; elapsed = 00:00:11 . Memory (MB): peak = 1635.301 ; gain = 1230.723 ; free physical = 1338 ; free virtual = 6342"/>
	<Message severity="INFO" prefix="[HLS 200-10]" key="HLS_10_1317" tag="" content="Starting hardware synthesis ..."/>
	<Message severity="INFO" prefix="[HLS 200-10]" key="HLS_10_1385" tag="" content="Synthesizing &apos;gauss_blur&apos; ..."/>
	<Message severity="INFO" prefix="[HLS 200-10]" key="HLS_10_1477" tag="" content="----------------------------------------------------------------"/>
	<Message severity="INFO" prefix="[HLS 200-42]" key="HLS_42_1438" tag="" content="-- Implementing module &apos;gauss_blur&apos;"/>
	<Message severity="INFO" prefix="[HLS 200-10]" key="HLS_10_1478" tag="" content="----------------------------------------------------------------"/>
	<Message severity="INFO" prefix="[SCHED 204-11]" key="SCHED_SCHED_STATUS_597" tag="" content="Starting scheduling ..."/>
	<Message severity="INFO" prefix="[SCHED 204-61]" key="SCHED_PIPELINING_STATUS_41" tag="" content="Pipelining loop &apos;L2_L1&apos;."/>
	<Message severity="INFO" prefix="[SCHED 204-61]" key="SCHED_PIPELINING_STATUS_44" tag="" content="Pipelining result : Target II = 1, Final II = 1, Depth = 8."/>
	<Message severity="WARNING" prefix="[SCHED 204-21]" key="SCHED_DELAY_EXCEEDED_76" tag="SDX_KERNEL,SCHEDULE" content="Estimated clock period (6.875ns) exceeds the target (target clock period: 6ns, clock uncertainty: 0.1ns, effective delay budget: 5.9ns)."/>
	<Message severity="WARNING" prefix="[SCHED 204-21]" key="SCHED_DELAY_EXCEEDED_74" tag="SDX_KERNEL,SCHEDULE" content="The critical path in module &apos;gauss_blur&apos; consists of the following:
	&apos;add&apos; operation (&apos;outcol&apos;, ./source/course_prj.c:70) [178]  (2.13 ns)
	&apos;icmp&apos; operation (&apos;icmp_ln73_2&apos;, ./source/course_prj.c:73) [179]  (1.81 ns)
	&apos;or&apos; operation (&apos;or_ln73&apos;, ./source/course_prj.c:73) [181]  (0 ns)
	&apos;or&apos; operation (&apos;or_ln73_2&apos;, ./source/course_prj.c:73) [183]  (0.978 ns)
	blocking operation 1.96 ns on control path)"/>
	<Message severity="INFO" prefix="[SCHED 204-11]" key="SCHED_SCHED_STATUS_596" tag="" content="Finished scheduling."/>
	<Message severity="INFO" prefix="[HLS 200-111]" key="HLS_111_966" tag="" content=" Elapsed time: 10.87 seconds; current allocated memory: 93.261 MB."/>
	<Message severity="INFO" prefix="[BIND 205-100]" key="BIND_100_926" tag="" content="Starting micro-architecture generation ..."/>
	<Message severity="INFO" prefix="[BIND 205-101]" key="BIND_101_698" tag="" content="Performing variable lifetime analysis."/>
	<Message severity="INFO" prefix="[BIND 205-101]" key="BIND_101_697" tag="" content="Exploring resource sharing."/>
	<Message severity="INFO" prefix="[BIND 205-101]" key="BIND_101_693" tag="" content="Binding ..."/>
	<Message severity="INFO" prefix="[BIND 205-100]" key="BIND_100_925" tag="" content="Finished micro-architecture generation."/>
	<Message severity="INFO" prefix="[HLS 200-111]" key="HLS_111_966" tag="" content=" Elapsed time: 0.13 seconds; current allocated memory: 94.087 MB."/>
	<Message severity="INFO" prefix="[HLS 200-10]" key="HLS_10_1483" tag="" content="----------------------------------------------------------------"/>
	<Message severity="INFO" prefix="[HLS 200-10]" key="HLS_10_1484" tag="" content="-- Generating RTL for module &apos;gauss_blur&apos;"/>
	<Message severity="INFO" prefix="[HLS 200-10]" key="HLS_10_1485" tag="" content="----------------------------------------------------------------"/>
	<Message severity="INFO" prefix="[RTGEN 206-500]" key="PREPROC_IO_COMP_CONFLICT_1950" tag="" content="Setting interface mode on port &apos;gauss_blur/inImage&apos; to &apos;ap_fifo&apos;."/>
	<Message severity="INFO" prefix="[RTGEN 206-500]" key="PREPROC_IO_COMP_CONFLICT_1950" tag="" content="Setting interface mode on port &apos;gauss_blur/gauss_kernel&apos; to &apos;ap_memory&apos;."/>
	<Message severity="INFO" prefix="[RTGEN 206-500]" key="PREPROC_IO_COMP_CONFLICT_1950" tag="" content="Setting interface mode on port &apos;gauss_blur/outImage&apos; to &apos;ap_fifo&apos;."/>
	<Message severity="INFO" prefix="[RTGEN 206-500]" key="PREPROC_IO_COMP_CONFLICT_1950" tag="" content="Setting interface mode on function &apos;gauss_blur&apos; to &apos;ap_ctrl_hs&apos;."/>
	<Message severity="INFO" prefix="[SYN 201-210]" key="SYN_210_889" tag="" content="Renamed object name &apos;gauss_blur_part_buffer_0&apos; to &apos;gauss_blur_part_bbkb&apos; due to the length limit 20"/>
	<Message severity="INFO" prefix="[SYN 201-210]" key="SYN_210_889" tag="" content="Renamed object name &apos;gauss_blur_part_buffer_1&apos; to &apos;gauss_blur_part_bcud&apos; due to the length limit 20"/>
	<Message severity="INFO" prefix="[SYN 201-210]" key="SYN_210_889" tag="" content="Renamed object name &apos;gauss_blur_mac_muladd_8ns_8ns_16ns_17_3_1&apos; to &apos;gauss_blur_mac_mudEe&apos; due to the length limit 20"/>
	<Message severity="INFO" prefix="[SYN 201-210]" key="SYN_210_889" tag="" content="Renamed object name &apos;gauss_blur_mac_muladd_8ns_8ns_17ns_18_3_1&apos; to &apos;gauss_blur_mac_mueOg&apos; due to the length limit 20"/>
	<Message severity="INFO" prefix="[RTGEN 206-100]" key="RTGEN_100_855" tag="" content="Generating core module &apos;gauss_blur_mac_mudEe&apos;: 4 instance(s)."/>
	<Message severity="INFO" prefix="[RTGEN 206-100]" key="RTGEN_100_855" tag="" content="Generating core module &apos;gauss_blur_mac_mueOg&apos;: 1 instance(s)."/>
	<Message severity="INFO" prefix="[RTGEN 206-100]" key="RTGEN_100_856" tag="" content="Finished creating RTL model for &apos;gauss_blur&apos;."/>
	<Message severity="INFO" prefix="[HLS 200-111]" key="HLS_111_966" tag="" content=" Elapsed time: 0.21 seconds; current allocated memory: 95.626 MB."/>
	<Message severity="INFO" prefix="[HLS 200-790]" key="HLS 200-790" tag="LOOP,SDX_LOOP" content="**** Loop Constraint Status: All loop constraints were satisfied."/>
	<Message severity="INFO" prefix="[HLS 200-789]" key="HLS 200-789" tag="THROUGHPUT,SDX_KERNEL" content="**** Estimated Fmax: 145.45 MHz"/>
	<Message severity="INFO" prefix="[RTMG 210-278]" key="RTMG_278_1790" tag="" content="Implementing memory &apos;gauss_blur_part_bbkb_ram (RAM)&apos; using block RAMs."/>
	<Message severity="INFO" prefix="[HLS 200-111]" key="HLS_111_965" tag="" content="Finished generating all RTL models Time (s): cpu = 00:00:13 ; elapsed = 00:00:12 . Memory (MB): peak = 1635.301 ; gain = 1230.723 ; free physical = 1329 ; free virtual = 6335"/>
	<Message severity="INFO" prefix="[VHDL 208-304]" key="VHDL_304_1066" tag="" content="Generating VHDL RTL for gauss_blur."/>
	<Message severity="INFO" prefix="[VLOG 209-307]" key="VLOG_307_1067" tag="" content="Generating Verilog RTL for gauss_blur."/>
</Messages>
