<annotationInfo>
<item  id="17" filename="./source/course_prj.c" linenumber="44" name="part_buffer_0" contextFuncName="gauss_blur" moduleName="gauss_blur" rtlName="part_buffer_0_U" latency="0" BRAM="-1" DSP="-1" FF="-1" LUT="-1" fileDirectory="/home/sokrat/project/learn/Hybridsystem/KP_01502_10"><\/item>
<item  id="18" filename="./source/course_prj.c" linenumber="44" name="part_buffer_1" contextFuncName="gauss_blur" moduleName="gauss_blur" rtlName="part_buffer_1_U" latency="0" BRAM="-1" DSP="-1" FF="-1" LUT="-1" fileDirectory="/home/sokrat/project/learn/Hybridsystem/KP_01502_10"><\/item>
<item  id="24" filename="./source/course_prj.c" linenumber="38" name="icmp_ln38" contextFuncName="gauss_blur" moduleName="gauss_blur" rtlName="icmp_ln38_fu_287_p2" latency="0" BRAM="-1" DSP="-1" FF="0" LUT="8" fileDirectory="/home/sokrat/project/learn/Hybridsystem/KP_01502_10"><\/item>
<item  id="26" filename="./source/course_prj.c" linenumber="38" name="i" contextFuncName="gauss_blur" moduleName="gauss_blur" rtlName="i_fu_293_p2" latency="0" BRAM="-1" DSP="-1" FF="0" LUT="10" fileDirectory="/home/sokrat/project/learn/Hybridsystem/KP_01502_10"><\/item>
<item  id="29" filename="./source/course_prj.c" linenumber="40" name="zext_ln40" contextFuncName="gauss_blur" moduleName="gauss_blur" rtlName="zext_ln40_fu_299_p1" latency="0" BRAM="-1" DSP="-1" FF="-1" LUT="-1" fileDirectory="/home/sokrat/project/learn/Hybridsystem/KP_01502_10"><\/item>
<item  id="30" filename="./source/course_prj.c" linenumber="40" name="tmp" contextFuncName="gauss_blur" moduleName="gauss_blur" rtlName="tmp_fu_303_p3" latency="0" BRAM="-1" DSP="-1" FF="-1" LUT="-1" fileDirectory="/home/sokrat/project/learn/Hybridsystem/KP_01502_10"><\/item>
<item  id="31" filename="./source/course_prj.c" linenumber="40" name="zext_ln40_1" contextFuncName="gauss_blur" moduleName="gauss_blur" rtlName="zext_ln40_1_fu_311_p1" latency="0" BRAM="-1" DSP="-1" FF="-1" LUT="-1" fileDirectory="/home/sokrat/project/learn/Hybridsystem/KP_01502_10"><\/item>
<item  id="32" filename="./source/course_prj.c" linenumber="40" name="sub_ln40" contextFuncName="gauss_blur" moduleName="gauss_blur" rtlName="sub_ln40_fu_315_p2" latency="0" BRAM="-1" DSP="-1" FF="0" LUT="15" fileDirectory="/home/sokrat/project/learn/Hybridsystem/KP_01502_10"><\/item>
<item  id="36" filename="./source/course_prj.c" linenumber="39" name="icmp_ln39" contextFuncName="gauss_blur" moduleName="gauss_blur" rtlName="icmp_ln39_fu_384_p2" latency="0" BRAM="-1" DSP="-1" FF="0" LUT="8" fileDirectory="/home/sokrat/project/learn/Hybridsystem/KP_01502_10"><\/item>
<item  id="38" filename="./source/course_prj.c" linenumber="39" name="j" contextFuncName="gauss_blur" moduleName="gauss_blur" rtlName="j_fu_390_p2" latency="0" BRAM="-1" DSP="-1" FF="0" LUT="10" fileDirectory="/home/sokrat/project/learn/Hybridsystem/KP_01502_10"><\/item>
<item  id="41" filename="./source/course_prj.c" linenumber="40" name="zext_ln40_2" contextFuncName="gauss_blur" moduleName="gauss_blur" rtlName="zext_ln40_2_fu_396_p1" latency="0" BRAM="-1" DSP="-1" FF="-1" LUT="-1" fileDirectory="/home/sokrat/project/learn/Hybridsystem/KP_01502_10"><\/item>
<item  id="42" filename="./source/course_prj.c" linenumber="40" name="add_ln40" contextFuncName="gauss_blur" moduleName="gauss_blur" rtlName="add_ln40_fu_400_p2" latency="0" BRAM="-1" DSP="-1" FF="0" LUT="15" fileDirectory="/home/sokrat/project/learn/Hybridsystem/KP_01502_10"><\/item>
<item  id="43" filename="./source/course_prj.c" linenumber="40" name="sext_ln40" contextFuncName="gauss_blur" moduleName="gauss_blur" rtlName="sext_ln40_fu_405_p1" latency="0" BRAM="-1" DSP="-1" FF="-1" LUT="-1" fileDirectory="/home/sokrat/project/learn/Hybridsystem/KP_01502_10"><\/item>
<item  id="100" filename="./source/course_prj.c" linenumber="16" name="zext_ln16" contextFuncName="filter" moduleName="gauss_blur" rtlName="zext_ln16_fu_348_p1" latency="0" BRAM="-1" DSP="-1" FF="-1" LUT="-1" fileDirectory="/home/sokrat/project/learn/Hybridsystem/KP_01502_10"><\/item>
<item  id="101" filename="./source/course_prj.c" linenumber="16" name="zext_ln16_1" contextFuncName="filter" moduleName="gauss_blur" rtlName="zext_ln16_1_fu_352_p1" latency="0" BRAM="-1" DSP="-1" FF="-1" LUT="-1" fileDirectory="/home/sokrat/project/learn/Hybridsystem/KP_01502_10"><\/item>
<item  id="102" filename="./source/course_prj.c" linenumber="16" name="zext_ln16_2" contextFuncName="filter" moduleName="gauss_blur" rtlName="zext_ln16_2_fu_356_p1" latency="0" BRAM="-1" DSP="-1" FF="-1" LUT="-1" fileDirectory="/home/sokrat/project/learn/Hybridsystem/KP_01502_10"><\/item>
<item  id="103" filename="./source/course_prj.c" linenumber="16" name="zext_ln16_3" contextFuncName="filter" moduleName="gauss_blur" rtlName="zext_ln16_3_fu_360_p1" latency="0" BRAM="-1" DSP="-1" FF="-1" LUT="-1" fileDirectory="/home/sokrat/project/learn/Hybridsystem/KP_01502_10"><\/item>
<item  id="104" filename="./source/course_prj.c" linenumber="16" name="zext_ln16_4" contextFuncName="filter" moduleName="gauss_blur" rtlName="zext_ln16_4_fu_364_p1" latency="0" BRAM="-1" DSP="-1" FF="-1" LUT="-1" fileDirectory="/home/sokrat/project/learn/Hybridsystem/KP_01502_10"><\/item>
<item  id="105" filename="./source/course_prj.c" linenumber="16" name="zext_ln16_5" contextFuncName="filter" moduleName="gauss_blur" rtlName="zext_ln16_5_fu_368_p1" latency="0" BRAM="-1" DSP="-1" FF="-1" LUT="-1" fileDirectory="/home/sokrat/project/learn/Hybridsystem/KP_01502_10"><\/item>
<item  id="106" filename="./source/course_prj.c" linenumber="16" name="zext_ln16_6" contextFuncName="filter" moduleName="gauss_blur" rtlName="zext_ln16_6_fu_372_p1" latency="0" BRAM="-1" DSP="-1" FF="-1" LUT="-1" fileDirectory="/home/sokrat/project/learn/Hybridsystem/KP_01502_10"><\/item>
<item  id="107" filename="./source/course_prj.c" linenumber="16" name="zext_ln16_7" contextFuncName="filter" moduleName="gauss_blur" rtlName="zext_ln16_7_fu_376_p1" latency="0" BRAM="-1" DSP="-1" FF="-1" LUT="-1" fileDirectory="/home/sokrat/project/learn/Hybridsystem/KP_01502_10"><\/item>
<item  id="108" filename="./source/course_prj.c" linenumber="46" name="zext_ln46" contextFuncName="gauss_blur" moduleName="gauss_blur" rtlName="zext_ln46_fu_380_p1" latency="0" BRAM="-1" DSP="-1" FF="-1" LUT="-1" fileDirectory="/home/sokrat/project/learn/Hybridsystem/KP_01502_10"><\/item>
<item  id="120" filename="./source/course_prj.c" linenumber="46" name="zext_ln46_1" contextFuncName="gauss_blur" moduleName="gauss_blur" rtlName="zext_ln46_1_fu_455_p1" latency="0" BRAM="-1" DSP="-1" FF="-1" LUT="-1" fileDirectory="/home/sokrat/project/learn/Hybridsystem/KP_01502_10"><\/item>
<item  id="121" filename="./source/course_prj.c" linenumber="69" name="outrow" contextFuncName="gauss_blur" moduleName="gauss_blur" rtlName="outrow_fu_459_p2" latency="0" BRAM="-1" DSP="-1" FF="0" LUT="19" fileDirectory="/home/sokrat/project/learn/Hybridsystem/KP_01502_10"><\/item>
<item  id="122" filename="./source/course_prj.c" linenumber="73" name="icmp_ln73" contextFuncName="gauss_blur" moduleName="gauss_blur" rtlName="icmp_ln73_fu_465_p2" latency="0" BRAM="-1" DSP="-1" FF="0" LUT="13" fileDirectory="/home/sokrat/project/learn/Hybridsystem/KP_01502_10"><\/item>
<item  id="123" filename="./source/course_prj.c" linenumber="73" name="icmp_ln73_1" contextFuncName="gauss_blur" moduleName="gauss_blur" rtlName="icmp_ln73_1_fu_471_p2" latency="0" BRAM="-1" DSP="-1" FF="0" LUT="13" fileDirectory="/home/sokrat/project/learn/Hybridsystem/KP_01502_10"><\/item>
<item  id="124" filename="./source/course_prj.c" linenumber="46" name="icmp_ln46" contextFuncName="gauss_blur" moduleName="gauss_blur" rtlName="icmp_ln46_fu_477_p2" latency="0" BRAM="-1" DSP="-1" FF="0" LUT="18" fileDirectory="/home/sokrat/project/learn/Hybridsystem/KP_01502_10"><\/item>
<item  id="125" filename="./source/course_prj.c" linenumber="46" name="add_ln46" contextFuncName="gauss_blur" moduleName="gauss_blur" rtlName="add_ln46_fu_483_p2" latency="0" BRAM="-1" DSP="-1" FF="0" LUT="28" fileDirectory="/home/sokrat/project/learn/Hybridsystem/KP_01502_10"><\/item>
<item  id="131" filename="./source/course_prj.c" linenumber="46" name="row" contextFuncName="gauss_blur" moduleName="gauss_blur" rtlName="row_fu_489_p2" latency="0" BRAM="-1" DSP="-1" FF="0" LUT="18" fileDirectory="/home/sokrat/project/learn/Hybridsystem/KP_01502_10"><\/item>
<item  id="134" filename="./source/course_prj.c" linenumber="47" name="icmp_ln47" contextFuncName="gauss_blur" moduleName="gauss_blur" rtlName="icmp_ln47_fu_495_p2" latency="0" BRAM="-1" DSP="-1" FF="0" LUT="13" fileDirectory="/home/sokrat/project/learn/Hybridsystem/KP_01502_10"><\/item>
<item  id="135" filename="./source/course_prj.c" linenumber="46" name="select_ln46" contextFuncName="gauss_blur" moduleName="gauss_blur" rtlName="select_ln46_fu_501_p3" latency="0" BRAM="-1" DSP="-1" FF="0" LUT="11" fileDirectory="/home/sokrat/project/learn/Hybridsystem/KP_01502_10"><\/item>
<item  id="136" filename="./source/course_prj.c" linenumber="46" name="zext_ln46_2" contextFuncName="gauss_blur" moduleName="gauss_blur" rtlName="zext_ln46_2_fu_509_p1" latency="0" BRAM="-1" DSP="-1" FF="-1" LUT="-1" fileDirectory="/home/sokrat/project/learn/Hybridsystem/KP_01502_10"><\/item>
<item  id="137" filename="./source/course_prj.c" linenumber="50" name="icmp_ln50" contextFuncName="gauss_blur" moduleName="gauss_blur" rtlName="icmp_ln50_fu_513_p2" latency="0" BRAM="-1" DSP="-1" FF="0" LUT="13" fileDirectory="/home/sokrat/project/learn/Hybridsystem/KP_01502_10"><\/item>
<item  id="138" filename="./source/course_prj.c" linenumber="50" name="icmp_ln50_2" contextFuncName="gauss_blur" moduleName="gauss_blur" rtlName="icmp_ln50_2_fu_519_p2" latency="0" BRAM="-1" DSP="-1" FF="0" LUT="13" fileDirectory="/home/sokrat/project/learn/Hybridsystem/KP_01502_10"><\/item>
<item  id="139" filename="./source/course_prj.c" linenumber="46" name="select_ln46_1" contextFuncName="gauss_blur" moduleName="gauss_blur" rtlName="select_ln46_1_fu_525_p3" latency="0" BRAM="-1" DSP="-1" FF="0" LUT="2" fileDirectory="/home/sokrat/project/learn/Hybridsystem/KP_01502_10"><\/item>
<item  id="140" filename="./source/course_prj.c" linenumber="68" name="icmp_ln68" contextFuncName="gauss_blur" moduleName="gauss_blur" rtlName="icmp_ln68_fu_533_p2" latency="0" BRAM="-1" DSP="-1" FF="0" LUT="13" fileDirectory="/home/sokrat/project/learn/Hybridsystem/KP_01502_10"><\/item>
<item  id="141" filename="./source/course_prj.c" linenumber="68" name="icmp_ln68_2" contextFuncName="gauss_blur" moduleName="gauss_blur" rtlName="icmp_ln68_2_fu_539_p2" latency="0" BRAM="-1" DSP="-1" FF="0" LUT="13" fileDirectory="/home/sokrat/project/learn/Hybridsystem/KP_01502_10"><\/item>
<item  id="142" filename="./source/course_prj.c" linenumber="46" name="select_ln46_2" contextFuncName="gauss_blur" moduleName="gauss_blur" rtlName="select_ln46_2_fu_545_p3" latency="0" BRAM="-1" DSP="-1" FF="0" LUT="2" fileDirectory="/home/sokrat/project/learn/Hybridsystem/KP_01502_10"><\/item>
<item  id="143" filename="./source/course_prj.c" linenumber="69" name="add_ln69_1" contextFuncName="gauss_blur" moduleName="gauss_blur" rtlName="add_ln69_1_fu_553_p2" latency="0" BRAM="-1" DSP="-1" FF="0" LUT="19" fileDirectory="/home/sokrat/project/learn/Hybridsystem/KP_01502_10"><\/item>
<item  id="144" filename="./source/course_prj.c" linenumber="73" name="icmp_ln73_4" contextFuncName="gauss_blur" moduleName="gauss_blur" rtlName="icmp_ln73_4_fu_618_p2" latency="0" BRAM="-1" DSP="-1" FF="0" LUT="13" fileDirectory="/home/sokrat/project/learn/Hybridsystem/KP_01502_10"><\/item>
<item  id="145" filename="./source/course_prj.c" linenumber="46" name="select_ln46_3" contextFuncName="gauss_blur" moduleName="gauss_blur" rtlName="select_ln46_3_fu_623_p3" latency="0" BRAM="-1" DSP="-1" FF="0" LUT="2" fileDirectory="/home/sokrat/project/learn/Hybridsystem/KP_01502_10"><\/item>
<item  id="146" filename="./source/course_prj.c" linenumber="73" name="icmp_ln73_5" contextFuncName="gauss_blur" moduleName="gauss_blur" rtlName="icmp_ln73_5_fu_629_p2" latency="0" BRAM="-1" DSP="-1" FF="0" LUT="13" fileDirectory="/home/sokrat/project/learn/Hybridsystem/KP_01502_10"><\/item>
<item  id="147" filename="./source/course_prj.c" linenumber="46" name="select_ln46_4" contextFuncName="gauss_blur" moduleName="gauss_blur" rtlName="select_ln46_4_fu_634_p3" latency="0" BRAM="-1" DSP="-1" FF="0" LUT="2" fileDirectory="/home/sokrat/project/learn/Hybridsystem/KP_01502_10"><\/item>
<item  id="148" filename="./source/course_prj.c" linenumber="46" name="select_ln46_5" contextFuncName="gauss_blur" moduleName="gauss_blur" rtlName="select_ln46_5_fu_559_p3" latency="0" BRAM="-1" DSP="-1" FF="0" LUT="11" fileDirectory="/home/sokrat/project/learn/Hybridsystem/KP_01502_10"><\/item>
<item  id="152" filename="./source/course_prj.c" linenumber="50" name="icmp_ln50_1" contextFuncName="gauss_blur" moduleName="gauss_blur" rtlName="icmp_ln50_1_fu_567_p2" latency="0" BRAM="-1" DSP="-1" FF="0" LUT="13" fileDirectory="/home/sokrat/project/learn/Hybridsystem/KP_01502_10"><\/item>
<item  id="153" filename="./source/course_prj.c" linenumber="50" name="and_ln50" contextFuncName="gauss_blur" moduleName="gauss_blur" rtlName="and_ln50_fu_573_p2" latency="0" BRAM="-1" DSP="-1" FF="0" LUT="2" fileDirectory="/home/sokrat/project/learn/Hybridsystem/KP_01502_10"><\/item>
<item  id="162" filename="./source/course_prj.c" linenumber="62" name="zext_ln62" contextFuncName="gauss_blur" moduleName="gauss_blur" rtlName="zext_ln62_fu_640_p1" latency="0" BRAM="-1" DSP="-1" FF="-1" LUT="-1" fileDirectory="/home/sokrat/project/learn/Hybridsystem/KP_01502_10"><\/item>
<item  id="174" filename="./source/course_prj.c" linenumber="68" name="icmp_ln68_1" contextFuncName="gauss_blur" moduleName="gauss_blur" rtlName="icmp_ln68_1_fu_650_p2" latency="0" BRAM="-1" DSP="-1" FF="0" LUT="13" fileDirectory="/home/sokrat/project/learn/Hybridsystem/KP_01502_10"><\/item>
<item  id="175" filename="./source/course_prj.c" linenumber="68" name="and_ln68" contextFuncName="gauss_blur" moduleName="gauss_blur" rtlName="and_ln68_fu_655_p2" latency="0" BRAM="-1" DSP="-1" FF="0" LUT="2" fileDirectory="/home/sokrat/project/learn/Hybridsystem/KP_01502_10"><\/item>
<item  id="178" filename="./source/course_prj.c" linenumber="70" name="outcol" contextFuncName="gauss_blur" moduleName="gauss_blur" rtlName="outcol_fu_660_p2" latency="0" BRAM="-1" DSP="-1" FF="0" LUT="18" fileDirectory="/home/sokrat/project/learn/Hybridsystem/KP_01502_10"><\/item>
<item  id="179" filename="./source/course_prj.c" linenumber="73" name="icmp_ln73_2" contextFuncName="gauss_blur" moduleName="gauss_blur" rtlName="icmp_ln73_2_fu_665_p2" latency="0" BRAM="-1" DSP="-1" FF="0" LUT="13" fileDirectory="/home/sokrat/project/learn/Hybridsystem/KP_01502_10"><\/item>
<item  id="180" filename="./source/course_prj.c" linenumber="73" name="icmp_ln73_3" contextFuncName="gauss_blur" moduleName="gauss_blur" rtlName="icmp_ln73_3_fu_671_p2" latency="0" BRAM="-1" DSP="-1" FF="0" LUT="13" fileDirectory="/home/sokrat/project/learn/Hybridsystem/KP_01502_10"><\/item>
<item  id="181" filename="./source/course_prj.c" linenumber="73" name="or_ln73" contextFuncName="gauss_blur" moduleName="gauss_blur" rtlName="or_ln73_fu_677_p2" latency="0" BRAM="-1" DSP="-1" FF="0" LUT="2" fileDirectory="/home/sokrat/project/learn/Hybridsystem/KP_01502_10"><\/item>
<item  id="182" filename="./source/course_prj.c" linenumber="73" name="or_ln73_1" contextFuncName="gauss_blur" moduleName="gauss_blur" rtlName="or_ln73_1_fu_683_p2" latency="0" BRAM="-1" DSP="-1" FF="0" LUT="2" fileDirectory="/home/sokrat/project/learn/Hybridsystem/KP_01502_10"><\/item>
<item  id="183" filename="./source/course_prj.c" linenumber="73" name="or_ln73_2" contextFuncName="gauss_blur" moduleName="gauss_blur" rtlName="or_ln73_2_fu_689_p2" latency="0" BRAM="-1" DSP="-1" FF="0" LUT="2" fileDirectory="/home/sokrat/project/learn/Hybridsystem/KP_01502_10"><\/item>
<item  id="189" filename="./source/course_prj.c" linenumber="16" name="zext_ln16_8" contextFuncName="filter" moduleName="gauss_blur" rtlName="grp_fu_828_p00" latency="0" BRAM="-1" DSP="-1" FF="-1" LUT="-1" fileDirectory="/home/sokrat/project/learn/Hybridsystem/KP_01502_10"><\/item>
<item  id="190" filename="./source/course_prj.c" linenumber="16" name="mul_ln16" contextFuncName="filter" moduleName="gauss_blur" rtlName="gauss_blur_mac_mudEe_U1" latency="2" BRAM="-1" DSP="-1" FF="-1" LUT="-1" fileDirectory="/home/sokrat/project/learn/Hybridsystem/KP_01502_10"><\/item>
<item  id="191" filename="./source/course_prj.c" linenumber="16" name="zext_ln16_9" contextFuncName="filter" moduleName="gauss_blur" rtlName="gauss_blur_mac_mudEe_U1" latency="0" BRAM="-1" DSP="-1" FF="-1" LUT="-1" fileDirectory="/home/sokrat/project/learn/Hybridsystem/KP_01502_10"><\/item>
<item  id="192" filename="./source/course_prj.c" linenumber="16" name="zext_ln16_10" contextFuncName="filter" moduleName="gauss_blur" rtlName="mul_ln16_1_fu_719_p00" latency="0" BRAM="-1" DSP="-1" FF="-1" LUT="-1" fileDirectory="/home/sokrat/project/learn/Hybridsystem/KP_01502_10"><\/item>
<item  id="193" filename="./source/course_prj.c" linenumber="16" name="mul_ln16_1" contextFuncName="filter" moduleName="gauss_blur" rtlName="mul_ln16_1_fu_719_p2" latency="0" BRAM="-1" DSP="0" FF="0" LUT="42" fileDirectory="/home/sokrat/project/learn/Hybridsystem/KP_01502_10"><\/item>
<item  id="194" filename="./source/course_prj.c" linenumber="16" name="zext_ln16_11" contextFuncName="filter" moduleName="gauss_blur" rtlName="grp_fu_828_p20" latency="0" BRAM="-1" DSP="-1" FF="-1" LUT="-1" fileDirectory="/home/sokrat/project/learn/Hybridsystem/KP_01502_10"><\/item>
<item  id="195" filename="./source/course_prj.c" linenumber="16" name="zext_ln16_12" contextFuncName="filter" moduleName="gauss_blur" rtlName="mul_ln16_2_fu_752_p00" latency="0" BRAM="-1" DSP="-1" FF="-1" LUT="-1" fileDirectory="/home/sokrat/project/learn/Hybridsystem/KP_01502_10"><\/item>
<item  id="196" filename="./source/course_prj.c" linenumber="16" name="mul_ln16_2" contextFuncName="filter" moduleName="gauss_blur" rtlName="mul_ln16_2_fu_752_p2" latency="0" BRAM="-1" DSP="0" FF="0" LUT="42" fileDirectory="/home/sokrat/project/learn/Hybridsystem/KP_01502_10"><\/item>
<item  id="197" filename="./source/course_prj.c" linenumber="16" name="zext_ln16_13" contextFuncName="filter" moduleName="gauss_blur" rtlName="grp_fu_849_p20" latency="0" BRAM="-1" DSP="-1" FF="-1" LUT="-1" fileDirectory="/home/sokrat/project/learn/Hybridsystem/KP_01502_10"><\/item>
<item  id="198" filename="./source/course_prj.c" linenumber="16" name="zext_ln16_14" contextFuncName="filter" moduleName="gauss_blur" rtlName="grp_fu_856_p00" latency="0" BRAM="-1" DSP="-1" FF="-1" LUT="-1" fileDirectory="/home/sokrat/project/learn/Hybridsystem/KP_01502_10"><\/item>
<item  id="199" filename="./source/course_prj.c" linenumber="16" name="mul_ln16_3" contextFuncName="filter" moduleName="gauss_blur" rtlName="gauss_blur_mac_mueOg_U5" latency="2" BRAM="-1" DSP="-1" FF="-1" LUT="-1" fileDirectory="/home/sokrat/project/learn/Hybridsystem/KP_01502_10"><\/item>
<item  id="200" filename="./source/course_prj.c" linenumber="16" name="zext_ln16_15" contextFuncName="filter" moduleName="gauss_blur" rtlName="gauss_blur_mac_mueOg_U5" latency="0" BRAM="-1" DSP="-1" FF="-1" LUT="-1" fileDirectory="/home/sokrat/project/learn/Hybridsystem/KP_01502_10"><\/item>
<item  id="201" filename="./source/course_prj.c" linenumber="16" name="zext_ln16_16" contextFuncName="filter" moduleName="gauss_blur" rtlName="grp_fu_842_p00" latency="0" BRAM="-1" DSP="-1" FF="-1" LUT="-1" fileDirectory="/home/sokrat/project/learn/Hybridsystem/KP_01502_10"><\/item>
<item  id="202" filename="./source/course_prj.c" linenumber="16" name="mul_ln16_4" contextFuncName="filter" moduleName="gauss_blur" rtlName="gauss_blur_mac_mudEe_U3" latency="2" BRAM="-1" DSP="-1" FF="-1" LUT="-1" fileDirectory="/home/sokrat/project/learn/Hybridsystem/KP_01502_10"><\/item>
<item  id="203" filename="./source/course_prj.c" linenumber="16" name="zext_ln16_17" contextFuncName="filter" moduleName="gauss_blur" rtlName="gauss_blur_mac_mudEe_U3" latency="0" BRAM="-1" DSP="-1" FF="-1" LUT="-1" fileDirectory="/home/sokrat/project/learn/Hybridsystem/KP_01502_10"><\/item>
<item  id="204" filename="./source/course_prj.c" linenumber="16" name="zext_ln16_18" contextFuncName="filter" moduleName="gauss_blur" rtlName="mul_ln16_5_fu_764_p00" latency="0" BRAM="-1" DSP="-1" FF="-1" LUT="-1" fileDirectory="/home/sokrat/project/learn/Hybridsystem/KP_01502_10"><\/item>
<item  id="205" filename="./source/course_prj.c" linenumber="16" name="mul_ln16_5" contextFuncName="filter" moduleName="gauss_blur" rtlName="mul_ln16_5_fu_764_p2" latency="0" BRAM="-1" DSP="0" FF="0" LUT="42" fileDirectory="/home/sokrat/project/learn/Hybridsystem/KP_01502_10"><\/item>
<item  id="206" filename="./source/course_prj.c" linenumber="16" name="zext_ln16_19" contextFuncName="filter" moduleName="gauss_blur" rtlName="grp_fu_842_p20" latency="0" BRAM="-1" DSP="-1" FF="-1" LUT="-1" fileDirectory="/home/sokrat/project/learn/Hybridsystem/KP_01502_10"><\/item>
<item  id="207" filename="./source/course_prj.c" linenumber="16" name="zext_ln16_20" contextFuncName="filter" moduleName="gauss_blur" rtlName="mul_ln16_6_fu_730_p00" latency="0" BRAM="-1" DSP="-1" FF="-1" LUT="-1" fileDirectory="/home/sokrat/project/learn/Hybridsystem/KP_01502_10"><\/item>
<item  id="208" filename="./source/course_prj.c" linenumber="16" name="mul_ln16_6" contextFuncName="filter" moduleName="gauss_blur" rtlName="mul_ln16_6_fu_730_p2" latency="0" BRAM="-1" DSP="0" FF="0" LUT="42" fileDirectory="/home/sokrat/project/learn/Hybridsystem/KP_01502_10"><\/item>
<item  id="209" filename="./source/course_prj.c" linenumber="16" name="zext_ln16_21" contextFuncName="filter" moduleName="gauss_blur" rtlName="grp_fu_835_p20" latency="0" BRAM="-1" DSP="-1" FF="-1" LUT="-1" fileDirectory="/home/sokrat/project/learn/Hybridsystem/KP_01502_10"><\/item>
<item  id="210" filename="./source/course_prj.c" linenumber="16" name="zext_ln16_22" contextFuncName="filter" moduleName="gauss_blur" rtlName="grp_fu_835_p00" latency="0" BRAM="-1" DSP="-1" FF="-1" LUT="-1" fileDirectory="/home/sokrat/project/learn/Hybridsystem/KP_01502_10"><\/item>
<item  id="211" filename="./source/course_prj.c" linenumber="16" name="mul_ln16_7" contextFuncName="filter" moduleName="gauss_blur" rtlName="gauss_blur_mac_mudEe_U2" latency="2" BRAM="-1" DSP="-1" FF="-1" LUT="-1" fileDirectory="/home/sokrat/project/learn/Hybridsystem/KP_01502_10"><\/item>
<item  id="212" filename="./source/course_prj.c" linenumber="16" name="zext_ln16_23" contextFuncName="filter" moduleName="gauss_blur" rtlName="gauss_blur_mac_mudEe_U2" latency="0" BRAM="-1" DSP="-1" FF="-1" LUT="-1" fileDirectory="/home/sokrat/project/learn/Hybridsystem/KP_01502_10"><\/item>
<item  id="213" filename="./source/course_prj.c" linenumber="16" name="zext_ln16_24" contextFuncName="filter" moduleName="gauss_blur" rtlName="grp_fu_849_p00" latency="0" BRAM="-1" DSP="-1" FF="-1" LUT="-1" fileDirectory="/home/sokrat/project/learn/Hybridsystem/KP_01502_10"><\/item>
<item  id="214" filename="./source/course_prj.c" linenumber="16" name="mul_ln16_8" contextFuncName="filter" moduleName="gauss_blur" rtlName="gauss_blur_mac_mudEe_U4" latency="2" BRAM="-1" DSP="-1" FF="-1" LUT="-1" fileDirectory="/home/sokrat/project/learn/Hybridsystem/KP_01502_10"><\/item>
<item  id="215" filename="./source/course_prj.c" linenumber="16" name="zext_ln16_25" contextFuncName="filter" moduleName="gauss_blur" rtlName="gauss_blur_mac_mudEe_U4" latency="0" BRAM="-1" DSP="-1" FF="-1" LUT="-1" fileDirectory="/home/sokrat/project/learn/Hybridsystem/KP_01502_10"><\/item>
<item  id="216" filename="./source/course_prj.c" linenumber="16" name="add_ln16" contextFuncName="filter" moduleName="gauss_blur" rtlName="gauss_blur_mac_mudEe_U2" latency="0" BRAM="-1" DSP="-1" FF="-1" LUT="-1" fileDirectory="/home/sokrat/project/learn/Hybridsystem/KP_01502_10"><\/item>
<item  id="217" filename="./source/course_prj.c" linenumber="16" name="zext_ln16_26" contextFuncName="filter" moduleName="gauss_blur" rtlName="zext_ln16_26_fu_778_p1" latency="0" BRAM="-1" DSP="-1" FF="-1" LUT="-1" fileDirectory="/home/sokrat/project/learn/Hybridsystem/KP_01502_10"><\/item>
<item  id="218" filename="./source/course_prj.c" linenumber="16" name="add_ln16_1" contextFuncName="filter" moduleName="gauss_blur" rtlName="gauss_blur_mac_mudEe_U3" latency="0" BRAM="-1" DSP="-1" FF="-1" LUT="-1" fileDirectory="/home/sokrat/project/learn/Hybridsystem/KP_01502_10"><\/item>
<item  id="219" filename="./source/course_prj.c" linenumber="16" name="zext_ln16_27" contextFuncName="filter" moduleName="gauss_blur" rtlName="zext_ln16_27_fu_781_p1" latency="0" BRAM="-1" DSP="-1" FF="-1" LUT="-1" fileDirectory="/home/sokrat/project/learn/Hybridsystem/KP_01502_10"><\/item>
<item  id="220" filename="./source/course_prj.c" linenumber="16" name="add_ln16_2" contextFuncName="filter" moduleName="gauss_blur" rtlName="add_ln16_2_fu_784_p2" latency="0" BRAM="-1" DSP="-1" FF="0" LUT="25" fileDirectory="/home/sokrat/project/learn/Hybridsystem/KP_01502_10"><\/item>
<item  id="221" filename="./source/course_prj.c" linenumber="16" name="zext_ln16_28" contextFuncName="filter" moduleName="gauss_blur" rtlName="zext_ln16_28_fu_793_p1" latency="0" BRAM="-1" DSP="-1" FF="-1" LUT="-1" fileDirectory="/home/sokrat/project/learn/Hybridsystem/KP_01502_10"><\/item>
<item  id="222" filename="./source/course_prj.c" linenumber="16" name="add_ln16_3" contextFuncName="filter" moduleName="gauss_blur" rtlName="gauss_blur_mac_mudEe_U1" latency="0" BRAM="-1" DSP="-1" FF="-1" LUT="-1" fileDirectory="/home/sokrat/project/learn/Hybridsystem/KP_01502_10"><\/item>
<item  id="223" filename="./source/course_prj.c" linenumber="16" name="zext_ln16_29" contextFuncName="filter" moduleName="gauss_blur" rtlName="zext_ln16_29_fu_796_p1" latency="0" BRAM="-1" DSP="-1" FF="-1" LUT="-1" fileDirectory="/home/sokrat/project/learn/Hybridsystem/KP_01502_10"><\/item>
<item  id="224" filename="./source/course_prj.c" linenumber="16" name="add_ln16_4" contextFuncName="filter" moduleName="gauss_blur" rtlName="gauss_blur_mac_mudEe_U4" latency="0" BRAM="-1" DSP="-1" FF="-1" LUT="-1" fileDirectory="/home/sokrat/project/learn/Hybridsystem/KP_01502_10"><\/item>
<item  id="225" filename="./source/course_prj.c" linenumber="16" name="zext_ln16_30" contextFuncName="filter" moduleName="gauss_blur" rtlName="grp_fu_856_p20" latency="0" BRAM="-1" DSP="-1" FF="-1" LUT="-1" fileDirectory="/home/sokrat/project/learn/Hybridsystem/KP_01502_10"><\/item>
<item  id="226" filename="./source/course_prj.c" linenumber="16" name="add_ln16_5" contextFuncName="filter" moduleName="gauss_blur" rtlName="gauss_blur_mac_mueOg_U5" latency="0" BRAM="-1" DSP="-1" FF="-1" LUT="-1" fileDirectory="/home/sokrat/project/learn/Hybridsystem/KP_01502_10"><\/item>
<item  id="227" filename="./source/course_prj.c" linenumber="16" name="zext_ln16_31" contextFuncName="filter" moduleName="gauss_blur" rtlName="zext_ln16_31_fu_799_p1" latency="0" BRAM="-1" DSP="-1" FF="-1" LUT="-1" fileDirectory="/home/sokrat/project/learn/Hybridsystem/KP_01502_10"><\/item>
<item  id="228" filename="./source/course_prj.c" linenumber="16" name="add_ln16_6" contextFuncName="filter" moduleName="gauss_blur" rtlName="add_ln16_6_fu_802_p2" latency="0" BRAM="-1" DSP="-1" FF="0" LUT="26" fileDirectory="/home/sokrat/project/learn/Hybridsystem/KP_01502_10"><\/item>
<item  id="229" filename="./source/course_prj.c" linenumber="16" name="zext_ln16_32" contextFuncName="filter" moduleName="gauss_blur" rtlName="zext_ln16_32_fu_808_p1" latency="0" BRAM="-1" DSP="-1" FF="-1" LUT="-1" fileDirectory="/home/sokrat/project/learn/Hybridsystem/KP_01502_10"><\/item>
<item  id="230" filename="./source/course_prj.c" linenumber="16" name="add_ln16_7" contextFuncName="filter" moduleName="gauss_blur" rtlName="add_ln16_7_fu_812_p2" latency="0" BRAM="-1" DSP="-1" FF="0" LUT="27" fileDirectory="/home/sokrat/project/learn/Hybridsystem/KP_01502_10"><\/item>
<item  id="231" filename="./source/course_prj.c" linenumber="21" name="trunc_ln" contextFuncName="filter" moduleName="gauss_blur" rtlName="trunc_ln_reg_1209" latency="0" BRAM="-1" DSP="-1" FF="-1" LUT="-1" fileDirectory="/home/sokrat/project/learn/Hybridsystem/KP_01502_10"><\/item>
<item  id="241" filename="./source/course_prj.c" linenumber="47" name="col" contextFuncName="gauss_blur" moduleName="gauss_blur" rtlName="col_fu_579_p2" latency="0" BRAM="-1" DSP="-1" FF="0" LUT="18" fileDirectory="/home/sokrat/project/learn/Hybridsystem/KP_01502_10"><\/item>
</annotationInfo>
