<profile>

<section name = "Vivado HLS Report for 'gauss_blur'" level="0">
<item name = "Date">Tue Nov 30 11:55:05 2021
</item>
<item name = "Version">2020.1 (Build 2897737 on Wed May 27 20:21:37 MDT 2020)</item>
<item name = "Project">course_prj</item>
<item name = "Solution">sol8</item>
<item name = "Product family">artix7</item>
<item name = "Target device">xa7a12t-csg325-1Q</item>
</section>

<section name = "Performance Estimates" level="0">
<item name = "Timing">
<section name = "" level="1">
<item name = "Summary"><table name="" hasTotal="0">
<keys size="4">Clock, Target, Estimated, Uncertainty</keys>
<column name="clk">6.00 ns, 6.875 ns, 0.10 ns</column>
</table>
</item>
</section>
</item>
<item name = "Latency">
<section name = "" level="1">
<item name = "Summary"><table name="" hasTotal="0">
<keys size="8">, min, max, min, max, min, max, Type</keys>
<column name="">2076643, 2076643, 14.277 ms, 14.277 ms, 2076643, 2076643, none</column>
</table>
</item>
<item name = "Detail">
<section name = "" level="1">
<item name = "Instance"><table name="" hasTotal="0">
<keys size="9">Instance, Module, min, max, min, max, min, max, Type</keys>
</table>
</item>
<item name = "Loop"><table name="" hasTotal="0">
<keys size="8">Loop Name, min, max, Latency, achieved, target, Count, Pipelined</keys>
<column name="- Loop 1">33, 33, 11, -, -, 3, no</column>
<column name=" + Loop 1.1">9, 9, 3, -, -, 3, no</column>
<column name="- L2_L1">2076607, 2076607, 8, 1, 1, 2076601, yes</column>
</table>
</item>
</section>
</item>
</section>
</item>
</section>

<section name = "Utilization Estimates" level="0">
<item name = "Summary"><table name="" hasTotal="1">
<keys size="6">Name, BRAM_18K, DSP48E, FF, LUT, URAM</keys>
<column name="DSP">-, 5, -, -, -</column>
<column name="Expression">-, 0, 0, 675, -</column>
<column name="FIFO">-, -, -, -, -</column>
<column name="Instance">-, -, -, -, -</column>
<column name="Memory">2, -, 0, 0, 0</column>
<column name="Multiplexer">-, -, -, 185, -</column>
<column name="Register">0, -, 833, 128, -</column>
<specialColumn name="Available">40, 40, 16000, 8000, 0</specialColumn>
<specialColumn name="Utilization (%)">5, 12, 5, 12, 0</specialColumn>
</table>
</item>
<item name = "Detail">
<section name = "" level="1">
<item name = "Instance"><table name="" hasTotal="1">
<keys size="7">Instance, Module, BRAM_18K, DSP48E, FF, LUT, URAM</keys>
</table>
</item>
<item name = "DSP48E"><table name="" hasTotal="0">
<keys size="3">Instance, Module, Expression</keys>
<column name="gauss_blur_mac_mudEe_U1">gauss_blur_mac_mudEe, i0 + i1 * i2</column>
<column name="gauss_blur_mac_mudEe_U2">gauss_blur_mac_mudEe, i0 + i1 * i2</column>
<column name="gauss_blur_mac_mudEe_U3">gauss_blur_mac_mudEe, i0 + i1 * i2</column>
<column name="gauss_blur_mac_mudEe_U4">gauss_blur_mac_mudEe, i0 + i1 * i2</column>
<column name="gauss_blur_mac_mueOg_U5">gauss_blur_mac_mueOg, i0 + i1 * i2</column>
</table>
</item>
<item name = "Memory"><table name="" hasTotal="1">
<keys size="10">Memory, Module, BRAM_18K, FF, LUT, URAM, Words, Bits, Banks, W*Bits*Banks</keys>
<column name="part_buffer_0_U">gauss_blur_part_bbkb, 1, 0, 0, 0, 1080, 8, 1, 8640</column>
<column name="part_buffer_1_U">gauss_blur_part_bbkb, 1, 0, 0, 0, 1080, 8, 1, 8640</column>
</table>
</item>
<item name = "FIFO"><table name="" hasTotal="1">
<keys size="8">Name, BRAM_18K, FF, LUT, URAM, Depth, Bits, Size:D*B</keys>
</table>
</item>
<item name = "Expression"><table name="" hasTotal="1">
<keys size="7">Variable Name, Operation, DSP48E, FF, LUT, Bitwidth P0, Bitwidth P1</keys>
<column name="mul_ln16_1_fu_719_p2">*, 0, 0, 42, 8, 8</column>
<column name="mul_ln16_2_fu_752_p2">*, 0, 0, 42, 8, 8</column>
<column name="mul_ln16_5_fu_764_p2">*, 0, 0, 42, 8, 8</column>
<column name="mul_ln16_6_fu_730_p2">*, 0, 0, 42, 8, 8</column>
<column name="add_ln16_2_fu_784_p2">+, 0, 0, 25, 18, 18</column>
<column name="add_ln16_6_fu_802_p2">+, 0, 0, 26, 19, 19</column>
<column name="add_ln16_7_fu_812_p2">+, 0, 0, 27, 20, 20</column>
<column name="add_ln40_fu_400_p2">+, 0, 0, 15, 5, 5</column>
<column name="add_ln46_fu_483_p2">+, 0, 0, 28, 21, 1</column>
<column name="add_ln69_1_fu_553_p2">+, 0, 0, 19, 12, 2</column>
<column name="col_fu_579_p2">+, 0, 0, 18, 11, 1</column>
<column name="i_fu_293_p2">+, 0, 0, 10, 2, 1</column>
<column name="j_fu_390_p2">+, 0, 0, 10, 2, 1</column>
<column name="outcol_fu_660_p2">+, 0, 0, 18, 11, 2</column>
<column name="outrow_fu_459_p2">+, 0, 0, 19, 12, 2</column>
<column name="row_fu_489_p2">+, 0, 0, 18, 11, 1</column>
<column name="sub_ln40_fu_315_p2">-, 0, 0, 15, 5, 5</column>
<column name="and_ln50_fu_573_p2">and, 0, 0, 2, 1, 1</column>
<column name="and_ln68_fu_655_p2">and, 0, 0, 2, 1, 1</column>
<column name="ap_block_state7_pp0_stage0_iter1">and, 0, 0, 2, 1, 1</column>
<column name="ap_condition_375">and, 0, 0, 2, 1, 1</column>
<column name="ap_predicate_op150_read_state7">and, 0, 0, 2, 1, 1</column>
<column name="ap_predicate_op233_write_state13">and, 0, 0, 2, 1, 1</column>
<column name="ap_predicate_op235_write_state13">and, 0, 0, 2, 1, 1</column>
<column name="icmp_ln38_fu_287_p2">icmp, 0, 0, 8, 2, 2</column>
<column name="icmp_ln39_fu_384_p2">icmp, 0, 0, 8, 2, 2</column>
<column name="icmp_ln46_fu_477_p2">icmp, 0, 0, 18, 21, 16</column>
<column name="icmp_ln47_fu_495_p2">icmp, 0, 0, 13, 11, 11</column>
<column name="icmp_ln50_1_fu_567_p2">icmp, 0, 0, 13, 11, 11</column>
<column name="icmp_ln50_2_fu_519_p2">icmp, 0, 0, 13, 11, 9</column>
<column name="icmp_ln50_fu_513_p2">icmp, 0, 0, 13, 11, 9</column>
<column name="icmp_ln68_1_fu_650_p2">icmp, 0, 0, 13, 11, 1</column>
<column name="icmp_ln68_2_fu_539_p2">icmp, 0, 0, 13, 11, 1</column>
<column name="icmp_ln68_fu_533_p2">icmp, 0, 0, 13, 11, 1</column>
<column name="icmp_ln73_1_fu_471_p2">icmp, 0, 0, 13, 12, 11</column>
<column name="icmp_ln73_2_fu_665_p2">icmp, 0, 0, 13, 11, 1</column>
<column name="icmp_ln73_3_fu_671_p2">icmp, 0, 0, 13, 11, 11</column>
<column name="icmp_ln73_4_fu_618_p2">icmp, 0, 0, 13, 12, 1</column>
<column name="icmp_ln73_5_fu_629_p2">icmp, 0, 0, 13, 12, 11</column>
<column name="icmp_ln73_fu_465_p2">icmp, 0, 0, 13, 12, 1</column>
<column name="ap_block_pp0_stage0_01001">or, 0, 0, 2, 1, 1</column>
<column name="ap_block_state13_pp0_stage0_iter7">or, 0, 0, 2, 1, 1</column>
<column name="or_ln73_1_fu_683_p2">or, 0, 0, 2, 1, 1</column>
<column name="or_ln73_2_fu_689_p2">or, 0, 0, 2, 1, 1</column>
<column name="or_ln73_fu_677_p2">or, 0, 0, 2, 1, 1</column>
<column name="select_ln46_1_fu_525_p3">select, 0, 0, 2, 1, 1</column>
<column name="select_ln46_2_fu_545_p3">select, 0, 0, 2, 1, 1</column>
<column name="select_ln46_3_fu_623_p3">select, 0, 0, 2, 1, 1</column>
<column name="select_ln46_4_fu_634_p3">select, 0, 0, 2, 1, 1</column>
<column name="select_ln46_5_fu_559_p3">select, 0, 0, 11, 1, 11</column>
<column name="select_ln46_fu_501_p3">select, 0, 0, 11, 1, 1</column>
<column name="ap_enable_pp0">xor, 0, 0, 2, 1, 2</column>
</table>
</item>
<item name = "Multiplexer"><table name="" hasTotal="1">
<keys size="5">Name, LUT, Input Size, Bits, Total Bits</keys>
<column name="ap_NS_fsm">41, 8, 1, 8</column>
<column name="ap_enable_reg_pp0_iter2">9, 2, 1, 2</column>
<column name="ap_enable_reg_pp0_iter7">9, 2, 1, 2</column>
<column name="ap_phi_mux_window_2_2_phi_fu_278_p4">15, 3, 8, 24</column>
<column name="ap_sig_allocacmp_window_0_1_1">9, 2, 8, 16</column>
<column name="ap_sig_allocacmp_window_1_1_1">9, 2, 8, 16</column>
<column name="col_0_reg_263">9, 2, 11, 22</column>
<column name="i_0_reg_217">9, 2, 2, 4</column>
<column name="inImage_blk_n">9, 2, 1, 2</column>
<column name="indvar_flatten_reg_241">9, 2, 21, 42</column>
<column name="j_0_reg_229">9, 2, 2, 4</column>
<column name="outImage_blk_n">9, 2, 1, 2</column>
<column name="outImage_din">15, 3, 8, 24</column>
<column name="row_0_reg_252">9, 2, 11, 22</column>
<column name="window_2_2_reg_274">15, 3, 8, 24</column>
</table>
</item>
<item name = "Register"><table name="" hasTotal="1">
<keys size="5">Name, FF, LUT, Bits, Const Bits</keys>
<column name="add_ln16_1_reg_1189">17, 0, 17, 0</column>
<column name="add_ln16_2_reg_1199">18, 0, 18, 0</column>
<column name="add_ln16_3_reg_1184">17, 0, 17, 0</column>
<column name="add_ln16_4_reg_1194">17, 0, 17, 0</column>
<column name="add_ln16_5_reg_1204">18, 0, 18, 0</column>
<column name="add_ln16_reg_1179">17, 0, 17, 0</column>
<column name="add_ln16_reg_1179_pp0_iter4_reg">17, 0, 17, 0</column>
<column name="add_ln69_1_reg_1065">12, 0, 12, 0</column>
<column name="and_ln50_reg_1080">1, 0, 1, 0</column>
<column name="and_ln68_reg_1121">1, 0, 1, 0</column>
<column name="ap_CS_fsm">7, 0, 7, 0</column>
<column name="ap_enable_reg_pp0_iter0">1, 0, 1, 0</column>
<column name="ap_enable_reg_pp0_iter1">1, 0, 1, 0</column>
<column name="ap_enable_reg_pp0_iter2">1, 0, 1, 0</column>
<column name="ap_enable_reg_pp0_iter3">1, 0, 1, 0</column>
<column name="ap_enable_reg_pp0_iter4">1, 0, 1, 0</column>
<column name="ap_enable_reg_pp0_iter5">1, 0, 1, 0</column>
<column name="ap_enable_reg_pp0_iter6">1, 0, 1, 0</column>
<column name="ap_enable_reg_pp0_iter7">1, 0, 1, 0</column>
<column name="col_0_reg_263">11, 0, 11, 0</column>
<column name="i_0_reg_217">2, 0, 2, 0</column>
<column name="i_reg_921">2, 0, 2, 0</column>
<column name="icmp_ln46_reg_1038">1, 0, 1, 0</column>
<column name="icmp_ln47_reg_1047">1, 0, 1, 0</column>
<column name="icmp_ln50_1_reg_1076">1, 0, 1, 0</column>
<column name="icmp_ln73_1_reg_1033">1, 0, 1, 0</column>
<column name="icmp_ln73_reg_1028">1, 0, 1, 0</column>
<column name="indvar_flatten_reg_241">21, 0, 21, 0</column>
<column name="j_0_reg_229">2, 0, 2, 0</column>
<column name="j_reg_1018">2, 0, 2, 0</column>
<column name="kernel_0_0_read_as_fu_102">8, 0, 8, 0</column>
<column name="kernel_0_1_read_as_fu_106">8, 0, 8, 0</column>
<column name="kernel_0_2_read_as_fu_110">8, 0, 8, 0</column>
<column name="kernel_1_0_read_as_fu_114">8, 0, 8, 0</column>
<column name="kernel_1_1_read_as_fu_118">8, 0, 8, 0</column>
<column name="kernel_1_2_read_as_fu_122">8, 0, 8, 0</column>
<column name="kernel_2_0_read_as_fu_98">8, 0, 8, 0</column>
<column name="kernel_2_1_read_as_fu_94">8, 0, 8, 0</column>
<column name="kernel_2_2_read_as_fu_90">8, 0, 8, 0</column>
<column name="mul_ln16_1_reg_1144">16, 0, 16, 0</column>
<column name="mul_ln16_2_reg_1164">16, 0, 16, 0</column>
<column name="mul_ln16_5_reg_1174">16, 0, 16, 0</column>
<column name="mul_ln16_6_reg_1154">16, 0, 16, 0</column>
<column name="or_ln73_2_reg_1125">1, 0, 1, 0</column>
<column name="part_buffer_0_addr_reg_1109">11, 0, 11, 0</column>
<column name="part_buffer_0_addr_reg_1109_pp0_iter2_reg">11, 0, 11, 0</column>
<column name="part_buffer_1_addr_reg_1115">11, 0, 11, 0</column>
<column name="row_0_reg_252">11, 0, 11, 0</column>
<column name="select_ln46_2_reg_1060">1, 0, 1, 0</column>
<column name="select_ln46_reg_1053">11, 0, 11, 0</column>
<column name="sub_ln40_reg_926">5, 0, 5, 0</column>
<column name="trunc_ln_reg_1209">8, 0, 8, 0</column>
<column name="window_0_0_fu_134">8, 0, 8, 0</column>
<column name="window_0_1_1_reg_1099">8, 0, 8, 0</column>
<column name="window_0_1_fu_146">8, 0, 8, 0</column>
<column name="window_1_0_fu_138">8, 0, 8, 0</column>
<column name="window_1_0_load_reg_1089">8, 0, 8, 0</column>
<column name="window_1_0_load_reg_1089_pp0_iter2_reg">8, 0, 8, 0</column>
<column name="window_1_1_1_reg_1104">8, 0, 8, 0</column>
<column name="window_1_1_fu_150">8, 0, 8, 0</column>
<column name="window_1_2_reg_1139">8, 0, 8, 0</column>
<column name="window_2_0_fu_142">8, 0, 8, 0</column>
<column name="window_2_0_load_reg_1094">8, 0, 8, 0</column>
<column name="window_2_1_fu_154">8, 0, 8, 0</column>
<column name="window_2_2_reg_274">8, 0, 8, 0</column>
<column name="zext_ln16_1_reg_975">8, 0, 16, 8</column>
<column name="zext_ln16_2_reg_980">8, 0, 16, 8</column>
<column name="zext_ln16_3_reg_985">8, 0, 16, 8</column>
<column name="zext_ln16_4_reg_990">8, 0, 16, 8</column>
<column name="zext_ln16_5_reg_995">8, 0, 16, 8</column>
<column name="zext_ln16_6_reg_1000">8, 0, 16, 8</column>
<column name="zext_ln16_7_reg_1005">8, 0, 16, 8</column>
<column name="zext_ln16_reg_970">8, 0, 16, 8</column>
<column name="zext_ln46_reg_1010">8, 0, 16, 8</column>
<column name="add_ln16_3_reg_1184">64, 32, 17, 0</column>
<column name="and_ln68_reg_1121">64, 32, 1, 0</column>
<column name="icmp_ln50_1_reg_1076">64, 32, 1, 0</column>
<column name="or_ln73_2_reg_1125">64, 32, 1, 0</column>
</table>
</item>
</section>
</item>
</section>

<section name = "Interface" level="0">
<item name = "Summary"><table name="" hasTotal="0">
<keys size="6">RTL Ports, Dir, Bits, Protocol, Source Object, C Type</keys>
<column name="ap_clk">in, 1, ap_ctrl_hs, gauss_blur, return value</column>
<column name="ap_rst">in, 1, ap_ctrl_hs, gauss_blur, return value</column>
<column name="ap_start">in, 1, ap_ctrl_hs, gauss_blur, return value</column>
<column name="ap_done">out, 1, ap_ctrl_hs, gauss_blur, return value</column>
<column name="ap_idle">out, 1, ap_ctrl_hs, gauss_blur, return value</column>
<column name="ap_ready">out, 1, ap_ctrl_hs, gauss_blur, return value</column>
<column name="inImage_dout">in, 8, ap_fifo, inImage, pointer</column>
<column name="inImage_empty_n">in, 1, ap_fifo, inImage, pointer</column>
<column name="inImage_read">out, 1, ap_fifo, inImage, pointer</column>
<column name="gauss_kernel_address0">out, 4, ap_memory, gauss_kernel, array</column>
<column name="gauss_kernel_ce0">out, 1, ap_memory, gauss_kernel, array</column>
<column name="gauss_kernel_q0">in, 8, ap_memory, gauss_kernel, array</column>
<column name="outImage_din">out, 8, ap_fifo, outImage, pointer</column>
<column name="outImage_full_n">in, 1, ap_fifo, outImage, pointer</column>
<column name="outImage_write">out, 1, ap_fifo, outImage, pointer</column>
</table>
</item>
</section>
</profile>
