<profile>

<section name = "Vivado HLS Report for 'gauss_blur'" level="0">
<item name = "Date">Tue Nov 30 11:55:04 2021
</item>
<item name = "Version">2020.1 (Build 2897737 on Wed May 27 20:21:37 MDT 2020)</item>
<item name = "Project">course_prj</item>
<item name = "Solution">sol8</item>
<item name = "Product family">artix7</item>
<item name = "Target device">xa7a12t-csg325-1Q</item>
</section>

<section name = "Performance Estimates" level="0">
<item name = "Timing">
<section name = "" level="1">
<item name = "Summary"><table name="" hasTotal="0">
<keys size="4">Clock, Target, Estimated, Uncertainty</keys>
<column name="clk">6.00 ns, 6.875 ns, 0.10 ns</column>
</table>
</item>
</section>
</item>
<item name = "Latency">
<section name = "" level="1">
<item name = "Summary"><table name="" hasTotal="0">
<keys size="8">, min, max, min, max, min, max, Type</keys>
<column name="">2076643, 2076643, 14.277 ms, 14.277 ms, 2076643, 2076643, none</column>
</table>
</item>
<item name = "Detail">
<section name = "" level="1">
<item name = "Instance"><table name="" hasTotal="0">
<keys size="9">Instance, Module, min, max, min, max, min, max, Type</keys>
</table>
</item>
<item name = "Loop"><table name="" hasTotal="0">
<keys size="8">Loop Name, min, max, Latency, achieved, target, Count, Pipelined</keys>
<column name="- Loop 1">33, 33, 11, -, -, 3, no</column>
<column name=" + Loop 1.1">9, 9, 3, -, -, 3, no</column>
<column name="- L2_L1">2076607, 2076607, 8, 1, 1, 2076601, yes</column>
</table>
</item>
</section>
</item>
</section>
</item>
</section>
</profile>
