{
  "Top": "gauss_blur",
  "RtlTop": "gauss_blur",
  "RtlPrefix": "",
  "SourceLanguage": "c",
  "ResetStyle": "control",
  "GenerateBdFiles": "0",
  "HostMachineBits": "64",
  "Target": {
    "Family": "aartix7",
    "Device": "xa7a12t",
    "Package": "-csg325",
    "Speed": "-1Q"
  },
  "HlsSolution": {
    "DirectiveTcl": [
      "set_directive_interface gauss_blur ",
      "set_directive_interface gauss_blur ",
      "set_directive_array_partition gauss_blur ",
      "set_directive_array_partition gauss_blur ",
      "set_directive_unroll filter\/col_loop -skip_exit_check"
    ],
    "DirectiveInfo": [
      "interface gauss_blur {{ap_fifo positionBoolean0mode} {port positionBooleanTextRequiredinImage}} {}",
      "interface gauss_blur {{ap_fifo positionBoolean0mode} {port positionBooleanTextRequiredoutImage}} {}",
      "array_partition gauss_blur {{partition positionBooleanCmd} {variable positionBooleanTextRequiredwindow} {cyclic positionBoolean0type} {factor 3} {dim 1}} {}",
      "array_partition gauss_blur {{partition positionBooleanCmd} {variable positionBooleanTextRequiredkernel} {cyclic positionBoolean0type} {factor 3} {dim 1}} {}",
      "unroll filter\/col_loop {{skip_exit_check positionBoolean1}} {}"
    ]
  },
  "Args": {
    "inImage": {
      "index": "0",
      "type": {
        "kinds": ["array"],
        "dataType": "unsigned",
        "dataWidth": "8",
        "arraySizes": [
          "640",
          "480"
        ],
        "interfaceRef": "inImage"
      }
    },
    "gauss_kernel": {
      "index": "1",
      "type": {
        "kinds": ["array"],
        "dataType": "unsigned",
        "dataWidth": "8",
        "arraySizes": [
          "3",
          "3"
        ],
        "multiInterfaceRef": [
          "gauss_kernel_address0",
          "gauss_kernel_q0"
        ]
      }
    },
    "outImage": {
      "index": "2",
      "type": {
        "kinds": ["array"],
        "dataType": "unsigned",
        "dataWidth": "8",
        "arraySizes": [
          "640",
          "480"
        ],
        "interfaceRef": "outImage"
      }
    }
  },
  "Return": {
    
  },
  "ClockInfo": {
    "ClockName": "ap_clk",
    "ClockPeriod": "6",
    "IsCombLogic": "0",
    "II": "x",
    "Latency": "2159564",
    "Uncertainty": "0.1"
  },
  "Xdc": {"OocClocks": ["create_clock -name ap_clk -period 6.000 [get_ports ap_clk]"]},
  "Ipx": {
    "Vendor": "xilinx.com",
    "Library": "hls",
    "Name": "gauss_blur",
    "Version": "1.0",
    "DisplayName": "Gauss_blur",
    "Revision": "",
    "Description": "An IP generated by Vivado HLS",
    "Taxonomy": "\/VIVADO_HLS_IP",
    "AutoFamilySupport": ""
  },
  "Files": {
    "CSource": ["..\/..\/source\/course_prj.c"],
    "Vhdl": [
      "impl\/vhdl\/gauss_blur_mac_mueOg.vhd",
      "impl\/vhdl\/gauss_blur_mac_mufYi.vhd",
      "impl\/vhdl\/gauss_blur_mux_32dEe.vhd",
      "impl\/vhdl\/gauss_blur_part_bbkb.vhd",
      "impl\/vhdl\/gauss_blur.vhd"
    ],
    "Verilog": [
      "impl\/verilog\/gauss_blur_mac_mueOg.v",
      "impl\/verilog\/gauss_blur_mac_mufYi.v",
      "impl\/verilog\/gauss_blur_mux_32dEe.v",
      "impl\/verilog\/gauss_blur_part_bbkb.v",
      "impl\/verilog\/gauss_blur.v"
    ],
    "Misc": ["impl\/misc\/logo.png"],
    "DesignXml": "\/home\/sokrat\/project\/learn\/Hybridsystem\/KP_01502_10\/course_prj\/sol7\/.autopilot\/db\/gauss_blur.design.xml",
    "DebugDir": "\/home\/sokrat\/project\/learn\/Hybridsystem\/KP_01502_10\/course_prj\/sol7\/.debug",
    "ProtoInst": ["\/home\/sokrat\/project\/learn\/Hybridsystem\/KP_01502_10\/course_prj\/sol7\/.debug\/gauss_blur.protoinst"]
  },
  "SubcoreInfo": {
    "HasXpmMemory": false,
    "HasClockedDsp": false,
    "IP": []
  },
  "Interfaces": {
    "ap_clk": {
      "type": "clock",
      "ctype": {"CLK": {"Type": "bool"}},
      "bundle_name": "ap_clk",
      "bundle_role": "default",
      "reset": "ap_rst"
    },
    "ap_ctrl": {
      "type": "ap_ctrl",
      "ctrl_ports": "ap_start ap_done ap_idle ap_ready",
      "ctype": {
        "start": {"Type": "bool"},
        "done": {"Type": "bool"},
        "idle": {"Type": "bool"},
        "ready": {"Type": "bool"}
      }
    },
    "ap_rst": {
      "type": "reset",
      "polarity": "ACTIVE_HIGH",
      "ctype": {"RST": {"Type": "bool"}},
      "bundle_name": "ap_rst",
      "bundle_role": "default"
    },
    "gauss_kernel_address0": {
      "type": "data",
      "dir": "out",
      "width": "4",
      "ctype": {"DATA": {
          "Type": "null",
          "Width": "4"
        }},
      "bundle_name": "gauss_kernel",
      "bundle_role": "address0"
    },
    "gauss_kernel_q0": {
      "type": "data",
      "dir": "in",
      "width": "8",
      "ctype": {"DATA": {
          "Type": "integer unsigned",
          "Width": "8"
        }},
      "bundle_name": "gauss_kernel",
      "bundle_role": "q0"
    },
    "inImage": {
      "type": "ap_fifo",
      "fifo_width": "8",
      "fifo_type": "read",
      "ctype": {
        "RD_DATA": {
          "Type": "integer unsigned",
          "Width": "8"
        },
        "EMPTY_N": {"Type": "bool"},
        "RD_EN": {"Type": "bool"}
      }
    },
    "outImage": {
      "type": "ap_fifo",
      "fifo_width": "8",
      "fifo_type": "write",
      "ctype": {
        "WR_DATA": {
          "Type": "integer unsigned",
          "Width": "8"
        },
        "FULL_N": {"Type": "bool"},
        "WR_EN": {"Type": "bool"}
      }
    }
  },
  "RtlPorts": {
    "ap_clk": {
      "dir": "in",
      "width": "1"
    },
    "ap_rst": {
      "dir": "in",
      "width": "1"
    },
    "ap_start": {
      "dir": "in",
      "width": "1"
    },
    "ap_done": {
      "dir": "out",
      "width": "1"
    },
    "ap_idle": {
      "dir": "out",
      "width": "1"
    },
    "ap_ready": {
      "dir": "out",
      "width": "1"
    },
    "inImage_dout": {
      "dir": "in",
      "width": "8"
    },
    "inImage_empty_n": {
      "dir": "in",
      "width": "1"
    },
    "inImage_read": {
      "dir": "out",
      "width": "1"
    },
    "gauss_kernel_address0": {
      "dir": "out",
      "width": "4"
    },
    "gauss_kernel_ce0": {
      "dir": "out",
      "width": "1"
    },
    "gauss_kernel_q0": {
      "dir": "in",
      "width": "8"
    },
    "outImage_din": {
      "dir": "out",
      "width": "8"
    },
    "outImage_full_n": {
      "dir": "in",
      "width": "1"
    },
    "outImage_write": {
      "dir": "out",
      "width": "1"
    }
  },
  "ModuleInfo": {
    "Hierarchy": {"ModuleName": "gauss_blur"},
    "Info": {"gauss_blur": {
        "FunctionProtocol": "ap_ctrl_hs",
        "isTaskLevelControl": "1",
        "isPipelined": "0",
        "isCombinational": "0",
        "isOneStateSeq": "0"
      }},
    "Metrics": {"gauss_blur": {
        "Latency": {
          "LatencyBest": "2159564",
          "LatencyAvg": "4009490",
          "LatencyWorst": "7092700",
          "PipelineIIMin": "2159565",
          "PipelineIIMax": "7092701",
          "PipelineII": "2159565 ~ 7092701",
          "PipelineDepth": "",
          "PipelineType": "none"
        },
        "Timing": {
          "Target": "6.00",
          "Uncertainty": "0.10",
          "Estimate": "4.685"
        },
        "Loops": [
          {
            "Name": "Loop 1",
            "TripCount": "3",
            "Latency": "33",
            "PipelineII": "",
            "PipelineDepth": "11",
            "Loops": [{
                "Name": "Loop 1.1",
                "TripCount": "3",
                "Latency": "9",
                "PipelineII": "",
                "PipelineDepth": "3"
              }]
          },
          {
            "Name": "L2",
            "TripCount": "641",
            "LatencyMin": "2159529",
            "LatencyMax": "7092665",
            "Latency": "2159529 ~ 7092665",
            "PipelineII": "",
            "PipelineDepthMin": "3369",
            "PipelineDepthMax": "11065",
            "PipelineDepth": "3369 ~ 11065",
            "Loops": [{
                "Name": "L1",
                "TripCount": "481",
                "LatencyMin": "3367",
                "LatencyMax": "11063",
                "Latency": "3367 ~ 11063",
                "PipelineII": "",
                "PipelineDepthMin": "7",
                "PipelineDepthMax": "23",
                "PipelineDepth": "7 ~ 23",
                "Loops": [
                  {
                    "Name": "L1.1",
                    "TripCount": "3",
                    "Latency": "3",
                    "PipelineII": "",
                    "PipelineDepth": "1"
                  },
                  {
                    "Name": "row_loop",
                    "TripCount": "3",
                    "Latency": "15",
                    "PipelineII": "",
                    "PipelineDepth": "5"
                  }
                ]
              }]
          }
        ],
        "Area": {
          "BRAM_18K": "2",
          "DSP48E": "2",
          "FF": "335",
          "LUT": "682",
          "URAM": "0"
        }
      }}
  },
  "Sdx": {
    "Target": "none",
    "ProfileOption": "0",
    "ProfileType": "none",
    "XO": "",
    "KernelName": "gauss_blur",
    "EnableXoSwEmu": "1"
  },
  "GenData": {
    "DataVersion": "0.2",
    "Time": "2021-11-30 11:49:10 MSK",
    "ToolName": "vivado_hls",
    "ToolVersion": "2020.1"
  }
}
