<?xml version="1.0" encoding="utf-8"?>
<Messages>
	<Message severity="INFO" prefix="[SIM 211-2]" key="SIM_2_1569" tag="" content="*************** CSIM start ***************"/>
	<Message severity="INFO" prefix="[SIM 211-4]" key="SIM_4_1577" tag="" content="CSIM will launch GCC as the compiler."/>
	<Message severity="INFO" prefix="[HLS 200-10]" key="HLS_10_1427" tag="" content="Running &apos;/home/sokrat/tools/Xilinx/Vivado/2020.1/bin/unwrapped/lnx64.o/apcc&apos;"/>
	<Message severity="INFO" prefix="[HLS 200-10]" key="HLS_10_1428" tag="" content="For user &apos;sokrat&apos; on host &apos;Lenovo-V110&apos; (Linux_x86_64 version 5.4.0-59-generic) on Mon Nov 29 16:19:03 MSK 2021"/>
	<Message severity="INFO" prefix="[HLS 200-10]" key="HLS_10_1429" tag="" content="On os Ubuntu 20.04.1 LTS"/>
	<Message severity="INFO" prefix="[HLS 200-10]" key="HLS_10_1430" tag="" content="In directory &apos;/home/sokrat/project/learn/Hybridsystem/KP_01502_10/course_prj/sol3/csim/build&apos;"/>
	<Message severity="INFO" prefix="[APCC 202-3]" key="APCC_3_1610" tag="" content="Tmp directory is /tmp/apcc_db_sokrat/1429941638191943057107"/>
	<Message severity="INFO" prefix="[APCC 202-1]" key="APCC_1_1611" tag="" content="APCC is done."/>
	<Message severity="INFO" prefix="[HLS 200-10]" key="HLS_10_1427" tag="" content="Running &apos;/home/sokrat/tools/Xilinx/Vivado/2020.1/bin/unwrapped/lnx64.o/apcc&apos;"/>
	<Message severity="INFO" prefix="[HLS 200-10]" key="HLS_10_1428" tag="" content="For user &apos;sokrat&apos; on host &apos;Lenovo-V110&apos; (Linux_x86_64 version 5.4.0-59-generic) on Mon Nov 29 16:19:11 MSK 2021"/>
	<Message severity="INFO" prefix="[HLS 200-10]" key="HLS_10_1429" tag="" content="On os Ubuntu 20.04.1 LTS"/>
	<Message severity="INFO" prefix="[HLS 200-10]" key="HLS_10_1430" tag="" content="In directory &apos;/home/sokrat/project/learn/Hybridsystem/KP_01502_10/course_prj/sol3/csim/build&apos;"/>
	<Message severity="INFO" prefix="[APCC 202-3]" key="APCC_3_1610" tag="" content="Tmp directory is /tmp/apcc_db_sokrat/1430511638191951778314"/>
	<Message severity="INFO" prefix="[APCC 202-1]" key="APCC_1_1611" tag="" content="APCC is done."/>
	<Message severity="INFO" prefix="[SIM 211-1]" key="SIM_1_1586" tag="" content="CSim done with 0 errors."/>
	<Message severity="INFO" prefix="[SIM 211-3]" key="SIM_3_1588" tag="" content="*************** CSIM finish ***************"/>
</Messages>
