<stg><name>gauss_blur</name>


<trans_list>

<trans id="202" from="1" to="2">
<condition id="-1">
<or_exp><and_exp></and_exp></or_exp>
</condition>
</trans>

<trans id="203" from="2" to="3">
<condition id="-1">
<or_exp><and_exp><literal name="icmp_ln38" val="0"/>
</and_exp></or_exp>
</condition>
</trans>

<trans id="208" from="2" to="5">
<condition id="-1">
<or_exp><and_exp><literal name="icmp_ln38" val="1"/>
</and_exp></or_exp>
</condition>
</trans>

<trans id="204" from="3" to="4">
<condition id="-1">
<or_exp><and_exp><literal name="icmp_ln39" val="0"/>
</and_exp></or_exp>
</condition>
</trans>

<trans id="207" from="3" to="2">
<condition id="-1">
<or_exp><and_exp><literal name="icmp_ln39" val="1"/>
</and_exp></or_exp>
</condition>
</trans>

<trans id="206" from="4" to="3">
<condition id="-1">
<or_exp><and_exp></and_exp></or_exp>
</condition>
</trans>

<trans id="209" from="5" to="6">
<condition id="-1">
<or_exp><and_exp><literal name="icmp_ln45" val="0"/>
</and_exp></or_exp>
</condition>
</trans>

<trans id="210" from="6" to="7">
<condition id="-1">
<or_exp><and_exp><literal name="icmp_ln46" val="0"/>
</and_exp></or_exp>
</condition>
</trans>

<trans id="227" from="6" to="5">
<condition id="-1">
<or_exp><and_exp><literal name="icmp_ln46" val="1"/>
</and_exp></or_exp>
</condition>
</trans>

<trans id="212" from="7" to="8">
<condition id="-1">
<or_exp><and_exp></and_exp></or_exp>
</condition>
</trans>

<trans id="213" from="8" to="9">
<condition id="-1">
<or_exp><and_exp><literal name="icmp_ln54" val="0"/>
</and_exp></or_exp>
</condition>
</trans>

<trans id="216" from="8" to="10">
<condition id="-1">
<or_exp><and_exp><literal name="icmp_ln54" val="1"/>
</and_exp></or_exp>
</condition>
</trans>

<trans id="215" from="9" to="8">
<condition id="-1">
<or_exp><and_exp></and_exp></or_exp>
</condition>
</trans>

<trans id="218" from="10" to="11">
<condition id="-1">
<or_exp><and_exp></and_exp></or_exp>
</condition>
</trans>

<trans id="220" from="11" to="12">
<condition id="-1">
<or_exp><and_exp><literal name="and_ln67" val="1"/>
<literal name="or_ln72_2" val="0"/>
<literal name="icmp_ln14" val="0"/>
</and_exp></or_exp>
</condition>
</trans>

<trans id="226" from="11" to="6">
<condition id="-1">
<or_exp><and_exp><literal name="icmp_ln14" val="1"/>
</and_exp><and_exp><literal name="or_ln72_2" val="1"/>
</and_exp><and_exp><literal name="and_ln67" val="0"/>
</and_exp></or_exp>
</condition>
</trans>

<trans id="221" from="12" to="13">
<condition id="-1">
<or_exp><and_exp><literal name="icmp_ln15" val="0"/>
</and_exp></or_exp>
</condition>
</trans>

<trans id="224" from="12" to="11">
<condition id="-1">
<or_exp><and_exp><literal name="icmp_ln15" val="1"/>
</and_exp></or_exp>
</condition>
</trans>

<trans id="223" from="13" to="12">
<condition id="-1">
<or_exp><and_exp></and_exp></or_exp>
</condition>
</trans>
</trans_list>



<state_list>

<state id="1" st_id="1">

<operation id="14" st_id="1" stage="1" lat="1">
<core>NULL</core>
<MemPortIdVec></MemPortIdVec>
<condition id="-1">
<or_exp><and_exp></and_exp></or_exp>
</condition>

<Node id="4" bw="0" op_0_bw="0" op_1_bw="8">
<![CDATA[
:0  call void (...)* @_ssdm_op_SpecBitsMap([307200 x i8]* %inImage) nounwind, !map !13

]]></Node>
<StgValue><ssdm name="specbitsmap_ln0"/></StgValue>
</operation>

<operation id="15" st_id="1" stage="1" lat="1">
<core>NULL</core>
<MemPortIdVec></MemPortIdVec>
<condition id="-1">
<or_exp><and_exp></and_exp></or_exp>
</condition>

<Node id="5" bw="0" op_0_bw="0" op_1_bw="8">
<![CDATA[
:1  call void (...)* @_ssdm_op_SpecBitsMap([9 x i8]* %gauss_kernel) nounwind, !map !20

]]></Node>
<StgValue><ssdm name="specbitsmap_ln0"/></StgValue>
</operation>

<operation id="16" st_id="1" stage="1" lat="1">
<core>NULL</core>
<MemPortIdVec></MemPortIdVec>
<condition id="-1">
<or_exp><and_exp></and_exp></or_exp>
</condition>

<Node id="6" bw="0" op_0_bw="0" op_1_bw="8">
<![CDATA[
:2  call void (...)* @_ssdm_op_SpecBitsMap([307200 x i8]* %outImage) nounwind, !map !26

]]></Node>
<StgValue><ssdm name="specbitsmap_ln0"/></StgValue>
</operation>

<operation id="17" st_id="1" stage="1" lat="1">
<core>NULL</core>
<MemPortIdVec></MemPortIdVec>
<condition id="-1">
<or_exp><and_exp></and_exp></or_exp>
</condition>

<Node id="7" bw="0" op_0_bw="0" op_1_bw="0">
<![CDATA[
:3  call void (...)* @_ssdm_op_SpecTopModule([11 x i8]* @gauss_blur_str) nounwind

]]></Node>
<StgValue><ssdm name="spectopmodule_ln0"/></StgValue>
</operation>

<operation id="18" st_id="1" stage="1" lat="1">
<core>RAM</core>
<MemPortIdVec></MemPortIdVec>
<condition id="-1">
<or_exp><and_exp></and_exp></or_exp>
</condition>

<Node id="8" bw="8" op_0_bw="64">
<![CDATA[
:4  %window = alloca [9 x i8], align 1

]]></Node>
<StgValue><ssdm name="window"/></StgValue>
</operation>

<operation id="19" st_id="1" stage="1" lat="1">
<core>NULL</core>
<MemPortIdVec></MemPortIdVec>
<condition id="-1">
<or_exp><and_exp></and_exp></or_exp>
</condition>

<Node id="9" bw="4" op_0_bw="8" op_1_bw="64" op_2_bw="64">
<![CDATA[
:5  %window_addr = getelementptr [9 x i8]* %window, i64 0, i64 2

]]></Node>
<StgValue><ssdm name="window_addr"/></StgValue>
</operation>

<operation id="20" st_id="1" stage="1" lat="1">
<core>NULL</core>
<MemPortIdVec></MemPortIdVec>
<condition id="-1">
<or_exp><and_exp></and_exp></or_exp>
</condition>

<Node id="10" bw="4" op_0_bw="8" op_1_bw="64" op_2_bw="64">
<![CDATA[
:6  %window_addr_1 = getelementptr [9 x i8]* %window, i64 0, i64 5

]]></Node>
<StgValue><ssdm name="window_addr_1"/></StgValue>
</operation>

<operation id="21" st_id="1" stage="1" lat="1">
<core>NULL</core>
<MemPortIdVec></MemPortIdVec>
<condition id="-1">
<or_exp><and_exp></and_exp></or_exp>
</condition>

<Node id="11" bw="4" op_0_bw="8" op_1_bw="64" op_2_bw="64">
<![CDATA[
:7  %window_addr_2 = getelementptr [9 x i8]* %window, i64 0, i64 8

]]></Node>
<StgValue><ssdm name="window_addr_2"/></StgValue>
</operation>

<operation id="22" st_id="1" stage="1" lat="1">
<core>RAM</core>
<MemPortIdVec></MemPortIdVec>
<condition id="-1">
<or_exp><and_exp></and_exp></or_exp>
</condition>

<Node id="12" bw="8" op_0_bw="64">
<![CDATA[
:8  %kernel = alloca [9 x i8], align 1

]]></Node>
<StgValue><ssdm name="kernel"/></StgValue>
</operation>

<operation id="23" st_id="1" stage="1" lat="1">
<core>RAM</core>
<MemPortIdVec></MemPortIdVec>
<condition id="-1">
<or_exp><and_exp></and_exp></or_exp>
</condition>

<Node id="13" bw="8" op_0_bw="64">
<![CDATA[
:9  %part_buffer_0 = alloca [480 x i8], align 16

]]></Node>
<StgValue><ssdm name="part_buffer_0"/></StgValue>
</operation>

<operation id="24" st_id="1" stage="1" lat="1">
<core>RAM</core>
<MemPortIdVec></MemPortIdVec>
<condition id="-1">
<or_exp><and_exp></and_exp></or_exp>
</condition>

<Node id="14" bw="8" op_0_bw="64">
<![CDATA[
:10  %part_buffer_1 = alloca [480 x i8], align 16

]]></Node>
<StgValue><ssdm name="part_buffer_1"/></StgValue>
</operation>

<operation id="25" st_id="1" stage="1" lat="1">
<core>NULL</core>
<MemPortIdVec></MemPortIdVec>
<condition id="-1">
<or_exp><and_exp></and_exp></or_exp>
</condition>

<Node id="15" bw="0" op_0_bw="0">
<![CDATA[
:11  br label %.loopexit

]]></Node>
<StgValue><ssdm name="br_ln38"/></StgValue>
</operation>
</state>

<state id="2" st_id="2">

<operation id="26" st_id="2" stage="1" lat="1">
<core>NULL</core>
<MemPortIdVec></MemPortIdVec>
<condition id="-1">
<or_exp><and_exp></and_exp></or_exp>
</condition>

<Node id="17" bw="2" op_0_bw="2" op_1_bw="0" op_2_bw="2" op_3_bw="0">
<![CDATA[
.loopexit:0  %i_0 = phi i2 [ 0, %0 ], [ %i, %.loopexit.loopexit ]

]]></Node>
<StgValue><ssdm name="i_0"/></StgValue>
</operation>

<operation id="27" st_id="2" stage="1" lat="1">
<core>Cmp</core>
<MemPortIdVec></MemPortIdVec>
<condition id="-1">
<or_exp><and_exp></and_exp></or_exp>
</condition>

<Node id="18" bw="1" op_0_bw="2" op_1_bw="2">
<![CDATA[
.loopexit:1  %icmp_ln38 = icmp eq i2 %i_0, -1

]]></Node>
<StgValue><ssdm name="icmp_ln38"/></StgValue>
</operation>

<operation id="28" st_id="2" stage="1" lat="1">
<core>NULL</core>
<MemPortIdVec></MemPortIdVec>
<condition id="-1">
<or_exp><and_exp></and_exp></or_exp>
</condition>

<Node id="19" bw="32" op_0_bw="32" op_1_bw="64" op_2_bw="64" op_3_bw="64">
<![CDATA[
.loopexit:2  %empty = call i32 (...)* @_ssdm_op_SpecLoopTripCount(i64 3, i64 3, i64 3) nounwind

]]></Node>
<StgValue><ssdm name="empty"/></StgValue>
</operation>

<operation id="29" st_id="2" stage="1" lat="1">
<core>AddSub</core>
<MemPortIdVec></MemPortIdVec>
<condition id="-1">
<or_exp><and_exp></and_exp></or_exp>
</condition>

<Node id="20" bw="2" op_0_bw="2" op_1_bw="2">
<![CDATA[
.loopexit:3  %i = add i2 %i_0, 1

]]></Node>
<StgValue><ssdm name="i"/></StgValue>
</operation>

<operation id="30" st_id="2" stage="1" lat="1">
<core>NULL</core>
<MemPortIdVec></MemPortIdVec>
<condition id="-1">
<or_exp><and_exp></and_exp></or_exp>
</condition>

<Node id="21" bw="0" op_0_bw="1" op_1_bw="0" op_2_bw="0">
<![CDATA[
.loopexit:4  br i1 %icmp_ln38, label %.preheader.preheader, label %.preheader5.preheader

]]></Node>
<StgValue><ssdm name="br_ln38"/></StgValue>
</operation>

<operation id="31" st_id="2" stage="1" lat="1">
<core>NULL</core>
<MemPortIdVec></MemPortIdVec>
<condition id="-1">
<or_exp><and_exp><literal name="icmp_ln38" val="0"/>
</and_exp></or_exp>
</condition>

<Node id="23" bw="5" op_0_bw="2">
<![CDATA[
.preheader5.preheader:0  %zext_ln40 = zext i2 %i_0 to i5

]]></Node>
<StgValue><ssdm name="zext_ln40"/></StgValue>
</operation>

<operation id="32" st_id="2" stage="1" lat="1">
<core>NULL</core>
<MemPortIdVec></MemPortIdVec>
<condition id="-1">
<or_exp><and_exp><literal name="icmp_ln38" val="0"/>
</and_exp></or_exp>
</condition>

<Node id="24" bw="4" op_0_bw="4" op_1_bw="2" op_2_bw="2">
<![CDATA[
.preheader5.preheader:1  %tmp_2 = call i4 @_ssdm_op_BitConcatenate.i4.i2.i2(i2 %i_0, i2 0)

]]></Node>
<StgValue><ssdm name="tmp_2"/></StgValue>
</operation>

<operation id="33" st_id="2" stage="1" lat="1">
<core>NULL</core>
<MemPortIdVec></MemPortIdVec>
<condition id="-1">
<or_exp><and_exp><literal name="icmp_ln38" val="0"/>
</and_exp></or_exp>
</condition>

<Node id="25" bw="5" op_0_bw="4">
<![CDATA[
.preheader5.preheader:2  %zext_ln40_1 = zext i4 %tmp_2 to i5

]]></Node>
<StgValue><ssdm name="zext_ln40_1"/></StgValue>
</operation>

<operation id="34" st_id="2" stage="1" lat="1">
<core>AddSub</core>
<MemPortIdVec></MemPortIdVec>
<condition id="-1">
<or_exp><and_exp><literal name="icmp_ln38" val="0"/>
</and_exp></or_exp>
</condition>

<Node id="26" bw="5" op_0_bw="5" op_1_bw="5">
<![CDATA[
.preheader5.preheader:3  %sub_ln40 = sub i5 %zext_ln40_1, %zext_ln40

]]></Node>
<StgValue><ssdm name="sub_ln40"/></StgValue>
</operation>

<operation id="35" st_id="2" stage="1" lat="1">
<core>NULL</core>
<MemPortIdVec></MemPortIdVec>
<condition id="-1">
<or_exp><and_exp><literal name="icmp_ln38" val="0"/>
</and_exp></or_exp>
</condition>

<Node id="27" bw="0" op_0_bw="0">
<![CDATA[
.preheader5.preheader:4  br label %.preheader5

]]></Node>
<StgValue><ssdm name="br_ln39"/></StgValue>
</operation>

<operation id="36" st_id="2" stage="1" lat="1">
<core>NULL</core>
<MemPortIdVec></MemPortIdVec>
<condition id="-1">
<or_exp><and_exp><literal name="icmp_ln38" val="1"/>
</and_exp></or_exp>
</condition>

<Node id="46" bw="0" op_0_bw="0">
<![CDATA[
.preheader.preheader:0  br label %.preheader

]]></Node>
<StgValue><ssdm name="br_ln45"/></StgValue>
</operation>
</state>

<state id="3" st_id="3">

<operation id="37" st_id="3" stage="1" lat="1">
<core>NULL</core>
<MemPortIdVec></MemPortIdVec>
<condition id="-1">
<or_exp><and_exp></and_exp></or_exp>
</condition>

<Node id="29" bw="2" op_0_bw="2" op_1_bw="0" op_2_bw="2" op_3_bw="0">
<![CDATA[
.preheader5:0  %j_0 = phi i2 [ %j, %1 ], [ 0, %.preheader5.preheader ]

]]></Node>
<StgValue><ssdm name="j_0"/></StgValue>
</operation>

<operation id="38" st_id="3" stage="1" lat="1">
<core>Cmp</core>
<MemPortIdVec></MemPortIdVec>
<condition id="-1">
<or_exp><and_exp></and_exp></or_exp>
</condition>

<Node id="30" bw="1" op_0_bw="2" op_1_bw="2">
<![CDATA[
.preheader5:1  %icmp_ln39 = icmp eq i2 %j_0, -1

]]></Node>
<StgValue><ssdm name="icmp_ln39"/></StgValue>
</operation>

<operation id="39" st_id="3" stage="1" lat="1">
<core>NULL</core>
<MemPortIdVec></MemPortIdVec>
<condition id="-1">
<or_exp><and_exp></and_exp></or_exp>
</condition>

<Node id="31" bw="32" op_0_bw="32" op_1_bw="64" op_2_bw="64" op_3_bw="64">
<![CDATA[
.preheader5:2  %empty_5 = call i32 (...)* @_ssdm_op_SpecLoopTripCount(i64 3, i64 3, i64 3) nounwind

]]></Node>
<StgValue><ssdm name="empty_5"/></StgValue>
</operation>

<operation id="40" st_id="3" stage="1" lat="1">
<core>AddSub</core>
<MemPortIdVec></MemPortIdVec>
<condition id="-1">
<or_exp><and_exp></and_exp></or_exp>
</condition>

<Node id="32" bw="2" op_0_bw="2" op_1_bw="2">
<![CDATA[
.preheader5:3  %j = add i2 %j_0, 1

]]></Node>
<StgValue><ssdm name="j"/></StgValue>
</operation>

<operation id="41" st_id="3" stage="1" lat="1">
<core>NULL</core>
<MemPortIdVec></MemPortIdVec>
<condition id="-1">
<or_exp><and_exp></and_exp></or_exp>
</condition>

<Node id="33" bw="0" op_0_bw="1" op_1_bw="0" op_2_bw="0">
<![CDATA[
.preheader5:4  br i1 %icmp_ln39, label %.loopexit.loopexit, label %1

]]></Node>
<StgValue><ssdm name="br_ln39"/></StgValue>
</operation>

<operation id="42" st_id="3" stage="1" lat="1">
<core>NULL</core>
<MemPortIdVec></MemPortIdVec>
<condition id="-1">
<or_exp><and_exp><literal name="icmp_ln39" val="0"/>
</and_exp></or_exp>
</condition>

<Node id="35" bw="5" op_0_bw="2">
<![CDATA[
:0  %zext_ln40_2 = zext i2 %j_0 to i5

]]></Node>
<StgValue><ssdm name="zext_ln40_2"/></StgValue>
</operation>

<operation id="43" st_id="3" stage="1" lat="1">
<core>AddSub</core>
<MemPortIdVec></MemPortIdVec>
<condition id="-1">
<or_exp><and_exp><literal name="icmp_ln39" val="0"/>
</and_exp></or_exp>
</condition>

<Node id="36" bw="5" op_0_bw="5" op_1_bw="5">
<![CDATA[
:1  %add_ln40 = add i5 %sub_ln40, %zext_ln40_2

]]></Node>
<StgValue><ssdm name="add_ln40"/></StgValue>
</operation>

<operation id="44" st_id="3" stage="1" lat="1">
<core>NULL</core>
<MemPortIdVec></MemPortIdVec>
<condition id="-1">
<or_exp><and_exp><literal name="icmp_ln39" val="0"/>
</and_exp></or_exp>
</condition>

<Node id="37" bw="64" op_0_bw="5">
<![CDATA[
:2  %sext_ln40 = sext i5 %add_ln40 to i64

]]></Node>
<StgValue><ssdm name="sext_ln40"/></StgValue>
</operation>

<operation id="45" st_id="3" stage="1" lat="1">
<core>NULL</core>
<MemPortIdVec></MemPortIdVec>
<condition id="-1">
<or_exp><and_exp><literal name="icmp_ln39" val="0"/>
</and_exp></or_exp>
</condition>

<Node id="38" bw="4" op_0_bw="8" op_1_bw="64" op_2_bw="64">
<![CDATA[
:3  %gauss_kernel_addr = getelementptr [9 x i8]* %gauss_kernel, i64 0, i64 %sext_ln40

]]></Node>
<StgValue><ssdm name="gauss_kernel_addr"/></StgValue>
</operation>

<operation id="46" st_id="3" stage="2" lat="2">
<core>RAM</core>
<MemPortIdVec></MemPortIdVec>
<condition id="-1">
<or_exp><and_exp><literal name="icmp_ln39" val="0"/>
</and_exp></or_exp>
</condition>

<Node id="40" bw="8" op_0_bw="4">
<![CDATA[
:5  %gauss_kernel_load = load i8* %gauss_kernel_addr, align 1

]]></Node>
<StgValue><ssdm name="gauss_kernel_load"/></StgValue>
</operation>

<operation id="47" st_id="3" stage="1" lat="1">
<core>NULL</core>
<MemPortIdVec></MemPortIdVec>
<condition id="-1">
<or_exp><and_exp><literal name="icmp_ln39" val="1"/>
</and_exp></or_exp>
</condition>

<Node id="44" bw="0" op_0_bw="0">
<![CDATA[
.loopexit.loopexit:0  br label %.loopexit

]]></Node>
<StgValue><ssdm name="br_ln0"/></StgValue>
</operation>
</state>

<state id="4" st_id="4">

<operation id="48" st_id="4" stage="1" lat="1">
<core>NULL</core>
<MemPortIdVec></MemPortIdVec>
<condition id="-1">
<or_exp><and_exp></and_exp></or_exp>
</condition>

<Node id="39" bw="4" op_0_bw="8" op_1_bw="64" op_2_bw="64">
<![CDATA[
:4  %kernel_addr = getelementptr [9 x i8]* %kernel, i64 0, i64 %sext_ln40

]]></Node>
<StgValue><ssdm name="kernel_addr"/></StgValue>
</operation>

<operation id="49" st_id="4" stage="1" lat="2">
<core>RAM</core>
<MemPortIdVec></MemPortIdVec>
<condition id="-1">
<or_exp><and_exp></and_exp></or_exp>
</condition>

<Node id="40" bw="8" op_0_bw="4">
<![CDATA[
:5  %gauss_kernel_load = load i8* %gauss_kernel_addr, align 1

]]></Node>
<StgValue><ssdm name="gauss_kernel_load"/></StgValue>
</operation>

<operation id="50" st_id="4" stage="1" lat="1">
<core>RAM</core>
<MemPortIdVec></MemPortIdVec>
<condition id="-1">
<or_exp><and_exp></and_exp></or_exp>
</condition>

<Node id="41" bw="0" op_0_bw="8" op_1_bw="4">
<![CDATA[
:6  store i8 %gauss_kernel_load, i8* %kernel_addr, align 1

]]></Node>
<StgValue><ssdm name="store_ln40"/></StgValue>
</operation>

<operation id="51" st_id="4" stage="1" lat="1">
<core>NULL</core>
<MemPortIdVec></MemPortIdVec>
<condition id="-1">
<or_exp><and_exp></and_exp></or_exp>
</condition>

<Node id="42" bw="0" op_0_bw="0">
<![CDATA[
:7  br label %.preheader5

]]></Node>
<StgValue><ssdm name="br_ln39"/></StgValue>
</operation>
</state>

<state id="5" st_id="5">

<operation id="52" st_id="5" stage="1" lat="1">
<core>NULL</core>
<MemPortIdVec></MemPortIdVec>
<condition id="-1">
<or_exp><and_exp></and_exp></or_exp>
</condition>

<Node id="48" bw="10" op_0_bw="10" op_1_bw="0" op_2_bw="10" op_3_bw="0">
<![CDATA[
.preheader:0  %row_0 = phi i10 [ %row, %L2_end ], [ 0, %.preheader.preheader ]

]]></Node>
<StgValue><ssdm name="row_0"/></StgValue>
</operation>

<operation id="53" st_id="5" stage="1" lat="1">
<core>NULL</core>
<MemPortIdVec></MemPortIdVec>
<condition id="-1">
<or_exp><and_exp></and_exp></or_exp>
</condition>

<Node id="49" bw="11" op_0_bw="10">
<![CDATA[
.preheader:1  %zext_ln45 = zext i10 %row_0 to i11

]]></Node>
<StgValue><ssdm name="zext_ln45"/></StgValue>
</operation>

<operation id="54" st_id="5" stage="1" lat="1">
<core>Cmp</core>
<MemPortIdVec></MemPortIdVec>
<condition id="-1">
<or_exp><and_exp></and_exp></or_exp>
</condition>

<Node id="50" bw="1" op_0_bw="10" op_1_bw="10">
<![CDATA[
.preheader:2  %icmp_ln45 = icmp eq i10 %row_0, -383

]]></Node>
<StgValue><ssdm name="icmp_ln45"/></StgValue>
</operation>

<operation id="55" st_id="5" stage="1" lat="1">
<core>NULL</core>
<MemPortIdVec></MemPortIdVec>
<condition id="-1">
<or_exp><and_exp></and_exp></or_exp>
</condition>

<Node id="51" bw="32" op_0_bw="32" op_1_bw="64" op_2_bw="64" op_3_bw="64">
<![CDATA[
.preheader:3  %empty_6 = call i32 (...)* @_ssdm_op_SpecLoopTripCount(i64 641, i64 641, i64 641) nounwind

]]></Node>
<StgValue><ssdm name="empty_6"/></StgValue>
</operation>

<operation id="56" st_id="5" stage="1" lat="1">
<core>AddSub</core>
<MemPortIdVec></MemPortIdVec>
<condition id="-1">
<or_exp><and_exp></and_exp></or_exp>
</condition>

<Node id="52" bw="10" op_0_bw="10" op_1_bw="10">
<![CDATA[
.preheader:4  %row = add i10 %row_0, 1

]]></Node>
<StgValue><ssdm name="row"/></StgValue>
</operation>

<operation id="57" st_id="5" stage="1" lat="1">
<core>NULL</core>
<MemPortIdVec></MemPortIdVec>
<condition id="-1">
<or_exp><and_exp></and_exp></or_exp>
</condition>

<Node id="53" bw="0" op_0_bw="1" op_1_bw="0" op_2_bw="0">
<![CDATA[
.preheader:5  br i1 %icmp_ln45, label %12, label %L2_begin

]]></Node>
<StgValue><ssdm name="br_ln45"/></StgValue>
</operation>

<operation id="58" st_id="5" stage="1" lat="1">
<core>NULL</core>
<MemPortIdVec></MemPortIdVec>
<condition id="-1">
<or_exp><and_exp><literal name="icmp_ln45" val="0"/>
</and_exp></or_exp>
</condition>

<Node id="55" bw="0" op_0_bw="0" op_1_bw="0">
<![CDATA[
L2_begin:0  call void (...)* @_ssdm_op_SpecLoopName([3 x i8]* @p_str2) nounwind

]]></Node>
<StgValue><ssdm name="specloopname_ln45"/></StgValue>
</operation>

<operation id="59" st_id="5" stage="1" lat="1">
<core>NULL</core>
<MemPortIdVec></MemPortIdVec>
<condition id="-1">
<or_exp><and_exp><literal name="icmp_ln45" val="0"/>
</and_exp></or_exp>
</condition>

<Node id="56" bw="32" op_0_bw="32" op_1_bw="0">
<![CDATA[
L2_begin:1  %tmp = call i32 (...)* @_ssdm_op_SpecRegionBegin([3 x i8]* @p_str2) nounwind

]]></Node>
<StgValue><ssdm name="tmp"/></StgValue>
</operation>

<operation id="60" st_id="5" stage="1" lat="1">
<core>Cmp</core>
<MemPortIdVec></MemPortIdVec>
<condition id="-1">
<or_exp><and_exp><literal name="icmp_ln45" val="0"/>
</and_exp></or_exp>
</condition>

<Node id="57" bw="1" op_0_bw="10" op_1_bw="10">
<![CDATA[
L2_begin:2  %icmp_ln49 = icmp ult i10 %row_0, -384

]]></Node>
<StgValue><ssdm name="icmp_ln49"/></StgValue>
</operation>

<operation id="61" st_id="5" stage="1" lat="1">
<core>NULL</core>
<MemPortIdVec></MemPortIdVec>
<condition id="-1">
<or_exp><and_exp><literal name="icmp_ln45" val="0"/>
</and_exp></or_exp>
</condition>

<Node id="58" bw="19" op_0_bw="19" op_1_bw="10" op_2_bw="9">
<![CDATA[
L2_begin:3  %tmp_3 = call i19 @_ssdm_op_BitConcatenate.i19.i10.i9(i10 %row_0, i9 0)

]]></Node>
<StgValue><ssdm name="tmp_3"/></StgValue>
</operation>

<operation id="62" st_id="5" stage="1" lat="1">
<core>NULL</core>
<MemPortIdVec></MemPortIdVec>
<condition id="-1">
<or_exp><and_exp><literal name="icmp_ln45" val="0"/>
</and_exp></or_exp>
</condition>

<Node id="59" bw="20" op_0_bw="19">
<![CDATA[
L2_begin:4  %zext_ln50 = zext i19 %tmp_3 to i20

]]></Node>
<StgValue><ssdm name="zext_ln50"/></StgValue>
</operation>

<operation id="63" st_id="5" stage="1" lat="1">
<core>NULL</core>
<MemPortIdVec></MemPortIdVec>
<condition id="-1">
<or_exp><and_exp><literal name="icmp_ln45" val="0"/>
</and_exp></or_exp>
</condition>

<Node id="60" bw="15" op_0_bw="15" op_1_bw="10" op_2_bw="5">
<![CDATA[
L2_begin:5  %tmp_4 = call i15 @_ssdm_op_BitConcatenate.i15.i10.i5(i10 %row_0, i5 0)

]]></Node>
<StgValue><ssdm name="tmp_4"/></StgValue>
</operation>

<operation id="64" st_id="5" stage="1" lat="1">
<core>NULL</core>
<MemPortIdVec></MemPortIdVec>
<condition id="-1">
<or_exp><and_exp><literal name="icmp_ln45" val="0"/>
</and_exp></or_exp>
</condition>

<Node id="61" bw="20" op_0_bw="15">
<![CDATA[
L2_begin:6  %zext_ln50_2 = zext i15 %tmp_4 to i20

]]></Node>
<StgValue><ssdm name="zext_ln50_2"/></StgValue>
</operation>

<operation id="65" st_id="5" stage="1" lat="1">
<core>AddSub</core>
<MemPortIdVec></MemPortIdVec>
<condition id="-1">
<or_exp><and_exp><literal name="icmp_ln45" val="0"/>
</and_exp></or_exp>
</condition>

<Node id="62" bw="20" op_0_bw="20" op_1_bw="20">
<![CDATA[
L2_begin:7  %sub_ln50 = sub i20 %zext_ln50, %zext_ln50_2

]]></Node>
<StgValue><ssdm name="sub_ln50"/></StgValue>
</operation>

<operation id="66" st_id="5" stage="1" lat="1">
<core>Cmp</core>
<MemPortIdVec></MemPortIdVec>
<condition id="-1">
<or_exp><and_exp><literal name="icmp_ln45" val="0"/>
</and_exp></or_exp>
</condition>

<Node id="63" bw="1" op_0_bw="10" op_1_bw="10">
<![CDATA[
L2_begin:8  %icmp_ln67 = icmp ne i10 %row_0, 0

]]></Node>
<StgValue><ssdm name="icmp_ln67"/></StgValue>
</operation>

<operation id="67" st_id="5" stage="1" lat="1">
<core>AddSub</core>
<MemPortIdVec></MemPortIdVec>
<condition id="-1">
<or_exp><and_exp><literal name="icmp_ln45" val="0"/>
</and_exp></or_exp>
</condition>

<Node id="64" bw="11" op_0_bw="11" op_1_bw="11">
<![CDATA[
L2_begin:9  %outrow = add i11 %zext_ln45, -1

]]></Node>
<StgValue><ssdm name="outrow"/></StgValue>
</operation>

<operation id="68" st_id="5" stage="1" lat="1">
<core>Cmp</core>
<MemPortIdVec></MemPortIdVec>
<condition id="-1">
<or_exp><and_exp><literal name="icmp_ln45" val="0"/>
</and_exp></or_exp>
</condition>

<Node id="65" bw="1" op_0_bw="11" op_1_bw="11">
<![CDATA[
L2_begin:10  %icmp_ln72 = icmp eq i11 %outrow, 0

]]></Node>
<StgValue><ssdm name="icmp_ln72"/></StgValue>
</operation>

<operation id="69" st_id="5" stage="1" lat="1">
<core>Cmp</core>
<MemPortIdVec></MemPortIdVec>
<condition id="-1">
<or_exp><and_exp><literal name="icmp_ln45" val="0"/>
</and_exp></or_exp>
</condition>

<Node id="66" bw="1" op_0_bw="11" op_1_bw="11">
<![CDATA[
L2_begin:11  %icmp_ln72_1 = icmp eq i11 %outrow, 639

]]></Node>
<StgValue><ssdm name="icmp_ln72_1"/></StgValue>
</operation>

<operation id="70" st_id="5" stage="1" lat="1">
<core>NULL</core>
<MemPortIdVec></MemPortIdVec>
<condition id="-1">
<or_exp><and_exp><literal name="icmp_ln45" val="0"/>
</and_exp></or_exp>
</condition>

<Node id="67" bw="20" op_0_bw="20" op_1_bw="11" op_2_bw="9">
<![CDATA[
L2_begin:12  %tmp_5 = call i20 @_ssdm_op_BitConcatenate.i20.i11.i9(i11 %outrow, i9 0)

]]></Node>
<StgValue><ssdm name="tmp_5"/></StgValue>
</operation>

<operation id="71" st_id="5" stage="1" lat="1">
<core>NULL</core>
<MemPortIdVec></MemPortIdVec>
<condition id="-1">
<or_exp><and_exp><literal name="icmp_ln45" val="0"/>
</and_exp></or_exp>
</condition>

<Node id="68" bw="16" op_0_bw="16" op_1_bw="11" op_2_bw="5">
<![CDATA[
L2_begin:13  %tmp_6 = call i16 @_ssdm_op_BitConcatenate.i16.i11.i5(i11 %outrow, i5 0)

]]></Node>
<StgValue><ssdm name="tmp_6"/></StgValue>
</operation>

<operation id="72" st_id="5" stage="1" lat="1">
<core>NULL</core>
<MemPortIdVec></MemPortIdVec>
<condition id="-1">
<or_exp><and_exp><literal name="icmp_ln45" val="0"/>
</and_exp></or_exp>
</condition>

<Node id="69" bw="20" op_0_bw="16">
<![CDATA[
L2_begin:14  %sext_ln73 = sext i16 %tmp_6 to i20

]]></Node>
<StgValue><ssdm name="sext_ln73"/></StgValue>
</operation>

<operation id="73" st_id="5" stage="1" lat="1">
<core>AddSub</core>
<MemPortIdVec></MemPortIdVec>
<condition id="-1">
<or_exp><and_exp><literal name="icmp_ln45" val="0"/>
</and_exp></or_exp>
</condition>

<Node id="70" bw="20" op_0_bw="20" op_1_bw="20">
<![CDATA[
L2_begin:15  %sub_ln73 = sub i20 %tmp_5, %sext_ln73

]]></Node>
<StgValue><ssdm name="sub_ln73"/></StgValue>
</operation>

<operation id="74" st_id="5" stage="1" lat="1">
<core>NULL</core>
<MemPortIdVec></MemPortIdVec>
<condition id="-1">
<or_exp><and_exp><literal name="icmp_ln45" val="0"/>
</and_exp></or_exp>
</condition>

<Node id="71" bw="0" op_0_bw="0">
<![CDATA[
L2_begin:16  br label %2

]]></Node>
<StgValue><ssdm name="br_ln46"/></StgValue>
</operation>

<operation id="75" st_id="5" stage="1" lat="1">
<core>NULL</core>
<MemPortIdVec></MemPortIdVec>
<condition id="-1">
<or_exp><and_exp><literal name="icmp_ln45" val="1"/>
</and_exp></or_exp>
</condition>

<Node id="211" bw="0">
<![CDATA[
:0  ret void

]]></Node>
<StgValue><ssdm name="ret_ln82"/></StgValue>
</operation>
</state>

<state id="6" st_id="6">

<operation id="76" st_id="6" stage="1" lat="1">
<core>NULL</core>
<MemPortIdVec></MemPortIdVec>
<condition id="-1">
<or_exp><and_exp></and_exp></or_exp>
</condition>

<Node id="73" bw="9" op_0_bw="9" op_1_bw="0" op_2_bw="9" op_3_bw="0">
<![CDATA[
:0  %col_0 = phi i9 [ 0, %L2_begin ], [ %col, %L1_end ]

]]></Node>
<StgValue><ssdm name="col_0"/></StgValue>
</operation>

<operation id="77" st_id="6" stage="1" lat="1">
<core>Cmp</core>
<MemPortIdVec></MemPortIdVec>
<condition id="-1">
<or_exp><and_exp></and_exp></or_exp>
</condition>

<Node id="74" bw="1" op_0_bw="9" op_1_bw="9">
<![CDATA[
:1  %icmp_ln46 = icmp eq i9 %col_0, -31

]]></Node>
<StgValue><ssdm name="icmp_ln46"/></StgValue>
</operation>

<operation id="78" st_id="6" stage="1" lat="1">
<core>NULL</core>
<MemPortIdVec></MemPortIdVec>
<condition id="-1">
<or_exp><and_exp></and_exp></or_exp>
</condition>

<Node id="75" bw="32" op_0_bw="32" op_1_bw="64" op_2_bw="64" op_3_bw="64">
<![CDATA[
:2  %empty_7 = call i32 (...)* @_ssdm_op_SpecLoopTripCount(i64 481, i64 481, i64 481) nounwind

]]></Node>
<StgValue><ssdm name="empty_7"/></StgValue>
</operation>

<operation id="79" st_id="6" stage="1" lat="1">
<core>AddSub</core>
<MemPortIdVec></MemPortIdVec>
<condition id="-1">
<or_exp><and_exp></and_exp></or_exp>
</condition>

<Node id="76" bw="9" op_0_bw="9" op_1_bw="9">
<![CDATA[
:3  %col = add i9 %col_0, 1

]]></Node>
<StgValue><ssdm name="col"/></StgValue>
</operation>

<operation id="80" st_id="6" stage="1" lat="1">
<core>NULL</core>
<MemPortIdVec></MemPortIdVec>
<condition id="-1">
<or_exp><and_exp></and_exp></or_exp>
</condition>

<Node id="77" bw="0" op_0_bw="1" op_1_bw="0" op_2_bw="0">
<![CDATA[
:4  br i1 %icmp_ln46, label %L2_end, label %L1_begin

]]></Node>
<StgValue><ssdm name="br_ln46"/></StgValue>
</operation>

<operation id="81" st_id="6" stage="1" lat="1">
<core>NULL</core>
<MemPortIdVec></MemPortIdVec>
<condition id="-1">
<or_exp><and_exp><literal name="icmp_ln46" val="0"/>
</and_exp></or_exp>
</condition>

<Node id="84" bw="20" op_0_bw="9">
<![CDATA[
L1_begin:5  %zext_ln50_3 = zext i9 %col_0 to i20

]]></Node>
<StgValue><ssdm name="zext_ln50_3"/></StgValue>
</operation>

<operation id="82" st_id="6" stage="1" lat="1">
<core>AddSub</core>
<MemPortIdVec></MemPortIdVec>
<condition id="-1">
<or_exp><and_exp><literal name="icmp_ln46" val="0"/>
</and_exp></or_exp>
</condition>

<Node id="85" bw="20" op_0_bw="20" op_1_bw="20">
<![CDATA[
L1_begin:6  %add_ln50 = add i20 %sub_ln50, %zext_ln50_3

]]></Node>
<StgValue><ssdm name="add_ln50"/></StgValue>
</operation>

<operation id="83" st_id="6" stage="1" lat="1">
<core>NULL</core>
<MemPortIdVec></MemPortIdVec>
<condition id="-1">
<or_exp><and_exp><literal name="icmp_ln46" val="0"/>
</and_exp></or_exp>
</condition>

<Node id="86" bw="64" op_0_bw="20">
<![CDATA[
L1_begin:7  %sext_ln50 = sext i20 %add_ln50 to i64

]]></Node>
<StgValue><ssdm name="sext_ln50"/></StgValue>
</operation>

<operation id="84" st_id="6" stage="1" lat="1">
<core>NULL</core>
<MemPortIdVec></MemPortIdVec>
<condition id="-1">
<or_exp><and_exp><literal name="icmp_ln46" val="0"/>
</and_exp></or_exp>
</condition>

<Node id="87" bw="19" op_0_bw="8" op_1_bw="64" op_2_bw="64">
<![CDATA[
L1_begin:8  %inImage_addr = getelementptr [307200 x i8]* %inImage, i64 0, i64 %sext_ln50

]]></Node>
<StgValue><ssdm name="inImage_addr"/></StgValue>
</operation>

<operation id="85" st_id="6" stage="2" lat="2">
<core>RAM</core>
<MemPortIdVec></MemPortIdVec>
<condition id="-1">
<or_exp><and_exp><literal name="icmp_ln46" val="0"/>
</and_exp></or_exp>
</condition>

<Node id="88" bw="8" op_0_bw="19">
<![CDATA[
L1_begin:9  %pixel = load i8* %inImage_addr, align 1

]]></Node>
<StgValue><ssdm name="pixel"/></StgValue>
</operation>

<operation id="86" st_id="6" stage="1" lat="1">
<core>NULL</core>
<MemPortIdVec></MemPortIdVec>
<condition id="-1">
<or_exp><and_exp><literal name="icmp_ln46" val="1"/>
</and_exp></or_exp>
</condition>

<Node id="208" bw="32" op_0_bw="32" op_1_bw="0" op_2_bw="32">
<![CDATA[
L2_end:0  %empty_13 = call i32 (...)* @_ssdm_op_SpecRegionEnd([3 x i8]* @p_str2, i32 %tmp) nounwind

]]></Node>
<StgValue><ssdm name="empty_13"/></StgValue>
</operation>

<operation id="87" st_id="6" stage="1" lat="1">
<core>NULL</core>
<MemPortIdVec></MemPortIdVec>
<condition id="-1">
<or_exp><and_exp><literal name="icmp_ln46" val="1"/>
</and_exp></or_exp>
</condition>

<Node id="209" bw="0" op_0_bw="0">
<![CDATA[
L2_end:1  br label %.preheader

]]></Node>
<StgValue><ssdm name="br_ln45"/></StgValue>
</operation>
</state>

<state id="7" st_id="7">

<operation id="88" st_id="7" stage="1" lat="1">
<core>NULL</core>
<MemPortIdVec></MemPortIdVec>
<condition id="-1">
<or_exp><and_exp></and_exp></or_exp>
</condition>

<Node id="79" bw="0" op_0_bw="0" op_1_bw="0">
<![CDATA[
L1_begin:0  call void (...)* @_ssdm_op_SpecLoopName([3 x i8]* @p_str3) nounwind

]]></Node>
<StgValue><ssdm name="specloopname_ln46"/></StgValue>
</operation>

<operation id="89" st_id="7" stage="1" lat="1">
<core>NULL</core>
<MemPortIdVec></MemPortIdVec>
<condition id="-1">
<or_exp><and_exp></and_exp></or_exp>
</condition>

<Node id="80" bw="32" op_0_bw="32" op_1_bw="0">
<![CDATA[
L1_begin:1  %tmp_1 = call i32 (...)* @_ssdm_op_SpecRegionBegin([3 x i8]* @p_str3) nounwind

]]></Node>
<StgValue><ssdm name="tmp_1"/></StgValue>
</operation>

<operation id="90" st_id="7" stage="1" lat="1">
<core>Cmp</core>
<MemPortIdVec></MemPortIdVec>
<condition id="-1">
<or_exp><and_exp></and_exp></or_exp>
</condition>

<Node id="81" bw="1" op_0_bw="9" op_1_bw="9">
<![CDATA[
L1_begin:2  %icmp_ln49_1 = icmp ult i9 %col_0, -32

]]></Node>
<StgValue><ssdm name="icmp_ln49_1"/></StgValue>
</operation>

<operation id="91" st_id="7" stage="1" lat="1">
<core>LogicGate</core>
<MemPortIdVec></MemPortIdVec>
<condition id="-1">
<or_exp><and_exp></and_exp></or_exp>
</condition>

<Node id="82" bw="1" op_0_bw="1" op_1_bw="1">
<![CDATA[
L1_begin:3  %and_ln49 = and i1 %icmp_ln49, %icmp_ln49_1

]]></Node>
<StgValue><ssdm name="and_ln49"/></StgValue>
</operation>

<operation id="92" st_id="7" stage="1" lat="1">
<core>NULL</core>
<MemPortIdVec></MemPortIdVec>
<condition id="-1">
<or_exp><and_exp></and_exp></or_exp>
</condition>

<Node id="83" bw="64" op_0_bw="9">
<![CDATA[
L1_begin:4  %zext_ln50_1 = zext i9 %col_0 to i64

]]></Node>
<StgValue><ssdm name="zext_ln50_1"/></StgValue>
</operation>

<operation id="93" st_id="7" stage="1" lat="2">
<core>RAM</core>
<MemPortIdVec></MemPortIdVec>
<condition id="-1">
<or_exp><and_exp></and_exp></or_exp>
</condition>

<Node id="88" bw="8" op_0_bw="19">
<![CDATA[
L1_begin:9  %pixel = load i8* %inImage_addr, align 1

]]></Node>
<StgValue><ssdm name="pixel"/></StgValue>
</operation>

<operation id="94" st_id="7" stage="1" lat="1">
<core>Sel</core>
<MemPortIdVec></MemPortIdVec>
<condition id="-1">
<or_exp><and_exp></and_exp></or_exp>
</condition>

<Node id="89" bw="8" op_0_bw="1" op_1_bw="8" op_2_bw="8">
<![CDATA[
L1_begin:10  %select_ln49 = select i1 %and_ln49, i8 %pixel, i8 0

]]></Node>
<StgValue><ssdm name="select_ln49"/></StgValue>
</operation>

<operation id="95" st_id="7" stage="1" lat="1">
<core>NULL</core>
<MemPortIdVec></MemPortIdVec>
<condition id="-1">
<or_exp><and_exp></and_exp></or_exp>
</condition>

<Node id="90" bw="0" op_0_bw="0">
<![CDATA[
L1_begin:11  br label %3

]]></Node>
<StgValue><ssdm name="br_ln54"/></StgValue>
</operation>
</state>

<state id="8" st_id="8">

<operation id="96" st_id="8" stage="1" lat="1">
<core>NULL</core>
<MemPortIdVec></MemPortIdVec>
<condition id="-1">
<or_exp><and_exp></and_exp></or_exp>
</condition>

<Node id="92" bw="2" op_0_bw="2" op_1_bw="0" op_2_bw="2" op_3_bw="0">
<![CDATA[
:0  %i1_0 = phi i2 [ 0, %L1_begin ], [ %i_1, %4 ]

]]></Node>
<StgValue><ssdm name="i1_0"/></StgValue>
</operation>

<operation id="97" st_id="8" stage="1" lat="1">
<core>Cmp</core>
<MemPortIdVec></MemPortIdVec>
<condition id="-1">
<or_exp><and_exp></and_exp></or_exp>
</condition>

<Node id="93" bw="1" op_0_bw="2" op_1_bw="2">
<![CDATA[
:1  %icmp_ln54 = icmp eq i2 %i1_0, -1

]]></Node>
<StgValue><ssdm name="icmp_ln54"/></StgValue>
</operation>

<operation id="98" st_id="8" stage="1" lat="1">
<core>NULL</core>
<MemPortIdVec></MemPortIdVec>
<condition id="-1">
<or_exp><and_exp></and_exp></or_exp>
</condition>

<Node id="94" bw="32" op_0_bw="32" op_1_bw="64" op_2_bw="64" op_3_bw="64">
<![CDATA[
:2  %empty_8 = call i32 (...)* @_ssdm_op_SpecLoopTripCount(i64 3, i64 3, i64 3) nounwind

]]></Node>
<StgValue><ssdm name="empty_8"/></StgValue>
</operation>

<operation id="99" st_id="8" stage="1" lat="1">
<core>AddSub</core>
<MemPortIdVec></MemPortIdVec>
<condition id="-1">
<or_exp><and_exp></and_exp></or_exp>
</condition>

<Node id="95" bw="2" op_0_bw="2" op_1_bw="2">
<![CDATA[
:3  %i_1 = add i2 %i1_0, 1

]]></Node>
<StgValue><ssdm name="i_1"/></StgValue>
</operation>

<operation id="100" st_id="8" stage="1" lat="1">
<core>NULL</core>
<MemPortIdVec></MemPortIdVec>
<condition id="-1">
<or_exp><and_exp></and_exp></or_exp>
</condition>

<Node id="96" bw="0" op_0_bw="1" op_1_bw="0" op_2_bw="0">
<![CDATA[
:4  br i1 %icmp_ln54, label %5, label %4

]]></Node>
<StgValue><ssdm name="br_ln54"/></StgValue>
</operation>

<operation id="101" st_id="8" stage="1" lat="1">
<core>NULL</core>
<MemPortIdVec></MemPortIdVec>
<condition id="-1">
<or_exp><and_exp><literal name="icmp_ln54" val="0"/>
</and_exp></or_exp>
</condition>

<Node id="98" bw="5" op_0_bw="2">
<![CDATA[
:0  %zext_ln55 = zext i2 %i1_0 to i5

]]></Node>
<StgValue><ssdm name="zext_ln55"/></StgValue>
</operation>

<operation id="102" st_id="8" stage="1" lat="1">
<core>NULL</core>
<MemPortIdVec></MemPortIdVec>
<condition id="-1">
<or_exp><and_exp><literal name="icmp_ln54" val="0"/>
</and_exp></or_exp>
</condition>

<Node id="99" bw="4" op_0_bw="4" op_1_bw="2" op_2_bw="2">
<![CDATA[
:1  %tmp_7 = call i4 @_ssdm_op_BitConcatenate.i4.i2.i2(i2 %i1_0, i2 0)

]]></Node>
<StgValue><ssdm name="tmp_7"/></StgValue>
</operation>

<operation id="103" st_id="8" stage="1" lat="1">
<core>NULL</core>
<MemPortIdVec></MemPortIdVec>
<condition id="-1">
<or_exp><and_exp><literal name="icmp_ln54" val="0"/>
</and_exp></or_exp>
</condition>

<Node id="100" bw="5" op_0_bw="4">
<![CDATA[
:2  %zext_ln55_1 = zext i4 %tmp_7 to i5

]]></Node>
<StgValue><ssdm name="zext_ln55_1"/></StgValue>
</operation>

<operation id="104" st_id="8" stage="1" lat="1">
<core>AddSub</core>
<MemPortIdVec></MemPortIdVec>
<condition id="-1">
<or_exp><and_exp><literal name="icmp_ln54" val="0"/>
</and_exp></or_exp>
</condition>

<Node id="101" bw="5" op_0_bw="5" op_1_bw="5">
<![CDATA[
:3  %sub_ln55 = sub i5 %zext_ln55_1, %zext_ln55

]]></Node>
<StgValue><ssdm name="sub_ln55"/></StgValue>
</operation>

<operation id="105" st_id="8" stage="1" lat="1">
<core>AddSub</core>
<MemPortIdVec></MemPortIdVec>
<condition id="-1">
<or_exp><and_exp><literal name="icmp_ln54" val="0"/>
</and_exp></or_exp>
</condition>

<Node id="103" bw="5" op_0_bw="5" op_1_bw="5">
<![CDATA[
:5  %add_ln55 = add i5 %sub_ln55, 1

]]></Node>
<StgValue><ssdm name="add_ln55"/></StgValue>
</operation>

<operation id="106" st_id="8" stage="1" lat="1">
<core>NULL</core>
<MemPortIdVec></MemPortIdVec>
<condition id="-1">
<or_exp><and_exp><literal name="icmp_ln54" val="0"/>
</and_exp></or_exp>
</condition>

<Node id="104" bw="64" op_0_bw="5">
<![CDATA[
:6  %sext_ln55_1 = sext i5 %add_ln55 to i64

]]></Node>
<StgValue><ssdm name="sext_ln55_1"/></StgValue>
</operation>

<operation id="107" st_id="8" stage="1" lat="1">
<core>NULL</core>
<MemPortIdVec></MemPortIdVec>
<condition id="-1">
<or_exp><and_exp><literal name="icmp_ln54" val="0"/>
</and_exp></or_exp>
</condition>

<Node id="105" bw="4" op_0_bw="8" op_1_bw="64" op_2_bw="64">
<![CDATA[
:7  %window_addr_3 = getelementptr [9 x i8]* %window, i64 0, i64 %sext_ln55_1

]]></Node>
<StgValue><ssdm name="window_addr_3"/></StgValue>
</operation>

<operation id="108" st_id="8" stage="1" lat="1">
<core>AddSub</core>
<MemPortIdVec></MemPortIdVec>
<condition id="-1">
<or_exp><and_exp><literal name="icmp_ln54" val="0"/>
</and_exp></or_exp>
</condition>

<Node id="107" bw="5" op_0_bw="5" op_1_bw="5">
<![CDATA[
:9  %add_ln56 = add i5 %sub_ln55, 2

]]></Node>
<StgValue><ssdm name="add_ln56"/></StgValue>
</operation>

<operation id="109" st_id="8" stage="1" lat="1">
<core>NULL</core>
<MemPortIdVec></MemPortIdVec>
<condition id="-1">
<or_exp><and_exp><literal name="icmp_ln54" val="0"/>
</and_exp></or_exp>
</condition>

<Node id="108" bw="64" op_0_bw="5">
<![CDATA[
:10  %sext_ln56 = sext i5 %add_ln56 to i64

]]></Node>
<StgValue><ssdm name="sext_ln56"/></StgValue>
</operation>

<operation id="110" st_id="8" stage="1" lat="1">
<core>NULL</core>
<MemPortIdVec></MemPortIdVec>
<condition id="-1">
<or_exp><and_exp><literal name="icmp_ln54" val="0"/>
</and_exp></or_exp>
</condition>

<Node id="109" bw="4" op_0_bw="8" op_1_bw="64" op_2_bw="64">
<![CDATA[
:11  %window_addr_5 = getelementptr [9 x i8]* %window, i64 0, i64 %sext_ln56

]]></Node>
<StgValue><ssdm name="window_addr_5"/></StgValue>
</operation>

<operation id="111" st_id="8" stage="2" lat="2">
<core>RAM</core>
<MemPortIdVec></MemPortIdVec>
<condition id="-1">
<or_exp><and_exp><literal name="icmp_ln54" val="0"/>
</and_exp></or_exp>
</condition>

<Node id="110" bw="8" op_0_bw="4">
<![CDATA[
:12  %window_load = load i8* %window_addr_3, align 1

]]></Node>
<StgValue><ssdm name="window_load"/></StgValue>
</operation>

<operation id="112" st_id="8" stage="2" lat="2">
<core>RAM</core>
<MemPortIdVec></MemPortIdVec>
<condition id="-1">
<or_exp><and_exp><literal name="icmp_ln54" val="0"/>
</and_exp></or_exp>
</condition>

<Node id="112" bw="8" op_0_bw="4">
<![CDATA[
:14  %window_load_1 = load i8* %window_addr_5, align 1

]]></Node>
<StgValue><ssdm name="window_load_1"/></StgValue>
</operation>

<operation id="113" st_id="8" stage="1" lat="1">
<core>NULL</core>
<MemPortIdVec></MemPortIdVec>
<condition id="-1">
<or_exp><and_exp><literal name="icmp_ln54" val="1"/>
</and_exp></or_exp>
</condition>

<Node id="116" bw="0" op_0_bw="1" op_1_bw="0" op_2_bw="0">
<![CDATA[
:0  br i1 %icmp_ln49_1, label %6, label %._crit_edge6

]]></Node>
<StgValue><ssdm name="br_ln60"/></StgValue>
</operation>

<operation id="114" st_id="8" stage="1" lat="1">
<core>NULL</core>
<MemPortIdVec></MemPortIdVec>
<condition id="-1">
<or_exp><and_exp><literal name="icmp_ln54" val="1"/>
<literal name="icmp_ln49_1" val="1"/>
</and_exp></or_exp>
</condition>

<Node id="118" bw="9" op_0_bw="8" op_1_bw="64" op_2_bw="64">
<![CDATA[
:0  %part_buffer_0_addr = getelementptr [480 x i8]* %part_buffer_0, i64 0, i64 %zext_ln50_1

]]></Node>
<StgValue><ssdm name="part_buffer_0_addr"/></StgValue>
</operation>

<operation id="115" st_id="8" stage="2" lat="2">
<core>RAM</core>
<MemPortIdVec></MemPortIdVec>
<condition id="-1">
<or_exp><and_exp><literal name="icmp_ln54" val="1"/>
<literal name="icmp_ln49_1" val="1"/>
</and_exp></or_exp>
</condition>

<Node id="119" bw="8" op_0_bw="9">
<![CDATA[
:1  %part_buffer_0_load = load i8* %part_buffer_0_addr, align 1

]]></Node>
<StgValue><ssdm name="part_buffer_0_load"/></StgValue>
</operation>

<operation id="116" st_id="8" stage="1" lat="1">
<core>NULL</core>
<MemPortIdVec></MemPortIdVec>
<condition id="-1">
<or_exp><and_exp><literal name="icmp_ln54" val="1"/>
<literal name="icmp_ln49_1" val="1"/>
</and_exp></or_exp>
</condition>

<Node id="121" bw="9" op_0_bw="8" op_1_bw="64" op_2_bw="64">
<![CDATA[
:3  %part_buffer_1_addr = getelementptr [480 x i8]* %part_buffer_1, i64 0, i64 %zext_ln50_1

]]></Node>
<StgValue><ssdm name="part_buffer_1_addr"/></StgValue>
</operation>

<operation id="117" st_id="8" stage="2" lat="2">
<core>RAM</core>
<MemPortIdVec></MemPortIdVec>
<condition id="-1">
<or_exp><and_exp><literal name="icmp_ln54" val="1"/>
<literal name="icmp_ln49_1" val="1"/>
</and_exp></or_exp>
</condition>

<Node id="122" bw="8" op_0_bw="9">
<![CDATA[
:4  %part_buffer_1_load = load i8* %part_buffer_1_addr, align 1

]]></Node>
<StgValue><ssdm name="part_buffer_1_load"/></StgValue>
</operation>

<operation id="118" st_id="8" stage="1" lat="1">
<core>RAM</core>
<MemPortIdVec></MemPortIdVec>
<condition id="-1">
<or_exp><and_exp><literal name="icmp_ln54" val="1"/>
<literal name="icmp_ln49_1" val="1"/>
</and_exp></or_exp>
</condition>

<Node id="125" bw="0" op_0_bw="8" op_1_bw="9" op_2_bw="8">
<![CDATA[
:7  store i8 %select_ln49, i8* %part_buffer_1_addr, align 1

]]></Node>
<StgValue><ssdm name="store_ln63"/></StgValue>
</operation>

<operation id="119" st_id="8" stage="1" lat="1">
<core>RAM</core>
<MemPortIdVec></MemPortIdVec>
<condition id="-1">
<or_exp><and_exp><literal name="icmp_ln54" val="1"/>
<literal name="icmp_ln49_1" val="1"/>
</and_exp></or_exp>
</condition>

<Node id="126" bw="0" op_0_bw="8" op_1_bw="4">
<![CDATA[
:8  store i8 %select_ln49, i8* %window_addr_2, align 1

]]></Node>
<StgValue><ssdm name="store_ln63"/></StgValue>
</operation>
</state>

<state id="9" st_id="9">

<operation id="120" st_id="9" stage="1" lat="1">
<core>NULL</core>
<MemPortIdVec></MemPortIdVec>
<condition id="-1">
<or_exp><and_exp></and_exp></or_exp>
</condition>

<Node id="102" bw="64" op_0_bw="5">
<![CDATA[
:4  %sext_ln55 = sext i5 %sub_ln55 to i64

]]></Node>
<StgValue><ssdm name="sext_ln55"/></StgValue>
</operation>

<operation id="121" st_id="9" stage="1" lat="1">
<core>NULL</core>
<MemPortIdVec></MemPortIdVec>
<condition id="-1">
<or_exp><and_exp></and_exp></or_exp>
</condition>

<Node id="106" bw="4" op_0_bw="8" op_1_bw="64" op_2_bw="64">
<![CDATA[
:8  %window_addr_4 = getelementptr [9 x i8]* %window, i64 0, i64 %sext_ln55

]]></Node>
<StgValue><ssdm name="window_addr_4"/></StgValue>
</operation>

<operation id="122" st_id="9" stage="1" lat="2">
<core>RAM</core>
<MemPortIdVec></MemPortIdVec>
<condition id="-1">
<or_exp><and_exp></and_exp></or_exp>
</condition>

<Node id="110" bw="8" op_0_bw="4">
<![CDATA[
:12  %window_load = load i8* %window_addr_3, align 1

]]></Node>
<StgValue><ssdm name="window_load"/></StgValue>
</operation>

<operation id="123" st_id="9" stage="1" lat="1">
<core>RAM</core>
<MemPortIdVec></MemPortIdVec>
<condition id="-1">
<or_exp><and_exp></and_exp></or_exp>
</condition>

<Node id="111" bw="0" op_0_bw="8" op_1_bw="4">
<![CDATA[
:13  store i8 %window_load, i8* %window_addr_4, align 1

]]></Node>
<StgValue><ssdm name="store_ln55"/></StgValue>
</operation>

<operation id="124" st_id="9" stage="1" lat="2">
<core>RAM</core>
<MemPortIdVec></MemPortIdVec>
<condition id="-1">
<or_exp><and_exp></and_exp></or_exp>
</condition>

<Node id="112" bw="8" op_0_bw="4">
<![CDATA[
:14  %window_load_1 = load i8* %window_addr_5, align 1

]]></Node>
<StgValue><ssdm name="window_load_1"/></StgValue>
</operation>

<operation id="125" st_id="9" stage="1" lat="1">
<core>RAM</core>
<MemPortIdVec></MemPortIdVec>
<condition id="-1">
<or_exp><and_exp></and_exp></or_exp>
</condition>

<Node id="113" bw="0" op_0_bw="8" op_1_bw="4" op_2_bw="8">
<![CDATA[
:15  store i8 %window_load_1, i8* %window_addr_3, align 1

]]></Node>
<StgValue><ssdm name="store_ln56"/></StgValue>
</operation>

<operation id="126" st_id="9" stage="1" lat="1">
<core>NULL</core>
<MemPortIdVec></MemPortIdVec>
<condition id="-1">
<or_exp><and_exp></and_exp></or_exp>
</condition>

<Node id="114" bw="0" op_0_bw="0">
<![CDATA[
:16  br label %3

]]></Node>
<StgValue><ssdm name="br_ln54"/></StgValue>
</operation>
</state>

<state id="10" st_id="10">

<operation id="127" st_id="10" stage="1" lat="2">
<core>RAM</core>
<MemPortIdVec></MemPortIdVec>
<condition id="-1">
<or_exp><and_exp><literal name="icmp_ln49_1" val="1"/>
</and_exp></or_exp>
</condition>

<Node id="119" bw="8" op_0_bw="9">
<![CDATA[
:1  %part_buffer_0_load = load i8* %part_buffer_0_addr, align 1

]]></Node>
<StgValue><ssdm name="part_buffer_0_load"/></StgValue>
</operation>

<operation id="128" st_id="10" stage="1" lat="1">
<core>RAM</core>
<MemPortIdVec></MemPortIdVec>
<condition id="-1">
<or_exp><and_exp><literal name="icmp_ln49_1" val="1"/>
</and_exp></or_exp>
</condition>

<Node id="120" bw="0" op_0_bw="8" op_1_bw="4">
<![CDATA[
:2  store i8 %part_buffer_0_load, i8* %window_addr, align 1

]]></Node>
<StgValue><ssdm name="store_ln61"/></StgValue>
</operation>

<operation id="129" st_id="10" stage="1" lat="2">
<core>RAM</core>
<MemPortIdVec></MemPortIdVec>
<condition id="-1">
<or_exp><and_exp><literal name="icmp_ln49_1" val="1"/>
</and_exp></or_exp>
</condition>

<Node id="122" bw="8" op_0_bw="9">
<![CDATA[
:4  %part_buffer_1_load = load i8* %part_buffer_1_addr, align 1

]]></Node>
<StgValue><ssdm name="part_buffer_1_load"/></StgValue>
</operation>

<operation id="130" st_id="10" stage="1" lat="1">
<core>RAM</core>
<MemPortIdVec></MemPortIdVec>
<condition id="-1">
<or_exp><and_exp><literal name="icmp_ln49_1" val="1"/>
</and_exp></or_exp>
</condition>

<Node id="123" bw="0" op_0_bw="8" op_1_bw="9" op_2_bw="8">
<![CDATA[
:5  store i8 %part_buffer_1_load, i8* %part_buffer_0_addr, align 1

]]></Node>
<StgValue><ssdm name="store_ln62"/></StgValue>
</operation>

<operation id="131" st_id="10" stage="1" lat="1">
<core>RAM</core>
<MemPortIdVec></MemPortIdVec>
<condition id="-1">
<or_exp><and_exp><literal name="icmp_ln49_1" val="1"/>
</and_exp></or_exp>
</condition>

<Node id="124" bw="0" op_0_bw="8" op_1_bw="4">
<![CDATA[
:6  store i8 %part_buffer_1_load, i8* %window_addr_1, align 1

]]></Node>
<StgValue><ssdm name="store_ln62"/></StgValue>
</operation>

<operation id="132" st_id="10" stage="1" lat="1">
<core>NULL</core>
<MemPortIdVec></MemPortIdVec>
<condition id="-1">
<or_exp><and_exp><literal name="icmp_ln49_1" val="1"/>
</and_exp></or_exp>
</condition>

<Node id="127" bw="0" op_0_bw="0">
<![CDATA[
:9  br label %._crit_edge6

]]></Node>
<StgValue><ssdm name="br_ln64"/></StgValue>
</operation>

<operation id="133" st_id="10" stage="1" lat="1">
<core>Cmp</core>
<MemPortIdVec></MemPortIdVec>
<condition id="-1">
<or_exp><and_exp></and_exp></or_exp>
</condition>

<Node id="129" bw="1" op_0_bw="9" op_1_bw="9">
<![CDATA[
._crit_edge6:0  %icmp_ln67_1 = icmp ne i9 %col_0, 0

]]></Node>
<StgValue><ssdm name="icmp_ln67_1"/></StgValue>
</operation>

<operation id="134" st_id="10" stage="1" lat="1">
<core>LogicGate</core>
<MemPortIdVec></MemPortIdVec>
<condition id="-1">
<or_exp><and_exp></and_exp></or_exp>
</condition>

<Node id="130" bw="1" op_0_bw="1" op_1_bw="1">
<![CDATA[
._crit_edge6:1  %and_ln67 = and i1 %icmp_ln67, %icmp_ln67_1

]]></Node>
<StgValue><ssdm name="and_ln67"/></StgValue>
</operation>

<operation id="135" st_id="10" stage="1" lat="1">
<core>NULL</core>
<MemPortIdVec></MemPortIdVec>
<condition id="-1">
<or_exp><and_exp></and_exp></or_exp>
</condition>

<Node id="131" bw="0" op_0_bw="1" op_1_bw="0" op_2_bw="0">
<![CDATA[
._crit_edge6:2  br i1 %and_ln67, label %7, label %L1_end

]]></Node>
<StgValue><ssdm name="br_ln67"/></StgValue>
</operation>

<operation id="136" st_id="10" stage="1" lat="1">
<core>AddSub</core>
<MemPortIdVec></MemPortIdVec>
<condition id="-1">
<or_exp><and_exp><literal name="and_ln67" val="1"/>
</and_exp></or_exp>
</condition>

<Node id="133" bw="9" op_0_bw="9" op_1_bw="9">
<![CDATA[
:0  %outcol = add i9 %col_0, -1

]]></Node>
<StgValue><ssdm name="outcol"/></StgValue>
</operation>

<operation id="137" st_id="10" stage="1" lat="1">
<core>Cmp</core>
<MemPortIdVec></MemPortIdVec>
<condition id="-1">
<or_exp><and_exp><literal name="and_ln67" val="1"/>
</and_exp></or_exp>
</condition>

<Node id="134" bw="1" op_0_bw="9" op_1_bw="9">
<![CDATA[
:1  %icmp_ln72_2 = icmp eq i9 %outcol, 0

]]></Node>
<StgValue><ssdm name="icmp_ln72_2"/></StgValue>
</operation>

<operation id="138" st_id="10" stage="1" lat="1">
<core>Cmp</core>
<MemPortIdVec></MemPortIdVec>
<condition id="-1">
<or_exp><and_exp><literal name="and_ln67" val="1"/>
</and_exp></or_exp>
</condition>

<Node id="135" bw="1" op_0_bw="9" op_1_bw="9">
<![CDATA[
:2  %icmp_ln72_3 = icmp eq i9 %outcol, -33

]]></Node>
<StgValue><ssdm name="icmp_ln72_3"/></StgValue>
</operation>

<operation id="139" st_id="10" stage="1" lat="1">
<core>LogicGate</core>
<MemPortIdVec></MemPortIdVec>
<condition id="-1">
<or_exp><and_exp><literal name="and_ln67" val="1"/>
</and_exp></or_exp>
</condition>

<Node id="136" bw="1" op_0_bw="1" op_1_bw="1">
<![CDATA[
:3  %or_ln72 = or i1 %icmp_ln72, %icmp_ln72_2

]]></Node>
<StgValue><ssdm name="or_ln72"/></StgValue>
</operation>

<operation id="140" st_id="10" stage="1" lat="1">
<core>LogicGate</core>
<MemPortIdVec></MemPortIdVec>
<condition id="-1">
<or_exp><and_exp><literal name="and_ln67" val="1"/>
</and_exp></or_exp>
</condition>

<Node id="137" bw="1" op_0_bw="1" op_1_bw="1">
<![CDATA[
:4  %or_ln72_1 = or i1 %icmp_ln72_1, %icmp_ln72_3

]]></Node>
<StgValue><ssdm name="or_ln72_1"/></StgValue>
</operation>

<operation id="141" st_id="10" stage="1" lat="1">
<core>LogicGate</core>
<MemPortIdVec></MemPortIdVec>
<condition id="-1">
<or_exp><and_exp><literal name="and_ln67" val="1"/>
</and_exp></or_exp>
</condition>

<Node id="138" bw="1" op_0_bw="1" op_1_bw="1">
<![CDATA[
:5  %or_ln72_2 = or i1 %or_ln72_1, %or_ln72

]]></Node>
<StgValue><ssdm name="or_ln72_2"/></StgValue>
</operation>

<operation id="142" st_id="10" stage="1" lat="1">
<core>NULL</core>
<MemPortIdVec></MemPortIdVec>
<condition id="-1">
<or_exp><and_exp><literal name="and_ln67" val="1"/>
</and_exp></or_exp>
</condition>

<Node id="139" bw="0" op_0_bw="1" op_1_bw="0" op_2_bw="0">
<![CDATA[
:6  br i1 %or_ln72_2, label %8, label %.preheader12.preheader

]]></Node>
<StgValue><ssdm name="br_ln72"/></StgValue>
</operation>

<operation id="143" st_id="10" stage="1" lat="1">
<core>NULL</core>
<MemPortIdVec></MemPortIdVec>
<condition id="-1">
<or_exp><and_exp><literal name="and_ln67" val="1"/>
<literal name="or_ln72_2" val="0"/>
</and_exp></or_exp>
</condition>

<Node id="141" bw="0" op_0_bw="0">
<![CDATA[
.preheader12.preheader:0  br label %.preheader12

]]></Node>
<StgValue><ssdm name="br_ln14"/></StgValue>
</operation>

<operation id="144" st_id="10" stage="1" lat="1">
<core>NULL</core>
<MemPortIdVec></MemPortIdVec>
<condition id="-1">
<or_exp><and_exp><literal name="and_ln67" val="1"/>
<literal name="or_ln72_2" val="1"/>
</and_exp></or_exp>
</condition>

<Node id="196" bw="20" op_0_bw="9">
<![CDATA[
:0  %zext_ln73 = zext i9 %outcol to i20

]]></Node>
<StgValue><ssdm name="zext_ln73"/></StgValue>
</operation>

<operation id="145" st_id="10" stage="1" lat="1">
<core>AddSub</core>
<MemPortIdVec></MemPortIdVec>
<condition id="-1">
<or_exp><and_exp><literal name="and_ln67" val="1"/>
<literal name="or_ln72_2" val="1"/>
</and_exp></or_exp>
</condition>

<Node id="197" bw="20" op_0_bw="20" op_1_bw="20">
<![CDATA[
:1  %add_ln73 = add i20 %sub_ln73, %zext_ln73

]]></Node>
<StgValue><ssdm name="add_ln73"/></StgValue>
</operation>

<operation id="146" st_id="10" stage="1" lat="1">
<core>NULL</core>
<MemPortIdVec></MemPortIdVec>
<condition id="-1">
<or_exp><and_exp><literal name="and_ln67" val="1"/>
<literal name="or_ln72_2" val="1"/>
</and_exp></or_exp>
</condition>

<Node id="198" bw="64" op_0_bw="20">
<![CDATA[
:2  %sext_ln73_1 = sext i20 %add_ln73 to i64

]]></Node>
<StgValue><ssdm name="sext_ln73_1"/></StgValue>
</operation>

<operation id="147" st_id="10" stage="1" lat="1">
<core>NULL</core>
<MemPortIdVec></MemPortIdVec>
<condition id="-1">
<or_exp><and_exp><literal name="and_ln67" val="1"/>
<literal name="or_ln72_2" val="1"/>
</and_exp></or_exp>
</condition>

<Node id="199" bw="19" op_0_bw="8" op_1_bw="64" op_2_bw="64">
<![CDATA[
:3  %outImage_addr = getelementptr [307200 x i8]* %outImage, i64 0, i64 %sext_ln73_1

]]></Node>
<StgValue><ssdm name="outImage_addr"/></StgValue>
</operation>

<operation id="148" st_id="10" stage="1" lat="1">
<core>RAM</core>
<MemPortIdVec></MemPortIdVec>
<condition id="-1">
<or_exp><and_exp><literal name="and_ln67" val="1"/>
<literal name="or_ln72_2" val="1"/>
</and_exp></or_exp>
</condition>

<Node id="200" bw="0" op_0_bw="8" op_1_bw="19">
<![CDATA[
:4  store i8 0, i8* %outImage_addr, align 1

]]></Node>
<StgValue><ssdm name="store_ln73"/></StgValue>
</operation>

<operation id="149" st_id="10" stage="1" lat="1">
<core>NULL</core>
<MemPortIdVec></MemPortIdVec>
<condition id="-1">
<or_exp><and_exp><literal name="and_ln67" val="1"/>
<literal name="or_ln72_2" val="1"/>
</and_exp></or_exp>
</condition>

<Node id="201" bw="0" op_0_bw="0">
<![CDATA[
:5  br label %11

]]></Node>
<StgValue><ssdm name="br_ln74"/></StgValue>
</operation>
</state>

<state id="11" st_id="11">

<operation id="150" st_id="11" stage="1" lat="1">
<core>NULL</core>
<MemPortIdVec></MemPortIdVec>
<condition id="-1">
<or_exp><and_exp><literal name="and_ln67" val="1"/>
<literal name="or_ln72_2" val="0"/>
</and_exp></or_exp>
</condition>

<Node id="143" bw="32" op_0_bw="32" op_1_bw="0" op_2_bw="32" op_3_bw="0">
<![CDATA[
.preheader12:0  %result_0_i = phi i32 [ %result_1_i, %row_loop_end ], [ 0, %.preheader12.preheader ]

]]></Node>
<StgValue><ssdm name="result_0_i"/></StgValue>
</operation>

<operation id="151" st_id="11" stage="1" lat="1">
<core>NULL</core>
<MemPortIdVec></MemPortIdVec>
<condition id="-1">
<or_exp><and_exp><literal name="and_ln67" val="1"/>
<literal name="or_ln72_2" val="0"/>
</and_exp></or_exp>
</condition>

<Node id="144" bw="2" op_0_bw="2" op_1_bw="0" op_2_bw="2" op_3_bw="0">
<![CDATA[
.preheader12:1  %i_0_i = phi i2 [ %i_2, %row_loop_end ], [ 0, %.preheader12.preheader ]

]]></Node>
<StgValue><ssdm name="i_0_i"/></StgValue>
</operation>

<operation id="152" st_id="11" stage="1" lat="1">
<core>Cmp</core>
<MemPortIdVec></MemPortIdVec>
<condition id="-1">
<or_exp><and_exp><literal name="and_ln67" val="1"/>
<literal name="or_ln72_2" val="0"/>
</and_exp></or_exp>
</condition>

<Node id="145" bw="1" op_0_bw="2" op_1_bw="2">
<![CDATA[
.preheader12:2  %icmp_ln14 = icmp eq i2 %i_0_i, -1

]]></Node>
<StgValue><ssdm name="icmp_ln14"/></StgValue>
</operation>

<operation id="153" st_id="11" stage="1" lat="1">
<core>NULL</core>
<MemPortIdVec></MemPortIdVec>
<condition id="-1">
<or_exp><and_exp><literal name="and_ln67" val="1"/>
<literal name="or_ln72_2" val="0"/>
</and_exp></or_exp>
</condition>

<Node id="146" bw="32" op_0_bw="32" op_1_bw="64" op_2_bw="64" op_3_bw="64">
<![CDATA[
.preheader12:3  %empty_9 = call i32 (...)* @_ssdm_op_SpecLoopTripCount(i64 3, i64 3, i64 3) nounwind

]]></Node>
<StgValue><ssdm name="empty_9"/></StgValue>
</operation>

<operation id="154" st_id="11" stage="1" lat="1">
<core>AddSub</core>
<MemPortIdVec></MemPortIdVec>
<condition id="-1">
<or_exp><and_exp><literal name="and_ln67" val="1"/>
<literal name="or_ln72_2" val="0"/>
</and_exp></or_exp>
</condition>

<Node id="147" bw="2" op_0_bw="2" op_1_bw="2">
<![CDATA[
.preheader12:4  %i_2 = add i2 %i_0_i, 1

]]></Node>
<StgValue><ssdm name="i_2"/></StgValue>
</operation>

<operation id="155" st_id="11" stage="1" lat="1">
<core>NULL</core>
<MemPortIdVec></MemPortIdVec>
<condition id="-1">
<or_exp><and_exp><literal name="and_ln67" val="1"/>
<literal name="or_ln72_2" val="0"/>
</and_exp></or_exp>
</condition>

<Node id="148" bw="0" op_0_bw="1" op_1_bw="0" op_2_bw="0">
<![CDATA[
.preheader12:5  br i1 %icmp_ln14, label %filter.exit, label %row_loop_begin

]]></Node>
<StgValue><ssdm name="br_ln14"/></StgValue>
</operation>

<operation id="156" st_id="11" stage="1" lat="1">
<core>NULL</core>
<MemPortIdVec></MemPortIdVec>
<condition id="-1">
<or_exp><and_exp><literal name="and_ln67" val="1"/>
<literal name="or_ln72_2" val="0"/>
<literal name="icmp_ln14" val="0"/>
</and_exp></or_exp>
</condition>

<Node id="150" bw="0" op_0_bw="0" op_1_bw="0">
<![CDATA[
row_loop_begin:0  call void (...)* @_ssdm_op_SpecLoopName([9 x i8]* @p_str) nounwind

]]></Node>
<StgValue><ssdm name="specloopname_ln14"/></StgValue>
</operation>

<operation id="157" st_id="11" stage="1" lat="1">
<core>NULL</core>
<MemPortIdVec></MemPortIdVec>
<condition id="-1">
<or_exp><and_exp><literal name="and_ln67" val="1"/>
<literal name="or_ln72_2" val="0"/>
<literal name="icmp_ln14" val="0"/>
</and_exp></or_exp>
</condition>

<Node id="151" bw="32" op_0_bw="32" op_1_bw="0">
<![CDATA[
row_loop_begin:1  %tmp_i = call i32 (...)* @_ssdm_op_SpecRegionBegin([9 x i8]* @p_str) nounwind

]]></Node>
<StgValue><ssdm name="tmp_i"/></StgValue>
</operation>

<operation id="158" st_id="11" stage="1" lat="1">
<core>NULL</core>
<MemPortIdVec></MemPortIdVec>
<condition id="-1">
<or_exp><and_exp><literal name="and_ln67" val="1"/>
<literal name="or_ln72_2" val="0"/>
<literal name="icmp_ln14" val="0"/>
</and_exp></or_exp>
</condition>

<Node id="152" bw="5" op_0_bw="2">
<![CDATA[
row_loop_begin:2  %zext_ln16 = zext i2 %i_0_i to i5

]]></Node>
<StgValue><ssdm name="zext_ln16"/></StgValue>
</operation>

<operation id="159" st_id="11" stage="1" lat="1">
<core>NULL</core>
<MemPortIdVec></MemPortIdVec>
<condition id="-1">
<or_exp><and_exp><literal name="and_ln67" val="1"/>
<literal name="or_ln72_2" val="0"/>
<literal name="icmp_ln14" val="0"/>
</and_exp></or_exp>
</condition>

<Node id="153" bw="4" op_0_bw="4" op_1_bw="2" op_2_bw="2">
<![CDATA[
row_loop_begin:3  %tmp_8 = call i4 @_ssdm_op_BitConcatenate.i4.i2.i2(i2 %i_0_i, i2 0)

]]></Node>
<StgValue><ssdm name="tmp_8"/></StgValue>
</operation>

<operation id="160" st_id="11" stage="1" lat="1">
<core>NULL</core>
<MemPortIdVec></MemPortIdVec>
<condition id="-1">
<or_exp><and_exp><literal name="and_ln67" val="1"/>
<literal name="or_ln72_2" val="0"/>
<literal name="icmp_ln14" val="0"/>
</and_exp></or_exp>
</condition>

<Node id="154" bw="5" op_0_bw="4">
<![CDATA[
row_loop_begin:4  %zext_ln16_1 = zext i4 %tmp_8 to i5

]]></Node>
<StgValue><ssdm name="zext_ln16_1"/></StgValue>
</operation>

<operation id="161" st_id="11" stage="1" lat="1">
<core>AddSub</core>
<MemPortIdVec></MemPortIdVec>
<condition id="-1">
<or_exp><and_exp><literal name="and_ln67" val="1"/>
<literal name="or_ln72_2" val="0"/>
<literal name="icmp_ln14" val="0"/>
</and_exp></or_exp>
</condition>

<Node id="155" bw="5" op_0_bw="5" op_1_bw="5">
<![CDATA[
row_loop_begin:5  %sub_ln16 = sub i5 %zext_ln16_1, %zext_ln16

]]></Node>
<StgValue><ssdm name="sub_ln16"/></StgValue>
</operation>

<operation id="162" st_id="11" stage="1" lat="1">
<core>NULL</core>
<MemPortIdVec></MemPortIdVec>
<condition id="-1">
<or_exp><and_exp><literal name="and_ln67" val="1"/>
<literal name="or_ln72_2" val="0"/>
<literal name="icmp_ln14" val="0"/>
</and_exp></or_exp>
</condition>

<Node id="156" bw="0" op_0_bw="0">
<![CDATA[
row_loop_begin:6  br label %9

]]></Node>
<StgValue><ssdm name="br_ln15"/></StgValue>
</operation>

<operation id="163" st_id="11" stage="1" lat="1">
<core>NULL</core>
<MemPortIdVec></MemPortIdVec>
<condition id="-1">
<or_exp><and_exp><literal name="and_ln67" val="1"/>
<literal name="or_ln72_2" val="0"/>
<literal name="icmp_ln14" val="1"/>
</and_exp></or_exp>
</condition>

<Node id="183" bw="1" op_0_bw="1" op_1_bw="32" op_2_bw="32">
<![CDATA[
filter.exit:0  %tmp_9 = call i1 @_ssdm_op_BitSelect.i1.i32.i32(i32 %result_0_i, i32 31)

]]></Node>
<StgValue><ssdm name="tmp_9"/></StgValue>
</operation>

<operation id="164" st_id="11" stage="1" lat="1">
<core>AddSub</core>
<MemPortIdVec></MemPortIdVec>
<condition id="-1">
<or_exp><and_exp><literal name="and_ln67" val="1"/>
<literal name="or_ln72_2" val="0"/>
<literal name="icmp_ln14" val="1"/>
</and_exp></or_exp>
</condition>

<Node id="184" bw="32" op_0_bw="32" op_1_bw="32">
<![CDATA[
filter.exit:1  %sub_ln21 = sub i32 0, %result_0_i

]]></Node>
<StgValue><ssdm name="sub_ln21"/></StgValue>
</operation>

<operation id="165" st_id="11" stage="1" lat="1">
<core>NULL</core>
<MemPortIdVec></MemPortIdVec>
<condition id="-1">
<or_exp><and_exp><literal name="and_ln67" val="1"/>
<literal name="or_ln72_2" val="0"/>
<literal name="icmp_ln14" val="1"/>
</and_exp></or_exp>
</condition>

<Node id="185" bw="8" op_0_bw="8" op_1_bw="32" op_2_bw="32" op_3_bw="32">
<![CDATA[
filter.exit:2  %trunc_ln21_1 = call i8 @_ssdm_op_PartSelect.i8.i32.i32.i32(i32 %sub_ln21, i32 4, i32 11)

]]></Node>
<StgValue><ssdm name="trunc_ln21_1"/></StgValue>
</operation>

<operation id="166" st_id="11" stage="1" lat="1">
<core>AddSub</core>
<MemPortIdVec></MemPortIdVec>
<condition id="-1">
<or_exp><and_exp><literal name="and_ln67" val="1"/>
<literal name="or_ln72_2" val="0"/>
<literal name="icmp_ln14" val="1"/>
</and_exp></or_exp>
</condition>

<Node id="186" bw="8" op_0_bw="8" op_1_bw="8">
<![CDATA[
filter.exit:3  %sub_ln21_1 = sub i8 0, %trunc_ln21_1

]]></Node>
<StgValue><ssdm name="sub_ln21_1"/></StgValue>
</operation>

<operation id="167" st_id="11" stage="1" lat="1">
<core>NULL</core>
<MemPortIdVec></MemPortIdVec>
<condition id="-1">
<or_exp><and_exp><literal name="and_ln67" val="1"/>
<literal name="or_ln72_2" val="0"/>
<literal name="icmp_ln14" val="1"/>
</and_exp></or_exp>
</condition>

<Node id="187" bw="8" op_0_bw="8" op_1_bw="32" op_2_bw="32" op_3_bw="32">
<![CDATA[
filter.exit:4  %trunc_ln21_2 = call i8 @_ssdm_op_PartSelect.i8.i32.i32.i32(i32 %result_0_i, i32 4, i32 11)

]]></Node>
<StgValue><ssdm name="trunc_ln21_2"/></StgValue>
</operation>

<operation id="168" st_id="11" stage="1" lat="1">
<core>Sel</core>
<MemPortIdVec></MemPortIdVec>
<condition id="-1">
<or_exp><and_exp><literal name="and_ln67" val="1"/>
<literal name="or_ln72_2" val="0"/>
<literal name="icmp_ln14" val="1"/>
</and_exp></or_exp>
</condition>

<Node id="188" bw="8" op_0_bw="1" op_1_bw="8" op_2_bw="8">
<![CDATA[
filter.exit:5  %select_ln21 = select i1 %tmp_9, i8 %sub_ln21_1, i8 %trunc_ln21_2

]]></Node>
<StgValue><ssdm name="select_ln21"/></StgValue>
</operation>

<operation id="169" st_id="11" stage="1" lat="1">
<core>NULL</core>
<MemPortIdVec></MemPortIdVec>
<condition id="-1">
<or_exp><and_exp><literal name="and_ln67" val="1"/>
<literal name="or_ln72_2" val="0"/>
<literal name="icmp_ln14" val="1"/>
</and_exp></or_exp>
</condition>

<Node id="189" bw="20" op_0_bw="9">
<![CDATA[
filter.exit:6  %zext_ln75 = zext i9 %outcol to i20

]]></Node>
<StgValue><ssdm name="zext_ln75"/></StgValue>
</operation>

<operation id="170" st_id="11" stage="1" lat="1">
<core>AddSub</core>
<MemPortIdVec></MemPortIdVec>
<condition id="-1">
<or_exp><and_exp><literal name="and_ln67" val="1"/>
<literal name="or_ln72_2" val="0"/>
<literal name="icmp_ln14" val="1"/>
</and_exp></or_exp>
</condition>

<Node id="190" bw="20" op_0_bw="20" op_1_bw="20">
<![CDATA[
filter.exit:7  %add_ln75 = add i20 %sub_ln73, %zext_ln75

]]></Node>
<StgValue><ssdm name="add_ln75"/></StgValue>
</operation>

<operation id="171" st_id="11" stage="1" lat="1">
<core>NULL</core>
<MemPortIdVec></MemPortIdVec>
<condition id="-1">
<or_exp><and_exp><literal name="and_ln67" val="1"/>
<literal name="or_ln72_2" val="0"/>
<literal name="icmp_ln14" val="1"/>
</and_exp></or_exp>
</condition>

<Node id="191" bw="64" op_0_bw="20">
<![CDATA[
filter.exit:8  %sext_ln75 = sext i20 %add_ln75 to i64

]]></Node>
<StgValue><ssdm name="sext_ln75"/></StgValue>
</operation>

<operation id="172" st_id="11" stage="1" lat="1">
<core>NULL</core>
<MemPortIdVec></MemPortIdVec>
<condition id="-1">
<or_exp><and_exp><literal name="and_ln67" val="1"/>
<literal name="or_ln72_2" val="0"/>
<literal name="icmp_ln14" val="1"/>
</and_exp></or_exp>
</condition>

<Node id="192" bw="19" op_0_bw="8" op_1_bw="64" op_2_bw="64">
<![CDATA[
filter.exit:9  %outImage_addr_1 = getelementptr [307200 x i8]* %outImage, i64 0, i64 %sext_ln75

]]></Node>
<StgValue><ssdm name="outImage_addr_1"/></StgValue>
</operation>

<operation id="173" st_id="11" stage="1" lat="1">
<core>RAM</core>
<MemPortIdVec></MemPortIdVec>
<condition id="-1">
<or_exp><and_exp><literal name="and_ln67" val="1"/>
<literal name="or_ln72_2" val="0"/>
<literal name="icmp_ln14" val="1"/>
</and_exp></or_exp>
</condition>

<Node id="193" bw="0" op_0_bw="8" op_1_bw="19">
<![CDATA[
filter.exit:10  store i8 %select_ln21, i8* %outImage_addr_1, align 1

]]></Node>
<StgValue><ssdm name="store_ln75"/></StgValue>
</operation>

<operation id="174" st_id="11" stage="1" lat="1">
<core>NULL</core>
<MemPortIdVec></MemPortIdVec>
<condition id="-1">
<or_exp><and_exp><literal name="and_ln67" val="1"/>
<literal name="or_ln72_2" val="0"/>
<literal name="icmp_ln14" val="1"/>
</and_exp></or_exp>
</condition>

<Node id="194" bw="0" op_0_bw="0">
<![CDATA[
filter.exit:11  br label %11

]]></Node>
<StgValue><ssdm name="br_ln0"/></StgValue>
</operation>

<operation id="175" st_id="11" stage="1" lat="1">
<core>NULL</core>
<MemPortIdVec></MemPortIdVec>
<condition id="-1">
<or_exp><and_exp><literal name="and_ln67" val="1"/>
<literal name="icmp_ln14" val="1"/>
</and_exp><and_exp><literal name="and_ln67" val="1"/>
<literal name="or_ln72_2" val="1"/>
</and_exp></or_exp>
</condition>

<Node id="203" bw="0" op_0_bw="0">
<![CDATA[
:0  br label %L1_end

]]></Node>
<StgValue><ssdm name="br_ln77"/></StgValue>
</operation>

<operation id="176" st_id="11" stage="1" lat="1">
<core>NULL</core>
<MemPortIdVec></MemPortIdVec>
<condition id="-1">
<or_exp><and_exp><literal name="icmp_ln14" val="1"/>
</and_exp><and_exp><literal name="or_ln72_2" val="1"/>
</and_exp><and_exp><literal name="and_ln67" val="0"/>
</and_exp></or_exp>
</condition>

<Node id="205" bw="32" op_0_bw="32" op_1_bw="0" op_2_bw="32">
<![CDATA[
L1_end:0  %empty_12 = call i32 (...)* @_ssdm_op_SpecRegionEnd([3 x i8]* @p_str3, i32 %tmp_1) nounwind

]]></Node>
<StgValue><ssdm name="empty_12"/></StgValue>
</operation>

<operation id="177" st_id="11" stage="1" lat="1">
<core>NULL</core>
<MemPortIdVec></MemPortIdVec>
<condition id="-1">
<or_exp><and_exp><literal name="icmp_ln14" val="1"/>
</and_exp><and_exp><literal name="or_ln72_2" val="1"/>
</and_exp><and_exp><literal name="and_ln67" val="0"/>
</and_exp></or_exp>
</condition>

<Node id="206" bw="0" op_0_bw="0">
<![CDATA[
L1_end:1  br label %2

]]></Node>
<StgValue><ssdm name="br_ln46"/></StgValue>
</operation>
</state>

<state id="12" st_id="12">

<operation id="178" st_id="12" stage="1" lat="1">
<core>NULL</core>
<MemPortIdVec></MemPortIdVec>
<condition id="-1">
<or_exp><and_exp></and_exp></or_exp>
</condition>

<Node id="158" bw="32" op_0_bw="32" op_1_bw="0" op_2_bw="32" op_3_bw="0">
<![CDATA[
:0  %result_1_i = phi i32 [ %result_0_i, %row_loop_begin ], [ %result, %10 ]

]]></Node>
<StgValue><ssdm name="result_1_i"/></StgValue>
</operation>

<operation id="179" st_id="12" stage="1" lat="1">
<core>NULL</core>
<MemPortIdVec></MemPortIdVec>
<condition id="-1">
<or_exp><and_exp></and_exp></or_exp>
</condition>

<Node id="159" bw="2" op_0_bw="2" op_1_bw="0" op_2_bw="2" op_3_bw="0">
<![CDATA[
:1  %j_0_i = phi i2 [ 0, %row_loop_begin ], [ %j_1, %10 ]

]]></Node>
<StgValue><ssdm name="j_0_i"/></StgValue>
</operation>

<operation id="180" st_id="12" stage="1" lat="1">
<core>Cmp</core>
<MemPortIdVec></MemPortIdVec>
<condition id="-1">
<or_exp><and_exp></and_exp></or_exp>
</condition>

<Node id="160" bw="1" op_0_bw="2" op_1_bw="2">
<![CDATA[
:2  %icmp_ln15 = icmp eq i2 %j_0_i, -1

]]></Node>
<StgValue><ssdm name="icmp_ln15"/></StgValue>
</operation>

<operation id="181" st_id="12" stage="1" lat="1">
<core>NULL</core>
<MemPortIdVec></MemPortIdVec>
<condition id="-1">
<or_exp><and_exp></and_exp></or_exp>
</condition>

<Node id="161" bw="32" op_0_bw="32" op_1_bw="64" op_2_bw="64" op_3_bw="64">
<![CDATA[
:3  %empty_10 = call i32 (...)* @_ssdm_op_SpecLoopTripCount(i64 3, i64 3, i64 3) nounwind

]]></Node>
<StgValue><ssdm name="empty_10"/></StgValue>
</operation>

<operation id="182" st_id="12" stage="1" lat="1">
<core>AddSub</core>
<MemPortIdVec></MemPortIdVec>
<condition id="-1">
<or_exp><and_exp></and_exp></or_exp>
</condition>

<Node id="162" bw="2" op_0_bw="2" op_1_bw="2">
<![CDATA[
:4  %j_1 = add i2 %j_0_i, 1

]]></Node>
<StgValue><ssdm name="j_1"/></StgValue>
</operation>

<operation id="183" st_id="12" stage="1" lat="1">
<core>NULL</core>
<MemPortIdVec></MemPortIdVec>
<condition id="-1">
<or_exp><and_exp></and_exp></or_exp>
</condition>

<Node id="163" bw="0" op_0_bw="1" op_1_bw="0" op_2_bw="0">
<![CDATA[
:5  br i1 %icmp_ln15, label %row_loop_end, label %10

]]></Node>
<StgValue><ssdm name="br_ln15"/></StgValue>
</operation>

<operation id="184" st_id="12" stage="1" lat="1">
<core>NULL</core>
<MemPortIdVec></MemPortIdVec>
<condition id="-1">
<or_exp><and_exp><literal name="icmp_ln15" val="0"/>
</and_exp></or_exp>
</condition>

<Node id="166" bw="5" op_0_bw="2">
<![CDATA[
:1  %zext_ln16_5 = zext i2 %j_0_i to i5

]]></Node>
<StgValue><ssdm name="zext_ln16_5"/></StgValue>
</operation>

<operation id="185" st_id="12" stage="1" lat="1">
<core>AddSub</core>
<MemPortIdVec></MemPortIdVec>
<condition id="-1">
<or_exp><and_exp><literal name="icmp_ln15" val="0"/>
</and_exp></or_exp>
</condition>

<Node id="167" bw="5" op_0_bw="5" op_1_bw="5">
<![CDATA[
:2  %add_ln16 = add i5 %sub_ln16, %zext_ln16_5

]]></Node>
<StgValue><ssdm name="add_ln16"/></StgValue>
</operation>

<operation id="186" st_id="12" stage="1" lat="1">
<core>NULL</core>
<MemPortIdVec></MemPortIdVec>
<condition id="-1">
<or_exp><and_exp><literal name="icmp_ln15" val="0"/>
</and_exp></or_exp>
</condition>

<Node id="168" bw="64" op_0_bw="5">
<![CDATA[
:3  %sext_ln16 = sext i5 %add_ln16 to i64

]]></Node>
<StgValue><ssdm name="sext_ln16"/></StgValue>
</operation>

<operation id="187" st_id="12" stage="1" lat="1">
<core>NULL</core>
<MemPortIdVec></MemPortIdVec>
<condition id="-1">
<or_exp><and_exp><literal name="icmp_ln15" val="0"/>
</and_exp></or_exp>
</condition>

<Node id="169" bw="4" op_0_bw="8" op_1_bw="64" op_2_bw="64">
<![CDATA[
:4  %window_addr_6 = getelementptr [9 x i8]* %window, i64 0, i64 %sext_ln16

]]></Node>
<StgValue><ssdm name="window_addr_6"/></StgValue>
</operation>

<operation id="188" st_id="12" stage="1" lat="1">
<core>NULL</core>
<MemPortIdVec></MemPortIdVec>
<condition id="-1">
<or_exp><and_exp><literal name="icmp_ln15" val="0"/>
</and_exp></or_exp>
</condition>

<Node id="170" bw="4" op_0_bw="8" op_1_bw="64" op_2_bw="64">
<![CDATA[
:5  %kernel_addr_1 = getelementptr [9 x i8]* %kernel, i64 0, i64 %sext_ln16

]]></Node>
<StgValue><ssdm name="kernel_addr_1"/></StgValue>
</operation>

<operation id="189" st_id="12" stage="2" lat="2">
<core>RAM</core>
<MemPortIdVec></MemPortIdVec>
<condition id="-1">
<or_exp><and_exp><literal name="icmp_ln15" val="0"/>
</and_exp></or_exp>
</condition>

<Node id="171" bw="8" op_0_bw="4">
<![CDATA[
:6  %window_load_2 = load i8* %window_addr_6, align 1

]]></Node>
<StgValue><ssdm name="window_load_2"/></StgValue>
</operation>

<operation id="190" st_id="12" stage="2" lat="2">
<core>RAM</core>
<MemPortIdVec></MemPortIdVec>
<condition id="-1">
<or_exp><and_exp><literal name="icmp_ln15" val="0"/>
</and_exp></or_exp>
</condition>

<Node id="173" bw="8" op_0_bw="4">
<![CDATA[
:8  %kernel_load = load i8* %kernel_addr_1, align 1

]]></Node>
<StgValue><ssdm name="kernel_load"/></StgValue>
</operation>

<operation id="191" st_id="12" stage="1" lat="1">
<core>NULL</core>
<MemPortIdVec></MemPortIdVec>
<condition id="-1">
<or_exp><and_exp><literal name="icmp_ln15" val="1"/>
</and_exp></or_exp>
</condition>

<Node id="180" bw="32" op_0_bw="32" op_1_bw="0" op_2_bw="32">
<![CDATA[
row_loop_end:0  %empty_11 = call i32 (...)* @_ssdm_op_SpecRegionEnd([9 x i8]* @p_str, i32 %tmp_i) nounwind

]]></Node>
<StgValue><ssdm name="empty_11"/></StgValue>
</operation>

<operation id="192" st_id="12" stage="1" lat="1">
<core>NULL</core>
<MemPortIdVec></MemPortIdVec>
<condition id="-1">
<or_exp><and_exp><literal name="icmp_ln15" val="1"/>
</and_exp></or_exp>
</condition>

<Node id="181" bw="0" op_0_bw="0">
<![CDATA[
row_loop_end:1  br label %.preheader12

]]></Node>
<StgValue><ssdm name="br_ln14"/></StgValue>
</operation>
</state>

<state id="13" st_id="13">

<operation id="193" st_id="13" stage="1" lat="1">
<core>NULL</core>
<MemPortIdVec></MemPortIdVec>
<condition id="-1">
<or_exp><and_exp></and_exp></or_exp>
</condition>

<Node id="165" bw="0" op_0_bw="0" op_1_bw="0">
<![CDATA[
:0  call void (...)* @_ssdm_op_SpecLoopName([9 x i8]* @p_str1) nounwind

]]></Node>
<StgValue><ssdm name="specloopname_ln15"/></StgValue>
</operation>

<operation id="194" st_id="13" stage="1" lat="2">
<core>RAM</core>
<MemPortIdVec></MemPortIdVec>
<condition id="-1">
<or_exp><and_exp></and_exp></or_exp>
</condition>

<Node id="171" bw="8" op_0_bw="4">
<![CDATA[
:6  %window_load_2 = load i8* %window_addr_6, align 1

]]></Node>
<StgValue><ssdm name="window_load_2"/></StgValue>
</operation>

<operation id="195" st_id="13" stage="1" lat="1">
<core>NULL</core>
<MemPortIdVec></MemPortIdVec>
<condition id="-1">
<or_exp><and_exp></and_exp></or_exp>
</condition>

<Node id="172" bw="16" op_0_bw="8">
<![CDATA[
:7  %zext_ln16_2 = zext i8 %window_load_2 to i16

]]></Node>
<StgValue><ssdm name="zext_ln16_2"/></StgValue>
</operation>

<operation id="196" st_id="13" stage="1" lat="2">
<core>RAM</core>
<MemPortIdVec></MemPortIdVec>
<condition id="-1">
<or_exp><and_exp></and_exp></or_exp>
</condition>

<Node id="173" bw="8" op_0_bw="4">
<![CDATA[
:8  %kernel_load = load i8* %kernel_addr_1, align 1

]]></Node>
<StgValue><ssdm name="kernel_load"/></StgValue>
</operation>

<operation id="197" st_id="13" stage="1" lat="1">
<core>NULL</core>
<MemPortIdVec></MemPortIdVec>
<condition id="-1">
<or_exp><and_exp></and_exp></or_exp>
</condition>

<Node id="174" bw="16" op_0_bw="8">
<![CDATA[
:9  %zext_ln16_3 = zext i8 %kernel_load to i16

]]></Node>
<StgValue><ssdm name="zext_ln16_3"/></StgValue>
</operation>

<operation id="198" st_id="13" stage="1" lat="1">
<core>DSP48</core>
<MemPortIdVec></MemPortIdVec>
<condition id="-1">
<or_exp><and_exp></and_exp></or_exp>
</condition>

<Node id="175" bw="16" op_0_bw="16" op_1_bw="16">
<![CDATA[
:10  %mul_ln16 = mul i16 %zext_ln16_3, %zext_ln16_2

]]></Node>
<StgValue><ssdm name="mul_ln16"/></StgValue>
</operation>

<operation id="199" st_id="13" stage="1" lat="1">
<core>NULL</core>
<MemPortIdVec></MemPortIdVec>
<condition id="-1">
<or_exp><and_exp></and_exp></or_exp>
</condition>

<Node id="176" bw="32" op_0_bw="16">
<![CDATA[
:11  %zext_ln16_4 = zext i16 %mul_ln16 to i32

]]></Node>
<StgValue><ssdm name="zext_ln16_4"/></StgValue>
</operation>

<operation id="200" st_id="13" stage="1" lat="1">
<core>DSP48</core>
<MemPortIdVec></MemPortIdVec>
<condition id="-1">
<or_exp><and_exp></and_exp></or_exp>
</condition>

<Node id="177" bw="32" op_0_bw="32" op_1_bw="32">
<![CDATA[
:12  %result = add nsw i32 %result_1_i, %zext_ln16_4

]]></Node>
<StgValue><ssdm name="result"/></StgValue>
</operation>

<operation id="201" st_id="13" stage="1" lat="1">
<core>NULL</core>
<MemPortIdVec></MemPortIdVec>
<condition id="-1">
<or_exp><and_exp></and_exp></or_exp>
</condition>

<Node id="178" bw="0" op_0_bw="0">
<![CDATA[
:13  br label %9

]]></Node>
<StgValue><ssdm name="br_ln15"/></StgValue>
</operation>
</state>
</state_list>


<ports>
</ports>


<dataflows>
</dataflows>


</stg>
