<stg><name>find_max</name>


<trans_list>

<trans id="27" from="1" to="2">
<condition id="-1">
<or_exp><and_exp></and_exp></or_exp>
</condition>
</trans>

<trans id="28" from="2" to="3">
<condition id="-1">
<or_exp><and_exp></and_exp></or_exp>
</condition>
</trans>

<trans id="29" from="3" to="4">
<condition id="-1">
<or_exp><and_exp><literal name="icmp_ln6" val="0"/>
</and_exp></or_exp>
</condition>
</trans>

<trans id="31" from="4" to="5">
<condition id="-1">
<or_exp><and_exp></and_exp></or_exp>
</condition>
</trans>

<trans id="32" from="5" to="3">
<condition id="-1">
<or_exp><and_exp></and_exp></or_exp>
</condition>
</trans>
</trans_list>



<state_list>

<state id="1" st_id="1">

<operation id="6" st_id="1" stage="1" lat="1">
<core>NULL</core>
<MemPortIdVec></MemPortIdVec>
<condition id="-1">
<or_exp><and_exp></and_exp></or_exp>
</condition>

<Node id="3" bw="7" op_0_bw="32" op_1_bw="64" op_2_bw="64">
<![CDATA[
:1  %a_in_addr = getelementptr [128 x i32]* %a_in, i64 0, i64 0

]]></Node>
<StgValue><ssdm name="a_in_addr"/></StgValue>
</operation>

<operation id="7" st_id="1" stage="2" lat="2">
<core>RAM</core>
<MemPortIdVec>0 </MemPortIdVec>
<condition id="-1">
<or_exp><and_exp></and_exp></or_exp>
</condition>

<Node id="6" bw="32" op_0_bw="7">
<![CDATA[
:4  %max = load i32* %a_in_addr, align 4

]]></Node>
<StgValue><ssdm name="max"/></StgValue>
</operation>
</state>

<state id="2" st_id="2">

<operation id="8" st_id="2" stage="1" lat="1">
<core>NULL</core>
<MemPortIdVec></MemPortIdVec>
<condition id="-1">
<or_exp><and_exp></and_exp></or_exp>
</condition>

<Node id="2" bw="0" op_0_bw="0" op_1_bw="32">
<![CDATA[
:0  call void (...)* @_ssdm_op_SpecBitsMap([128 x i32]* %a_in) nounwind, !map !7

]]></Node>
<StgValue><ssdm name="specbitsmap_ln0"/></StgValue>
</operation>

<operation id="9" st_id="2" stage="1" lat="1">
<core>NULL</core>
<MemPortIdVec></MemPortIdVec>
<condition id="-1">
<or_exp><and_exp></and_exp></or_exp>
</condition>

<Node id="4" bw="0" op_0_bw="0" op_1_bw="32">
<![CDATA[
:2  call void (...)* @_ssdm_op_SpecBitsMap(i32 0) nounwind, !map !13

]]></Node>
<StgValue><ssdm name="specbitsmap_ln0"/></StgValue>
</operation>

<operation id="10" st_id="2" stage="1" lat="1">
<core>NULL</core>
<MemPortIdVec></MemPortIdVec>
<condition id="-1">
<or_exp><and_exp></and_exp></or_exp>
</condition>

<Node id="5" bw="0" op_0_bw="0" op_1_bw="0">
<![CDATA[
:3  call void (...)* @_ssdm_op_SpecTopModule([9 x i8]* @find_max_str) nounwind

]]></Node>
<StgValue><ssdm name="spectopmodule_ln0"/></StgValue>
</operation>

<operation id="11" st_id="2" stage="1" lat="2">
<core>RAM</core>
<MemPortIdVec>0 </MemPortIdVec>
<condition id="-1">
<or_exp><and_exp></and_exp></or_exp>
</condition>

<Node id="6" bw="32" op_0_bw="7">
<![CDATA[
:4  %max = load i32* %a_in_addr, align 4

]]></Node>
<StgValue><ssdm name="max"/></StgValue>
</operation>

<operation id="12" st_id="2" stage="1" lat="1">
<core>NULL</core>
<MemPortIdVec></MemPortIdVec>
<condition id="-1">
<or_exp><and_exp></and_exp></or_exp>
</condition>

<Node id="7" bw="0" op_0_bw="0">
<![CDATA[
:5  br label %1

]]></Node>
<StgValue><ssdm name="br_ln6"/></StgValue>
</operation>
</state>

<state id="3" st_id="3">

<operation id="13" st_id="3" stage="1" lat="1">
<core>NULL</core>
<MemPortIdVec></MemPortIdVec>
<condition id="-1">
<or_exp><and_exp></and_exp></or_exp>
</condition>

<Node id="9" bw="32" op_0_bw="32" op_1_bw="0" op_2_bw="32" op_3_bw="0">
<![CDATA[
:0  %max_0 = phi i32 [ %max, %0 ], [ %select_ln7, %._crit_edge ]

]]></Node>
<StgValue><ssdm name="max_0"/></StgValue>
</operation>

<operation id="14" st_id="3" stage="1" lat="1">
<core>NULL</core>
<MemPortIdVec></MemPortIdVec>
<condition id="-1">
<or_exp><and_exp></and_exp></or_exp>
</condition>

<Node id="10" bw="8" op_0_bw="8" op_1_bw="0" op_2_bw="8" op_3_bw="0">
<![CDATA[
:1  %i_0 = phi i8 [ 0, %0 ], [ %i, %._crit_edge ]

]]></Node>
<StgValue><ssdm name="i_0"/></StgValue>
</operation>

<operation id="15" st_id="3" stage="1" lat="1">
<core>Cmp</core>
<MemPortIdVec></MemPortIdVec>
<condition id="-1">
<or_exp><and_exp></and_exp></or_exp>
</condition>

<Node id="11" bw="1" op_0_bw="8" op_1_bw="8">
<![CDATA[
:2  %icmp_ln6 = icmp eq i8 %i_0, -128

]]></Node>
<StgValue><ssdm name="icmp_ln6"/></StgValue>
</operation>

<operation id="16" st_id="3" stage="1" lat="1">
<core>NULL</core>
<MemPortIdVec></MemPortIdVec>
<condition id="-1">
<or_exp><and_exp></and_exp></or_exp>
</condition>

<Node id="12" bw="32" op_0_bw="32" op_1_bw="64" op_2_bw="64" op_3_bw="64">
<![CDATA[
:3  %empty = call i32 (...)* @_ssdm_op_SpecLoopTripCount(i64 128, i64 128, i64 128) nounwind

]]></Node>
<StgValue><ssdm name="empty"/></StgValue>
</operation>

<operation id="17" st_id="3" stage="1" lat="1">
<core>AddSub</core>
<MemPortIdVec></MemPortIdVec>
<condition id="-1">
<or_exp><and_exp></and_exp></or_exp>
</condition>

<Node id="13" bw="8" op_0_bw="8" op_1_bw="8">
<![CDATA[
:4  %i = add i8 %i_0, 1

]]></Node>
<StgValue><ssdm name="i"/></StgValue>
</operation>

<operation id="18" st_id="3" stage="1" lat="1">
<core>NULL</core>
<MemPortIdVec></MemPortIdVec>
<condition id="-1">
<or_exp><and_exp></and_exp></or_exp>
</condition>

<Node id="14" bw="0" op_0_bw="1" op_1_bw="0" op_2_bw="0">
<![CDATA[
:5  br i1 %icmp_ln6, label %2, label %._crit_edge

]]></Node>
<StgValue><ssdm name="br_ln6"/></StgValue>
</operation>

<operation id="19" st_id="3" stage="1" lat="1">
<core>NULL</core>
<MemPortIdVec></MemPortIdVec>
<condition id="-1">
<or_exp><and_exp><literal name="icmp_ln6" val="0"/>
</and_exp></or_exp>
</condition>

<Node id="16" bw="64" op_0_bw="8">
<![CDATA[
._crit_edge:0  %zext_ln7 = zext i8 %i_0 to i64

]]></Node>
<StgValue><ssdm name="zext_ln7"/></StgValue>
</operation>

<operation id="20" st_id="3" stage="1" lat="1">
<core>NULL</core>
<MemPortIdVec></MemPortIdVec>
<condition id="-1">
<or_exp><and_exp><literal name="icmp_ln6" val="0"/>
</and_exp></or_exp>
</condition>

<Node id="17" bw="7" op_0_bw="32" op_1_bw="64" op_2_bw="64">
<![CDATA[
._crit_edge:1  %a_in_addr_1 = getelementptr [128 x i32]* %a_in, i64 0, i64 %zext_ln7

]]></Node>
<StgValue><ssdm name="a_in_addr_1"/></StgValue>
</operation>

<operation id="21" st_id="3" stage="2" lat="2">
<core>RAM</core>
<MemPortIdVec>0 </MemPortIdVec>
<condition id="-1">
<or_exp><and_exp><literal name="icmp_ln6" val="0"/>
</and_exp></or_exp>
</condition>

<Node id="18" bw="32" op_0_bw="7">
<![CDATA[
._crit_edge:2  %max_1 = load i32* %a_in_addr_1, align 4

]]></Node>
<StgValue><ssdm name="max_1"/></StgValue>
</operation>

<operation id="22" st_id="3" stage="1" lat="1">
<core>NULL</core>
<MemPortIdVec></MemPortIdVec>
<condition id="-1">
<or_exp><and_exp><literal name="icmp_ln6" val="1"/>
</and_exp></or_exp>
</condition>

<Node id="23" bw="0" op_0_bw="32">
<![CDATA[
:0  ret i32 %max_0

]]></Node>
<StgValue><ssdm name="ret_ln10"/></StgValue>
</operation>
</state>

<state id="4" st_id="4">

<operation id="23" st_id="4" stage="1" lat="2">
<core>RAM</core>
<MemPortIdVec>0 </MemPortIdVec>
<condition id="-1">
<or_exp><and_exp></and_exp></or_exp>
</condition>

<Node id="18" bw="32" op_0_bw="7">
<![CDATA[
._crit_edge:2  %max_1 = load i32* %a_in_addr_1, align 4

]]></Node>
<StgValue><ssdm name="max_1"/></StgValue>
</operation>
</state>

<state id="5" st_id="5">

<operation id="24" st_id="5" stage="1" lat="1">
<core>Cmp</core>
<MemPortIdVec></MemPortIdVec>
<condition id="-1">
<or_exp><and_exp></and_exp></or_exp>
</condition>

<Node id="19" bw="1" op_0_bw="32" op_1_bw="32">
<![CDATA[
._crit_edge:3  %icmp_ln7 = icmp slt i32 %max_0, %max_1

]]></Node>
<StgValue><ssdm name="icmp_ln7"/></StgValue>
</operation>

<operation id="25" st_id="5" stage="1" lat="1">
<core>Sel</core>
<MemPortIdVec></MemPortIdVec>
<condition id="-1">
<or_exp><and_exp></and_exp></or_exp>
</condition>

<Node id="20" bw="32" op_0_bw="1" op_1_bw="32" op_2_bw="32">
<![CDATA[
._crit_edge:4  %select_ln7 = select i1 %icmp_ln7, i32 %max_1, i32 %max_0

]]></Node>
<StgValue><ssdm name="select_ln7"/></StgValue>
</operation>

<operation id="26" st_id="5" stage="1" lat="1">
<core>NULL</core>
<MemPortIdVec></MemPortIdVec>
<condition id="-1">
<or_exp><and_exp></and_exp></or_exp>
</condition>

<Node id="21" bw="0" op_0_bw="0">
<![CDATA[
._crit_edge:5  br label %1

]]></Node>
<StgValue><ssdm name="br_ln6"/></StgValue>
</operation>
</state>
</state_list>


<ports>
<port id="33" name="a_in" dir="0" iftype="1">
<core>RAM</core><StgValue><ssdm name="a_in"/><MemPortTyVec>1 3 </MemPortTyVec>
</StgValue>
</port>
</ports>


<dataflows>
<dataflow id="34" from="a_in" to="a_in_addr" fromId="33" toId="6">
</dataflow>
<dataflow id="36" from="StgValue_35" to="a_in_addr" fromId="35" toId="6">
</dataflow>
<dataflow id="37" from="StgValue_35" to="a_in_addr" fromId="35" toId="6">
</dataflow>
<dataflow id="38" from="a_in_addr" to="max" fromId="6" toId="7">
</dataflow>
<dataflow id="40" from="_ssdm_op_SpecBitsMap" to="specbitsmap_ln0" fromId="39" toId="8">
</dataflow>
<dataflow id="41" from="a_in" to="specbitsmap_ln0" fromId="33" toId="8">
</dataflow>
<dataflow id="42" from="_ssdm_op_SpecBitsMap" to="specbitsmap_ln0" fromId="39" toId="9">
</dataflow>
<dataflow id="44" from="StgValue_43" to="specbitsmap_ln0" fromId="43" toId="9">
</dataflow>
<dataflow id="46" from="_ssdm_op_SpecTopModule" to="spectopmodule_ln0" fromId="45" toId="10">
</dataflow>
<dataflow id="48" from="find_max_str" to="spectopmodule_ln0" fromId="47" toId="10">
</dataflow>
<dataflow id="49" from="a_in_addr" to="max" fromId="6" toId="11">
</dataflow>
<dataflow id="50" from="max" to="max_0" fromId="11" toId="13">
<condition id="-1">
<or_exp><and_exp></and_exp></or_exp>
</condition>
</dataflow>
<dataflow id="51" from="br_ln6" to="max_0" fromId="12" toId="13">
</dataflow>
<dataflow id="52" from="select_ln7" to="max_0" fromId="25" toId="13">
<BackEdge/>
<condition id="-1">
<or_exp><and_exp></and_exp></or_exp>
</condition>
</dataflow>
<dataflow id="53" from="br_ln6" to="max_0" fromId="26" toId="13">
<BackEdge/>
</dataflow>
<dataflow id="55" from="StgValue_54" to="i_0" fromId="54" toId="14">
<condition id="-1">
<or_exp><and_exp></and_exp></or_exp>
</condition>
</dataflow>
<dataflow id="56" from="br_ln6" to="i_0" fromId="12" toId="14">
</dataflow>
<dataflow id="57" from="i" to="i_0" fromId="17" toId="14">
<BackEdge/>
<condition id="-1">
<or_exp><and_exp></and_exp></or_exp>
</condition>
</dataflow>
<dataflow id="58" from="br_ln6" to="i_0" fromId="26" toId="14">
<BackEdge/>
</dataflow>
<dataflow id="59" from="i_0" to="icmp_ln6" fromId="14" toId="15">
</dataflow>
<dataflow id="61" from="StgValue_60" to="icmp_ln6" fromId="60" toId="15">
</dataflow>
<dataflow id="63" from="_ssdm_op_SpecLoopTripCount" to="empty" fromId="62" toId="16">
</dataflow>
<dataflow id="65" from="StgValue_64" to="empty" fromId="64" toId="16">
</dataflow>
<dataflow id="66" from="StgValue_64" to="empty" fromId="64" toId="16">
</dataflow>
<dataflow id="67" from="StgValue_64" to="empty" fromId="64" toId="16">
</dataflow>
<dataflow id="68" from="i_0" to="i" fromId="14" toId="17">
</dataflow>
<dataflow id="70" from="StgValue_69" to="i" fromId="69" toId="17">
</dataflow>
<dataflow id="71" from="icmp_ln6" to="br_ln6" fromId="15" toId="18">
</dataflow>
<dataflow id="72" from="i_0" to="zext_ln7" fromId="14" toId="19">
</dataflow>
<dataflow id="73" from="a_in" to="a_in_addr_1" fromId="33" toId="20">
</dataflow>
<dataflow id="74" from="StgValue_35" to="a_in_addr_1" fromId="35" toId="20">
</dataflow>
<dataflow id="75" from="zext_ln7" to="a_in_addr_1" fromId="19" toId="20">
</dataflow>
<dataflow id="76" from="a_in_addr_1" to="max_1" fromId="20" toId="21">
</dataflow>
<dataflow id="77" from="max_0" to="ret_ln10" fromId="13" toId="22">
</dataflow>
<dataflow id="78" from="a_in_addr_1" to="max_1" fromId="20" toId="23">
</dataflow>
<dataflow id="79" from="max_0" to="icmp_ln7" fromId="13" toId="24">
</dataflow>
<dataflow id="80" from="max_1" to="icmp_ln7" fromId="23" toId="24">
</dataflow>
<dataflow id="81" from="icmp_ln7" to="select_ln7" fromId="24" toId="25">
</dataflow>
<dataflow id="82" from="max_1" to="select_ln7" fromId="23" toId="25">
</dataflow>
<dataflow id="83" from="max_0" to="select_ln7" fromId="13" toId="25">
</dataflow>
<dataflow id="84" from="icmp_ln6" to="StgValue_3" fromId="15" toId="3">
</dataflow>
</dataflows>


</stg>
