<profile>

<section name = "Vivado HLS Report for 'find_max'" level="0">
<item name = "Date">Wed Sep 29 10:56:09 2021
</item>
<item name = "Version">2020.1 (Build 2897737 on Wed May 27 20:21:37 MDT 2020)</item>
<item name = "Project">lab2_1_prj</item>
<item name = "Solution">ex_sol7</item>
<item name = "Product family">artix7</item>
<item name = "Target device">xa7a12t-csg325-1Q</item>
</section>

<section name = "Performance Estimates" level="0">
<item name = "Timing">
<section name = "" level="1">
<item name = "Summary"><table name="" hasTotal="0">
<keys size="4">Clock, Target, Estimated, Uncertainty</keys>
<column name="clk">20.00 ns, 6.491 ns, 0.10 ns</column>
</table>
</item>
</section>
</item>
<item name = "Latency">
<section name = "" level="1">
<item name = "Summary"><table name="" hasTotal="0">
<keys size="8">, min, max, min, max, min, max, Type</keys>
<column name="">258, 258, 5.160 us, 5.160 us, 258, 258, none</column>
</table>
</item>
<item name = "Detail">
<section name = "" level="1">
<item name = "Instance"><table name="" hasTotal="0">
<keys size="9">Instance, Module, min, max, min, max, min, max, Type</keys>
</table>
</item>
<item name = "Loop"><table name="" hasTotal="0">
<keys size="8">Loop Name, min, max, Latency, achieved, target, Count, Pipelined</keys>
<column name="- Loop 1">256, 256, 2, -, -, 128, no</column>
</table>
</item>
</section>
</item>
</section>
</item>
</section>

<section name = "Utilization Estimates" level="0">
<item name = "Summary"><table name="" hasTotal="1">
<keys size="6">Name, BRAM_18K, DSP48E, FF, LUT, URAM</keys>
<column name="DSP">-, -, -, -, -</column>
<column name="Expression">-, -, 0, 78, -</column>
<column name="FIFO">-, -, -, -, -</column>
<column name="Instance">-, -, -, -, -</column>
<column name="Memory">-, -, -, -, -</column>
<column name="Multiplexer">-, -, -, 60, -</column>
<column name="Register">-, -, 52, -, -</column>
<specialColumn name="Available">40, 40, 16000, 8000, 0</specialColumn>
<specialColumn name="Utilization (%)">0, 0, ~0, 1, 0</specialColumn>
</table>
</item>
<item name = "Detail">
<section name = "" level="1">
<item name = "Instance"><table name="" hasTotal="1">
<keys size="7">Instance, Module, BRAM_18K, DSP48E, FF, LUT, URAM</keys>
</table>
</item>
<item name = "DSP48E"><table name="" hasTotal="0">
<keys size="3">Instance, Module, Expression</keys>
</table>
</item>
<item name = "Memory"><table name="" hasTotal="1">
<keys size="10">Memory, Module, BRAM_18K, FF, LUT, URAM, Words, Bits, Banks, W*Bits*Banks</keys>
</table>
</item>
<item name = "FIFO"><table name="" hasTotal="1">
<keys size="8">Name, BRAM_18K, FF, LUT, URAM, Depth, Bits, Size:D*B</keys>
</table>
</item>
<item name = "Expression"><table name="" hasTotal="1">
<keys size="7">Variable Name, Operation, DSP48E, FF, LUT, Bitwidth P0, Bitwidth P1</keys>
<column name="i_fu_71_p2">+, 0, 0, 15, 8, 1</column>
<column name="icmp_ln6_fu_65_p2">icmp, 0, 0, 13, 8, 9</column>
<column name="icmp_ln7_fu_82_p2">icmp, 0, 0, 18, 32, 32</column>
<column name="select_ln7_fu_88_p3">select, 0, 0, 32, 1, 32</column>
</table>
</item>
<item name = "Multiplexer"><table name="" hasTotal="1">
<keys size="5">Name, LUT, Input Size, Bits, Total Bits</keys>
<column name="a_in_address0">15, 3, 7, 21</column>
<column name="ap_NS_fsm">27, 5, 1, 5</column>
<column name="i_0_reg_54">9, 2, 8, 16</column>
<column name="max_0_reg_44">9, 2, 32, 64</column>
</table>
</item>
<item name = "Register"><table name="" hasTotal="1">
<keys size="5">Name, FF, LUT, Bits, Const Bits</keys>
<column name="ap_CS_fsm">4, 0, 4, 0</column>
<column name="i_0_reg_54">8, 0, 8, 0</column>
<column name="i_reg_109">8, 0, 8, 0</column>
<column name="max_0_reg_44">32, 0, 32, 0</column>
</table>
</item>
</section>
</item>
</section>

<section name = "Interface" level="0">
<item name = "Summary"><table name="" hasTotal="0">
<keys size="6">RTL Ports, Dir, Bits, Protocol, Source Object, C Type</keys>
<column name="ap_clk">in, 1, ap_ctrl_hs, find_max, return value</column>
<column name="ap_rst">in, 1, ap_ctrl_hs, find_max, return value</column>
<column name="ap_start">in, 1, ap_ctrl_hs, find_max, return value</column>
<column name="ap_done">out, 1, ap_ctrl_hs, find_max, return value</column>
<column name="ap_idle">out, 1, ap_ctrl_hs, find_max, return value</column>
<column name="ap_ready">out, 1, ap_ctrl_hs, find_max, return value</column>
<column name="ap_return">out, 32, ap_ctrl_hs, find_max, return value</column>
<column name="a_in_address0">out, 7, ap_memory, a_in, array</column>
<column name="a_in_ce0">out, 1, ap_memory, a_in, array</column>
<column name="a_in_q0">in, 32, ap_memory, a_in, array</column>
</table>
</item>
</section>
</profile>
