<annotationInfo>
<item  id="11" filename="./source/lab2_1.c" linenumber="6" name="icmp_ln6" contextFuncName="find_max" moduleName="find_max" rtlName="icmp_ln6_fu_65_p2" latency="0" BRAM="-1" DSP="-1" FF="0" LUT="13" fileDirectory="/home/sokrat/project/learn/Hybridsystem/homework/hw2/lab2_z1"&gt;&lt;\/item&gt;
<item  id="13" filename="./source/lab2_1.c" linenumber="6" name="i" contextFuncName="find_max" moduleName="find_max" rtlName="i_fu_71_p2" latency="0" BRAM="-1" DSP="-1" FF="0" LUT="15" fileDirectory="/home/sokrat/project/learn/Hybridsystem/homework/hw2/lab2_z1"&gt;&lt;\/item&gt;
<item  id="16" filename="./source/lab2_1.c" linenumber="7" name="zext_ln7" contextFuncName="find_max" moduleName="find_max" rtlName="zext_ln7_fu_77_p1" latency="0" BRAM="-1" DSP="-1" FF="-1" LUT="-1" fileDirectory="/home/sokrat/project/learn/Hybridsystem/homework/hw2/lab2_z1"&gt;&lt;\/item&gt;
<item  id="19" filename="./source/lab2_1.c" linenumber="7" name="icmp_ln7" contextFuncName="find_max" moduleName="find_max" rtlName="icmp_ln7_fu_82_p2" latency="0" BRAM="-1" DSP="-1" FF="0" LUT="18" fileDirectory="/home/sokrat/project/learn/Hybridsystem/homework/hw2/lab2_z1"&gt;&lt;\/item&gt;
<item  id="20" filename="./source/lab2_1.c" linenumber="7" name="select_ln7" contextFuncName="find_max" moduleName="find_max" rtlName="select_ln7_fu_87_p3" latency="0" BRAM="-1" DSP="-1" FF="0" LUT="32" fileDirectory="/home/sokrat/project/learn/Hybridsystem/homework/hw2/lab2_z1"&gt;&lt;\/item&gt;
<item  id="11" filename="./source/lab2_1.c" linenumber="6" name="icmp_ln6" contextFuncName="find_max" moduleName="find_max" rtlName="icmp_ln6_fu_65_p2" latency="0" BRAM="-1" DSP="-1" FF="0" LUT="13" fileDirectory="/home/sokrat/project/learn/Hybridsystem/homework/hw2/lab2_z1"&gt;&lt;\/item&gt;
<item  id="13" filename="./source/lab2_1.c" linenumber="6" name="i" contextFuncName="find_max" moduleName="find_max" rtlName="i_fu_71_p2" latency="0" BRAM="-1" DSP="-1" FF="0" LUT="15" fileDirectory="/home/sokrat/project/learn/Hybridsystem/homework/hw2/lab2_z1"&gt;&lt;\/item&gt;
<item  id="16" filename="./source/lab2_1.c" linenumber="7" name="zext_ln7" contextFuncName="find_max" moduleName="find_max" rtlName="zext_ln7_fu_77_p1" latency="0" BRAM="-1" DSP="-1" FF="-1" LUT="-1" fileDirectory="/home/sokrat/project/learn/Hybridsystem/homework/hw2/lab2_z1"&gt;&lt;\/item&gt;
<item  id="19" filename="./source/lab2_1.c" linenumber="7" name="icmp_ln7" contextFuncName="find_max" moduleName="find_max" rtlName="icmp_ln7_fu_82_p2" latency="0" BRAM="-1" DSP="-1" FF="0" LUT="18" fileDirectory="/home/sokrat/project/learn/Hybridsystem/homework/hw2/lab2_z1"&gt;&lt;\/item&gt;
<item  id="20" filename="./source/lab2_1.c" linenumber="7" name="select_ln7" contextFuncName="find_max" moduleName="find_max" rtlName="select_ln7_fu_88_p3" latency="0" BRAM="-1" DSP="-1" FF="0" LUT="32" fileDirectory="/home/sokrat/project/learn/Hybridsystem/homework/hw2/lab2_z1"&gt;&lt;\/item&gt;
<item  id="11" filename="./source/lab2_1.c" linenumber="6" name="icmp_ln6" contextFuncName="find_max" moduleName="find_max" rtlName="icmp_ln6_fu_65_p2" latency="0" BRAM="-1" DSP="-1" FF="0" LUT="13" fileDirectory="/home/sokrat/project/learn/Hybridsystem/homework/hw2/lab2_z1"&gt;&lt;\/item&gt;
<item  id="13" filename="./source/lab2_1.c" linenumber="6" name="i" contextFuncName="find_max" moduleName="find_max" rtlName="i_fu_71_p2" latency="0" BRAM="-1" DSP="-1" FF="0" LUT="15" fileDirectory="/home/sokrat/project/learn/Hybridsystem/homework/hw2/lab2_z1"&gt;&lt;\/item&gt;
<item  id="16" filename="./source/lab2_1.c" linenumber="7" name="zext_ln7" contextFuncName="find_max" moduleName="find_max" rtlName="zext_ln7_fu_77_p1" latency="0" BRAM="-1" DSP="-1" FF="-1" LUT="-1" fileDirectory="/home/sokrat/project/learn/Hybridsystem/homework/hw2/lab2_z1"&gt;&lt;\/item&gt;
<item  id="19" filename="./source/lab2_1.c" linenumber="7" name="icmp_ln7" contextFuncName="find_max" moduleName="find_max" rtlName="icmp_ln7_fu_82_p2" latency="0" BRAM="-1" DSP="-1" FF="0" LUT="18" fileDirectory="/home/sokrat/project/learn/Hybridsystem/homework/hw2/lab2_z1"&gt;&lt;\/item&gt;
<item  id="20" filename="./source/lab2_1.c" linenumber="7" name="select_ln7" contextFuncName="find_max" moduleName="find_max" rtlName="select_ln7_fu_88_p3" latency="0" BRAM="-1" DSP="-1" FF="0" LUT="32" fileDirectory="/home/sokrat/project/learn/Hybridsystem/homework/hw2/lab2_z1"&gt;&lt;\/item&gt;
<item  id="11" filename="./source/lab2_1.c" linenumber="6" name="icmp_ln6" contextFuncName="find_max" moduleName="find_max" rtlName="icmp_ln6_fu_65_p2" latency="0" BRAM="-1" DSP="-1" FF="0" LUT="13" fileDirectory="/home/sokrat/project/learn/Hybridsystem/homework/hw2/lab2_z1"&gt;&lt;\/item&gt;
<item  id="13" filename="./source/lab2_1.c" linenumber="6" name="i" contextFuncName="find_max" moduleName="find_max" rtlName="i_fu_71_p2" latency="0" BRAM="-1" DSP="-1" FF="0" LUT="15" fileDirectory="/home/sokrat/project/learn/Hybridsystem/homework/hw2/lab2_z1"&gt;&lt;\/item&gt;
<item  id="16" filename="./source/lab2_1.c" linenumber="7" name="zext_ln7" contextFuncName="find_max" moduleName="find_max" rtlName="zext_ln7_fu_77_p1" latency="0" BRAM="-1" DSP="-1" FF="-1" LUT="-1" fileDirectory="/home/sokrat/project/learn/Hybridsystem/homework/hw2/lab2_z1"&gt;&lt;\/item&gt;
<item  id="19" filename="./source/lab2_1.c" linenumber="7" name="icmp_ln7" contextFuncName="find_max" moduleName="find_max" rtlName="icmp_ln7_fu_82_p2" latency="0" BRAM="-1" DSP="-1" FF="0" LUT="18" fileDirectory="/home/sokrat/project/learn/Hybridsystem/homework/hw2/lab2_z1"&gt;&lt;\/item&gt;
<item  id="20" filename="./source/lab2_1.c" linenumber="7" name="select_ln7" contextFuncName="find_max" moduleName="find_max" rtlName="select_ln7_fu_88_p3" latency="0" BRAM="-1" DSP="-1" FF="0" LUT="32" fileDirectory="/home/sokrat/project/learn/Hybridsystem/homework/hw2/lab2_z1"&gt;&lt;\/item&gt;
<item  id="11" filename="./source/lab2_1.c" linenumber="6" name="icmp_ln6" contextFuncName="find_max" moduleName="find_max" rtlName="icmp_ln6_fu_65_p2" latency="0" BRAM="-1" DSP="-1" FF="0" LUT="13" fileDirectory="/home/sokrat/project/learn/Hybridsystem/homework/hw2/lab2_z1"&gt;&lt;\/item&gt;
<item  id="13" filename="./source/lab2_1.c" linenumber="6" name="i" contextFuncName="find_max" moduleName="find_max" rtlName="i_fu_71_p2" latency="0" BRAM="-1" DSP="-1" FF="0" LUT="15" fileDirectory="/home/sokrat/project/learn/Hybridsystem/homework/hw2/lab2_z1"&gt;&lt;\/item&gt;
<item  id="16" filename="./source/lab2_1.c" linenumber="7" name="zext_ln7" contextFuncName="find_max" moduleName="find_max" rtlName="zext_ln7_fu_77_p1" latency="0" BRAM="-1" DSP="-1" FF="-1" LUT="-1" fileDirectory="/home/sokrat/project/learn/Hybridsystem/homework/hw2/lab2_z1"&gt;&lt;\/item&gt;
<item  id="19" filename="./source/lab2_1.c" linenumber="7" name="icmp_ln7" contextFuncName="find_max" moduleName="find_max" rtlName="icmp_ln7_fu_82_p2" latency="0" BRAM="-1" DSP="-1" FF="0" LUT="18" fileDirectory="/home/sokrat/project/learn/Hybridsystem/homework/hw2/lab2_z1"&gt;&lt;\/item&gt;
<item  id="20" filename="./source/lab2_1.c" linenumber="7" name="select_ln7" contextFuncName="find_max" moduleName="find_max" rtlName="select_ln7_fu_88_p3" latency="0" BRAM="-1" DSP="-1" FF="0" LUT="32" fileDirectory="/home/sokrat/project/learn/Hybridsystem/homework/hw2/lab2_z1"&gt;&lt;\/item&gt;
<item  id="11" filename="./source/lab2_1.c" linenumber="6" name="icmp_ln6" contextFuncName="find_max" moduleName="find_max" rtlName="icmp_ln6_fu_65_p2" latency="0" BRAM="-1" DSP="-1" FF="0" LUT="13" fileDirectory="/home/sokrat/project/learn/Hybridsystem/homework/hw2/lab2_z1"&gt;&lt;\/item&gt;
<item  id="13" filename="./source/lab2_1.c" linenumber="6" name="i" contextFuncName="find_max" moduleName="find_max" rtlName="i_fu_71_p2" latency="0" BRAM="-1" DSP="-1" FF="0" LUT="15" fileDirectory="/home/sokrat/project/learn/Hybridsystem/homework/hw2/lab2_z1"&gt;&lt;\/item&gt;
<item  id="16" filename="./source/lab2_1.c" linenumber="7" name="zext_ln7" contextFuncName="find_max" moduleName="find_max" rtlName="zext_ln7_fu_77_p1" latency="0" BRAM="-1" DSP="-1" FF="-1" LUT="-1" fileDirectory="/home/sokrat/project/learn/Hybridsystem/homework/hw2/lab2_z1"&gt;&lt;\/item&gt;
<item  id="19" filename="./source/lab2_1.c" linenumber="7" name="icmp_ln7" contextFuncName="find_max" moduleName="find_max" rtlName="icmp_ln7_fu_82_p2" latency="0" BRAM="-1" DSP="-1" FF="0" LUT="18" fileDirectory="/home/sokrat/project/learn/Hybridsystem/homework/hw2/lab2_z1"&gt;&lt;\/item&gt;
<item  id="20" filename="./source/lab2_1.c" linenumber="7" name="select_ln7" contextFuncName="find_max" moduleName="find_max" rtlName="select_ln7_fu_88_p3" latency="0" BRAM="-1" DSP="-1" FF="0" LUT="32" fileDirectory="/home/sokrat/project/learn/Hybridsystem/homework/hw2/lab2_z1"&gt;&lt;\/item&gt;
<item  id="11" filename="./source/lab2_1.c" linenumber="6" name="icmp_ln6" contextFuncName="find_max" moduleName="find_max" rtlName="icmp_ln6_fu_65_p2" latency="0" BRAM="-1" DSP="-1" FF="0" LUT="13" fileDirectory="/home/sokrat/project/learn/Hybridsystem/homework/hw2/lab2_z1"&gt;&lt;\/item&gt;
<item  id="13" filename="./source/lab2_1.c" linenumber="6" name="i" contextFuncName="find_max" moduleName="find_max" rtlName="i_fu_71_p2" latency="0" BRAM="-1" DSP="-1" FF="0" LUT="15" fileDirectory="/home/sokrat/project/learn/Hybridsystem/homework/hw2/lab2_z1"&gt;&lt;\/item&gt;
<item  id="16" filename="./source/lab2_1.c" linenumber="7" name="zext_ln7" contextFuncName="find_max" moduleName="find_max" rtlName="zext_ln7_fu_77_p1" latency="0" BRAM="-1" DSP="-1" FF="-1" LUT="-1" fileDirectory="/home/sokrat/project/learn/Hybridsystem/homework/hw2/lab2_z1"&gt;&lt;\/item&gt;
<item  id="19" filename="./source/lab2_1.c" linenumber="7" name="icmp_ln7" contextFuncName="find_max" moduleName="find_max" rtlName="icmp_ln7_fu_82_p2" latency="0" BRAM="-1" DSP="-1" FF="0" LUT="18" fileDirectory="/home/sokrat/project/learn/Hybridsystem/homework/hw2/lab2_z1"&gt;&lt;\/item&gt;
<item  id="20" filename="./source/lab2_1.c" linenumber="7" name="select_ln7" contextFuncName="find_max" moduleName="find_max" rtlName="select_ln7_fu_88_p3" latency="0" BRAM="-1" DSP="-1" FF="0" LUT="32" fileDirectory="/home/sokrat/project/learn/Hybridsystem/homework/hw2/lab2_z1"&gt;&lt;\/item&gt;
<item  id="11" filename="./source/lab2_1.c" linenumber="6" name="icmp_ln6" contextFuncName="find_max" moduleName="find_max" rtlName="icmp_ln6_fu_65_p2" latency="0" BRAM="-1" DSP="-1" FF="0" LUT="13" fileDirectory="/home/sokrat/project/learn/Hybridsystem/homework/hw2/lab2_z1"><\/item>
<item  id="13" filename="./source/lab2_1.c" linenumber="6" name="i" contextFuncName="find_max" moduleName="find_max" rtlName="i_fu_71_p2" latency="0" BRAM="-1" DSP="-1" FF="0" LUT="15" fileDirectory="/home/sokrat/project/learn/Hybridsystem/homework/hw2/lab2_z1"><\/item>
<item  id="16" filename="./source/lab2_1.c" linenumber="7" name="zext_ln7" contextFuncName="find_max" moduleName="find_max" rtlName="zext_ln7_fu_77_p1" latency="0" BRAM="-1" DSP="-1" FF="-1" LUT="-1" fileDirectory="/home/sokrat/project/learn/Hybridsystem/homework/hw2/lab2_z1"><\/item>
<item  id="19" filename="./source/lab2_1.c" linenumber="7" name="icmp_ln7" contextFuncName="find_max" moduleName="find_max" rtlName="icmp_ln7_fu_82_p2" latency="0" BRAM="-1" DSP="-1" FF="0" LUT="18" fileDirectory="/home/sokrat/project/learn/Hybridsystem/homework/hw2/lab2_z1"><\/item>
<item  id="20" filename="./source/lab2_1.c" linenumber="7" name="select_ln7" contextFuncName="find_max" moduleName="find_max" rtlName="select_ln7_fu_88_p3" latency="0" BRAM="-1" DSP="-1" FF="0" LUT="32" fileDirectory="/home/sokrat/project/learn/Hybridsystem/homework/hw2/lab2_z1"><\/item>
</annotationInfo>
