{
  "Top": "foo_m",
  "RtlTop": "foo_m",
  "RtlPrefix": "",
  "SourceLanguage": "c",
  "ResetStyle": "control",
  "GenerateBdFiles": "0",
  "HostMachineBits": "64",
  "Target": {
    "Family": "aartix7",
    "Device": "xa7a12t",
    "Package": "-csg325",
    "Speed": "-1Q"
  },
  "HlsSolution": {
    "Config": [
      "config_dataflow -default_channel=pingpong",
      "config_dataflow -fifo_depth=2",
      "config_dataflow -scalar_fifo_depth=2",
      "config_dataflow -start_fifo_depth=2",
      "config_dataflow -strict_mode=warning"
    ],
    "DirectiveTcl": [
      "set_directive_pipeline foo_m\/Loop1 ",
      "set_directive_pipeline foo_m\/Loop2 ",
      "set_directive_pipeline foo_m\/Loop3 ",
      "set_directive_dataflow foo_m "
    ],
    "DirectiveInfo": [
      "pipeline foo_m\/Loop1 {} {}",
      "pipeline foo_m\/Loop2 {} {}",
      "pipeline foo_m\/Loop3 {} {}",
      "dataflow foo_m {} {}"
    ]
  },
  "Args": {
    "data_in": {
      "index": "0",
      "type": {
        "kinds": ["array"],
        "dataType": "int",
        "dataWidth": "32",
        "arraySizes": ["16384"],
        "multiInterfaceRef": [
          "data_in_address0",
          "data_in_address1",
          "data_in_d0",
          "data_in_d1",
          "data_in_q0",
          "data_in_q1"
        ]
      }
    },
    "scale": {
      "index": "1",
      "type": {
        "kinds": ["array"],
        "dataType": "int",
        "dataWidth": "32",
        "arraySizes": ["3"],
        "multiInterfaceRef": [
          "scale_address0",
          "scale_address1",
          "scale_d0",
          "scale_d1",
          "scale_q0",
          "scale_q1"
        ]
      }
    },
    "data_out": {
      "index": "2",
      "type": {
        "kinds": ["array"],
        "dataType": "int",
        "dataWidth": "32",
        "arraySizes": ["16384"],
        "multiInterfaceRef": [
          "data_out_address0",
          "data_out_address1",
          "data_out_d0",
          "data_out_d1",
          "data_out_q0",
          "data_out_q1"
        ]
      }
    }
  },
  "Return": {
    
  },
  "ClockInfo": {
    "ClockName": "ap_clk",
    "ClockPeriod": "10",
    "IsCombLogic": "0",
    "II": "x",
    "Latency": "49167",
    "Uncertainty": "0.1"
  },
  "Xdc": {"OocClocks": ["create_clock -name ap_clk -period 10.000 [get_ports ap_clk]"]},
  "Ipx": {
    "Vendor": "xilinx.com",
    "Library": "hls",
    "Name": "foo_m",
    "Version": "1.0",
    "DisplayName": "Foo_m",
    "Revision": "",
    "Description": "An IP generated by Vivado HLS",
    "Taxonomy": "\/VIVADO_HLS_IP",
    "AutoFamilySupport": ""
  },
  "Files": {
    "CSource": ["..\/..\/source\/lab4_z4.c"],
    "Vhdl": [
      "impl\/vhdl\/Block_codeRepl8_proc.vhd",
      "impl\/vhdl\/fifo_w32_d2_A.vhd",
      "impl\/vhdl\/fifo_w32_d3_A.vhd",
      "impl\/vhdl\/foo_m_temp1.vhd",
      "impl\/vhdl\/foo_m_temp1_memcore.vhd",
      "impl\/vhdl\/Loop_Loop1_proc.vhd",
      "impl\/vhdl\/Loop_Loop2_proc.vhd",
      "impl\/vhdl\/Loop_Loop3_proc.vhd",
      "impl\/vhdl\/foo_m.vhd"
    ],
    "Verilog": [
      "impl\/verilog\/Block_codeRepl8_proc.v",
      "impl\/verilog\/fifo_w32_d2_A.v",
      "impl\/verilog\/fifo_w32_d3_A.v",
      "impl\/verilog\/foo_m_temp1.v",
      "impl\/verilog\/foo_m_temp1_memcore.v",
      "impl\/verilog\/Loop_Loop1_proc.v",
      "impl\/verilog\/Loop_Loop2_proc.v",
      "impl\/verilog\/Loop_Loop3_proc.v",
      "impl\/verilog\/foo_m.v"
    ],
    "Misc": ["impl\/misc\/logo.png"],
    "DesignXml": "\/home\/sokrat\/project\/learn\/Hybridsystem\/homework\/hw4+\/lab4_z4\/lab4_z4m_prj\/sol1\/.autopilot\/db\/foo_m.design.xml",
    "DebugDir": "\/home\/sokrat\/project\/learn\/Hybridsystem\/homework\/hw4+\/lab4_z4\/lab4_z4m_prj\/sol1\/.debug",
    "ProtoInst": ["\/home\/sokrat\/project\/learn\/Hybridsystem\/homework\/hw4+\/lab4_z4\/lab4_z4m_prj\/sol1\/.debug\/foo_m.protoinst"]
  },
  "SubcoreInfo": {
    "HasXpmMemory": false,
    "HasClockedDsp": false,
    "IP": []
  },
  "Interfaces": {
    "ap_clk": {
      "type": "clock",
      "ctype": {"CLK": {"Type": "bool"}},
      "bundle_name": "ap_clk",
      "bundle_role": "default",
      "reset": "ap_rst"
    },
    "ap_ctrl": {
      "type": "ap_ctrl",
      "ctrl_ports": "ap_start ap_done ap_ready ap_idle",
      "ctype": {
        "start": {"Type": "bool"},
        "done": {"Type": "bool"},
        "ready": {"Type": "bool"},
        "idle": {"Type": "bool"}
      }
    },
    "ap_rst": {
      "type": "reset",
      "polarity": "ACTIVE_HIGH",
      "ctype": {"RST": {"Type": "bool"}},
      "bundle_name": "ap_rst",
      "bundle_role": "default"
    },
    "data_in_address0": {
      "type": "data",
      "dir": "out",
      "width": "14",
      "ctype": {"DATA": {
          "Type": "null",
          "Width": "14"
        }},
      "bundle_name": "data_in",
      "bundle_role": "address0"
    },
    "data_in_address1": {
      "type": "data",
      "dir": "out",
      "width": "14",
      "ctype": {"DATA": {
          "Type": "null",
          "Width": "14"
        }},
      "bundle_name": "data_in",
      "bundle_role": "address1"
    },
    "data_in_d0": {
      "type": "data",
      "dir": "out",
      "width": "32",
      "ctype": {"DATA": {
          "Type": "integer signed",
          "Width": "32"
        }},
      "bundle_name": "data_in",
      "bundle_role": "d0"
    },
    "data_in_d1": {
      "type": "data",
      "dir": "out",
      "width": "32",
      "ctype": {"DATA": {
          "Type": "integer signed",
          "Width": "32"
        }},
      "bundle_name": "data_in",
      "bundle_role": "d1"
    },
    "data_in_q0": {
      "type": "data",
      "dir": "in",
      "width": "32",
      "ctype": {"DATA": {
          "Type": "integer signed",
          "Width": "32"
        }},
      "bundle_name": "data_in",
      "bundle_role": "q0"
    },
    "data_in_q1": {
      "type": "data",
      "dir": "in",
      "width": "32",
      "ctype": {"DATA": {
          "Type": "integer signed",
          "Width": "32"
        }},
      "bundle_name": "data_in",
      "bundle_role": "q1"
    },
    "data_out_address0": {
      "type": "data",
      "dir": "out",
      "width": "14",
      "ctype": {"DATA": {
          "Type": "null",
          "Width": "14"
        }},
      "bundle_name": "data_out",
      "bundle_role": "address0"
    },
    "data_out_address1": {
      "type": "data",
      "dir": "out",
      "width": "14",
      "ctype": {"DATA": {
          "Type": "null",
          "Width": "14"
        }},
      "bundle_name": "data_out",
      "bundle_role": "address1"
    },
    "data_out_d0": {
      "type": "data",
      "dir": "out",
      "width": "32",
      "ctype": {"DATA": {
          "Type": "integer signed",
          "Width": "32"
        }},
      "bundle_name": "data_out",
      "bundle_role": "d0"
    },
    "data_out_d1": {
      "type": "data",
      "dir": "out",
      "width": "32",
      "ctype": {"DATA": {
          "Type": "integer signed",
          "Width": "32"
        }},
      "bundle_name": "data_out",
      "bundle_role": "d1"
    },
    "data_out_q0": {
      "type": "data",
      "dir": "in",
      "width": "32",
      "ctype": {"DATA": {
          "Type": "integer signed",
          "Width": "32"
        }},
      "bundle_name": "data_out",
      "bundle_role": "q0"
    },
    "data_out_q1": {
      "type": "data",
      "dir": "in",
      "width": "32",
      "ctype": {"DATA": {
          "Type": "integer signed",
          "Width": "32"
        }},
      "bundle_name": "data_out",
      "bundle_role": "q1"
    },
    "scale_address0": {
      "type": "data",
      "dir": "out",
      "width": "2",
      "ctype": {"DATA": {
          "Type": "null",
          "Width": "2"
        }},
      "bundle_name": "scale",
      "bundle_role": "address0"
    },
    "scale_address1": {
      "type": "data",
      "dir": "out",
      "width": "2",
      "ctype": {"DATA": {
          "Type": "null",
          "Width": "2"
        }},
      "bundle_name": "scale",
      "bundle_role": "address1"
    },
    "scale_d0": {
      "type": "data",
      "dir": "out",
      "width": "32",
      "ctype": {"DATA": {
          "Type": "integer signed",
          "Width": "32"
        }},
      "bundle_name": "scale",
      "bundle_role": "d0"
    },
    "scale_d1": {
      "type": "data",
      "dir": "out",
      "width": "32",
      "ctype": {"DATA": {
          "Type": "integer signed",
          "Width": "32"
        }},
      "bundle_name": "scale",
      "bundle_role": "d1"
    },
    "scale_q0": {
      "type": "data",
      "dir": "in",
      "width": "32",
      "ctype": {"DATA": {
          "Type": "integer signed",
          "Width": "32"
        }},
      "bundle_name": "scale",
      "bundle_role": "q0"
    },
    "scale_q1": {
      "type": "data",
      "dir": "in",
      "width": "32",
      "ctype": {"DATA": {
          "Type": "integer signed",
          "Width": "32"
        }},
      "bundle_name": "scale",
      "bundle_role": "q1"
    }
  },
  "RtlPorts": {
    "ap_clk": {
      "dir": "in",
      "width": "1"
    },
    "ap_rst": {
      "dir": "in",
      "width": "1"
    },
    "ap_start": {
      "dir": "in",
      "width": "1"
    },
    "ap_done": {
      "dir": "out",
      "width": "1"
    },
    "ap_ready": {
      "dir": "out",
      "width": "1"
    },
    "ap_idle": {
      "dir": "out",
      "width": "1"
    },
    "data_in_address0": {
      "dir": "out",
      "width": "14"
    },
    "data_in_ce0": {
      "dir": "out",
      "width": "1"
    },
    "data_in_d0": {
      "dir": "out",
      "width": "32"
    },
    "data_in_q0": {
      "dir": "in",
      "width": "32"
    },
    "data_in_we0": {
      "dir": "out",
      "width": "1"
    },
    "data_in_address1": {
      "dir": "out",
      "width": "14"
    },
    "data_in_ce1": {
      "dir": "out",
      "width": "1"
    },
    "data_in_d1": {
      "dir": "out",
      "width": "32"
    },
    "data_in_q1": {
      "dir": "in",
      "width": "32"
    },
    "data_in_we1": {
      "dir": "out",
      "width": "1"
    },
    "scale_address0": {
      "dir": "out",
      "width": "2"
    },
    "scale_ce0": {
      "dir": "out",
      "width": "1"
    },
    "scale_d0": {
      "dir": "out",
      "width": "32"
    },
    "scale_q0": {
      "dir": "in",
      "width": "32"
    },
    "scale_we0": {
      "dir": "out",
      "width": "1"
    },
    "scale_address1": {
      "dir": "out",
      "width": "2"
    },
    "scale_ce1": {
      "dir": "out",
      "width": "1"
    },
    "scale_d1": {
      "dir": "out",
      "width": "32"
    },
    "scale_q1": {
      "dir": "in",
      "width": "32"
    },
    "scale_we1": {
      "dir": "out",
      "width": "1"
    },
    "data_out_address0": {
      "dir": "out",
      "width": "14"
    },
    "data_out_ce0": {
      "dir": "out",
      "width": "1"
    },
    "data_out_d0": {
      "dir": "out",
      "width": "32"
    },
    "data_out_q0": {
      "dir": "in",
      "width": "32"
    },
    "data_out_we0": {
      "dir": "out",
      "width": "1"
    },
    "data_out_address1": {
      "dir": "out",
      "width": "14"
    },
    "data_out_ce1": {
      "dir": "out",
      "width": "1"
    },
    "data_out_d1": {
      "dir": "out",
      "width": "32"
    },
    "data_out_q1": {
      "dir": "in",
      "width": "32"
    },
    "data_out_we1": {
      "dir": "out",
      "width": "1"
    }
  },
  "ModuleInfo": {
    "Hierarchy": {
      "ModuleName": "foo_m",
      "Instances": [
        {
          "ModuleName": "Loop_Loop1_proc",
          "InstanceName": "Loop_Loop1_proc_U0"
        },
        {
          "ModuleName": "Loop_Loop2_proc",
          "InstanceName": "Loop_Loop2_proc_U0"
        },
        {
          "ModuleName": "Loop_Loop3_proc",
          "InstanceName": "Loop_Loop3_proc_U0"
        },
        {
          "ModuleName": "Block_codeRepl8_proc",
          "InstanceName": "Block_codeRepl8_proc_U0"
        }
      ]
    },
    "Info": {
      "Block_codeRepl8_proc": {
        "FunctionProtocol": "ap_ctrl_hs",
        "isTaskLevelControl": "1",
        "isPipelined": "0",
        "isCombinational": "0",
        "isOneStateSeq": "0"
      },
      "Loop_Loop1_proc": {
        "FunctionProtocol": "ap_ctrl_hs",
        "isTaskLevelControl": "1",
        "isPipelined": "0",
        "isCombinational": "0",
        "isOneStateSeq": "0"
      },
      "Loop_Loop2_proc": {
        "FunctionProtocol": "ap_ctrl_hs",
        "isTaskLevelControl": "1",
        "isPipelined": "0",
        "isCombinational": "0",
        "isOneStateSeq": "0"
      },
      "Loop_Loop3_proc": {
        "FunctionProtocol": "ap_ctrl_hs",
        "isTaskLevelControl": "1",
        "isPipelined": "0",
        "isCombinational": "0",
        "isOneStateSeq": "0"
      },
      "foo_m": {
        "FunctionProtocol": "ap_ctrl_hs",
        "isTaskLevelControl": "1",
        "isPipelined": "1",
        "isCombinational": "0",
        "isOneStateSeq": "0"
      }
    },
    "Metrics": {
      "Block_codeRepl8_proc": {
        "Latency": {
          "LatencyBest": "2",
          "LatencyAvg": "2",
          "LatencyWorst": "2",
          "PipelineII": "2",
          "PipelineDepth": "",
          "PipelineType": "none"
        },
        "Timing": {
          "Target": "10.00",
          "Uncertainty": "0.10",
          "Estimate": "6.060"
        },
        "Area": {
          "FF": "36",
          "LUT": "56",
          "BRAM_18K": "0",
          "DSP48E": "0",
          "URAM": "0"
        }
      },
      "Loop_Loop1_proc": {
        "Latency": {
          "LatencyBest": "16388",
          "LatencyAvg": "16388",
          "LatencyWorst": "16388",
          "PipelineII": "16388",
          "PipelineDepth": "",
          "PipelineType": "none"
        },
        "Timing": {
          "Target": "10.00",
          "Uncertainty": "0.10",
          "Estimate": "8.470"
        },
        "Loops": [{
            "Name": "Loop1",
            "TripCount": "16384",
            "Latency": "16386",
            "PipelineII": "1",
            "PipelineDepth": "4"
          }],
        "Area": {
          "BRAM_18K": "0",
          "DSP48E": "6",
          "FF": "263",
          "LUT": "204",
          "URAM": "0"
        }
      },
      "Loop_Loop2_proc": {
        "Latency": {
          "LatencyBest": "16388",
          "LatencyAvg": "16388",
          "LatencyWorst": "16388",
          "PipelineII": "16388",
          "PipelineDepth": "",
          "PipelineType": "none"
        },
        "Timing": {
          "Target": "10.00",
          "Uncertainty": "0.10",
          "Estimate": "8.470"
        },
        "Loops": [{
            "Name": "Loop2",
            "TripCount": "16384",
            "Latency": "16386",
            "PipelineII": "1",
            "PipelineDepth": "4"
          }],
        "Area": {
          "BRAM_18K": "0",
          "DSP48E": "3",
          "FF": "263",
          "LUT": "192",
          "URAM": "0"
        }
      },
      "Loop_Loop3_proc": {
        "Latency": {
          "LatencyBest": "16386",
          "LatencyAvg": "16386",
          "LatencyWorst": "16386",
          "PipelineII": "16386",
          "PipelineDepth": "",
          "PipelineType": "none"
        },
        "Timing": {
          "Target": "10.00",
          "Uncertainty": "0.10",
          "Estimate": "9.216"
        },
        "Loops": [{
            "Name": "Loop3",
            "TripCount": "16384",
            "Latency": "16384",
            "PipelineII": "1",
            "PipelineDepth": "2"
          }],
        "Area": {
          "FF": "37",
          "LUT": "134",
          "BRAM_18K": "0",
          "DSP48E": "0",
          "URAM": "0"
        }
      },
      "foo_m": {
        "Latency": {
          "LatencyBest": "49167",
          "LatencyAvg": "49167",
          "LatencyWorst": "49167",
          "PipelineII": "16389",
          "PipelineDepth": "",
          "PipelineType": "dataflow"
        },
        "Timing": {
          "Target": "10.00",
          "Uncertainty": "0.10",
          "Estimate": "9.216"
        },
        "Area": {
          "BRAM_18K": "128",
          "DSP48E": "9",
          "FF": "626",
          "LUT": "868",
          "URAM": "0"
        }
      }
    }
  },
  "Sdx": {
    "Target": "none",
    "ProfileOption": "0",
    "ProfileType": "none",
    "XO": "",
    "KernelName": "foo_m",
    "EnableXoSwEmu": "1"
  },
  "GenData": {
    "DataVersion": "0.2",
    "Time": "2021-11-07 14:28:06 MSK",
    "ToolName": "vivado_hls",
    "ToolVersion": "2020.1"
  }
}
