{
  "Top": "array_io",
  "RtlTop": "array_io",
  "RtlPrefix": "",
  "SourceLanguage": "c",
  "ResetStyle": "control",
  "GenerateBdFiles": "0",
  "HostMachineBits": "64",
  "Target": {
    "Family": "aartix7",
    "Device": "xa7a12t",
    "Package": "-csg325",
    "Speed": "-1Q"
  },
  "HlsSolution": {
    "DirectiveTcl": [
      "set_directive_interface array_io ",
      "set_directive_unroll array_io\/For_Loop ",
      "set_directive_array_partition array_io ",
      "set_directive_array_partition array_io "
    ],
    "DirectiveInfo": [
      "interface array_io {{ap_fifo positionBoolean0mode} {port positionBooleanTextRequiredd_o}} {}",
      "unroll array_io\/For_Loop {} {}",
      "array_partition array_io {{partition positionBooleanCmd} {variable positionBooleanTextRequiredd_o} {complete positionBoolean0type} {dim 1}} {}",
      "array_partition array_io {{partition positionBooleanCmd} {variable positionBooleanTextRequiredd_i} {complete positionBoolean0type} {dim 1}} {}"
    ]
  },
  "Args": {
    "d_o": {
      "index": "0",
      "type": {
        "kinds": ["array"],
        "dataType": "short",
        "dataWidth": "16",
        "arraySizes": ["32"]
      }
    },
    "d_i": {
      "index": "1",
      "type": {
        "kinds": ["array"],
        "dataType": "short",
        "dataWidth": "16",
        "arraySizes": ["32"]
      }
    }
  },
  "Return": {
    
  },
  "ClockInfo": {
    "ClockName": "ap_clk",
    "ClockPeriod": "8",
    "IsCombLogic": "0",
    "II": "x",
    "Latency": "1",
    "Uncertainty": "1"
  },
  "Xdc": {"OocClocks": ["create_clock -name ap_clk -period 8.000 [get_ports ap_clk]"]},
  "Ipx": {
    "Vendor": "xilinx.com",
    "Library": "hls",
    "Name": "array_io",
    "Version": "1.0",
    "DisplayName": "Array_io",
    "Revision": "",
    "Description": "An IP generated by Vivado HLS",
    "Taxonomy": "\/VIVADO_HLS_IP",
    "AutoFamilySupport": ""
  },
  "Files": {
    "CSource": ["..\/..\/source\/array_io.c"],
    "Vhdl": ["impl\/vhdl\/array_io.vhd"],
    "Verilog": ["impl\/verilog\/array_io.v"],
    "Misc": ["impl\/misc\/logo.png"],
    "DesignXml": "C:\/Xilinx_trn\/HLS_Baraev\/lab5_optimizing_array_structures\/array_io_prj\/solution3\/.autopilot\/db\/array_io.design.xml",
    "DebugDir": "C:\/Xilinx_trn\/HLS_Baraev\/lab5_optimizing_array_structures\/array_io_prj\/solution3\/.debug",
    "ProtoInst": ["C:\/Xilinx_trn\/HLS_Baraev\/lab5_optimizing_array_structures\/array_io_prj\/solution3\/.debug\/array_io.protoinst"]
  },
  "SubcoreInfo": {
    "HasXpmMemory": false,
    "HasClockedDsp": false,
    "IP": []
  },
  "Interfaces": {
    "ap_clk": {
      "type": "clock",
      "ctype": {"CLK": {"Type": "bool"}},
      "bundle_name": "ap_clk",
      "bundle_role": "default",
      "reset": "ap_rst"
    },
    "ap_ctrl": {
      "type": "ap_ctrl",
      "ctrl_ports": "ap_start ap_done ap_idle ap_ready",
      "ctype": {
        "start": {"Type": "bool"},
        "done": {"Type": "bool"},
        "idle": {"Type": "bool"},
        "ready": {"Type": "bool"}
      }
    },
    "ap_rst": {
      "type": "reset",
      "polarity": "ACTIVE_HIGH",
      "ctype": {"RST": {"Type": "bool"}},
      "bundle_name": "ap_rst",
      "bundle_role": "default"
    },
    "d_i_0": {
      "type": "data",
      "dir": "in",
      "width": "16",
      "ctype": {"DATA": {
          "Type": "integer signed",
          "Width": "16"
        }},
      "bundle_name": "d_i_0",
      "bundle_role": "default"
    },
    "d_i_1": {
      "type": "data",
      "dir": "in",
      "width": "16",
      "ctype": {"DATA": {
          "Type": "integer signed",
          "Width": "16"
        }},
      "bundle_name": "d_i_1",
      "bundle_role": "default"
    },
    "d_i_2": {
      "type": "data",
      "dir": "in",
      "width": "16",
      "ctype": {"DATA": {
          "Type": "integer signed",
          "Width": "16"
        }},
      "bundle_name": "d_i_2",
      "bundle_role": "default"
    },
    "d_i_3": {
      "type": "data",
      "dir": "in",
      "width": "16",
      "ctype": {"DATA": {
          "Type": "integer signed",
          "Width": "16"
        }},
      "bundle_name": "d_i_3",
      "bundle_role": "default"
    },
    "d_i_4": {
      "type": "data",
      "dir": "in",
      "width": "16",
      "ctype": {"DATA": {
          "Type": "integer signed",
          "Width": "16"
        }},
      "bundle_name": "d_i_4",
      "bundle_role": "default"
    },
    "d_i_5": {
      "type": "data",
      "dir": "in",
      "width": "16",
      "ctype": {"DATA": {
          "Type": "integer signed",
          "Width": "16"
        }},
      "bundle_name": "d_i_5",
      "bundle_role": "default"
    },
    "d_i_6": {
      "type": "data",
      "dir": "in",
      "width": "16",
      "ctype": {"DATA": {
          "Type": "integer signed",
          "Width": "16"
        }},
      "bundle_name": "d_i_6",
      "bundle_role": "default"
    },
    "d_i_7": {
      "type": "data",
      "dir": "in",
      "width": "16",
      "ctype": {"DATA": {
          "Type": "integer signed",
          "Width": "16"
        }},
      "bundle_name": "d_i_7",
      "bundle_role": "default"
    },
    "d_i_8": {
      "type": "data",
      "dir": "in",
      "width": "16",
      "ctype": {"DATA": {
          "Type": "integer signed",
          "Width": "16"
        }},
      "bundle_name": "d_i_8",
      "bundle_role": "default"
    },
    "d_i_9": {
      "type": "data",
      "dir": "in",
      "width": "16",
      "ctype": {"DATA": {
          "Type": "integer signed",
          "Width": "16"
        }},
      "bundle_name": "d_i_9",
      "bundle_role": "default"
    },
    "d_i_10": {
      "type": "data",
      "dir": "in",
      "width": "16",
      "ctype": {"DATA": {
          "Type": "integer signed",
          "Width": "16"
        }},
      "bundle_name": "d_i_10",
      "bundle_role": "default"
    },
    "d_i_11": {
      "type": "data",
      "dir": "in",
      "width": "16",
      "ctype": {"DATA": {
          "Type": "integer signed",
          "Width": "16"
        }},
      "bundle_name": "d_i_11",
      "bundle_role": "default"
    },
    "d_i_12": {
      "type": "data",
      "dir": "in",
      "width": "16",
      "ctype": {"DATA": {
          "Type": "integer signed",
          "Width": "16"
        }},
      "bundle_name": "d_i_12",
      "bundle_role": "default"
    },
    "d_i_13": {
      "type": "data",
      "dir": "in",
      "width": "16",
      "ctype": {"DATA": {
          "Type": "integer signed",
          "Width": "16"
        }},
      "bundle_name": "d_i_13",
      "bundle_role": "default"
    },
    "d_i_14": {
      "type": "data",
      "dir": "in",
      "width": "16",
      "ctype": {"DATA": {
          "Type": "integer signed",
          "Width": "16"
        }},
      "bundle_name": "d_i_14",
      "bundle_role": "default"
    },
    "d_i_15": {
      "type": "data",
      "dir": "in",
      "width": "16",
      "ctype": {"DATA": {
          "Type": "integer signed",
          "Width": "16"
        }},
      "bundle_name": "d_i_15",
      "bundle_role": "default"
    },
    "d_i_16": {
      "type": "data",
      "dir": "in",
      "width": "16",
      "ctype": {"DATA": {
          "Type": "integer signed",
          "Width": "16"
        }},
      "bundle_name": "d_i_16",
      "bundle_role": "default"
    },
    "d_i_17": {
      "type": "data",
      "dir": "in",
      "width": "16",
      "ctype": {"DATA": {
          "Type": "integer signed",
          "Width": "16"
        }},
      "bundle_name": "d_i_17",
      "bundle_role": "default"
    },
    "d_i_18": {
      "type": "data",
      "dir": "in",
      "width": "16",
      "ctype": {"DATA": {
          "Type": "integer signed",
          "Width": "16"
        }},
      "bundle_name": "d_i_18",
      "bundle_role": "default"
    },
    "d_i_19": {
      "type": "data",
      "dir": "in",
      "width": "16",
      "ctype": {"DATA": {
          "Type": "integer signed",
          "Width": "16"
        }},
      "bundle_name": "d_i_19",
      "bundle_role": "default"
    },
    "d_i_20": {
      "type": "data",
      "dir": "in",
      "width": "16",
      "ctype": {"DATA": {
          "Type": "integer signed",
          "Width": "16"
        }},
      "bundle_name": "d_i_20",
      "bundle_role": "default"
    },
    "d_i_21": {
      "type": "data",
      "dir": "in",
      "width": "16",
      "ctype": {"DATA": {
          "Type": "integer signed",
          "Width": "16"
        }},
      "bundle_name": "d_i_21",
      "bundle_role": "default"
    },
    "d_i_22": {
      "type": "data",
      "dir": "in",
      "width": "16",
      "ctype": {"DATA": {
          "Type": "integer signed",
          "Width": "16"
        }},
      "bundle_name": "d_i_22",
      "bundle_role": "default"
    },
    "d_i_23": {
      "type": "data",
      "dir": "in",
      "width": "16",
      "ctype": {"DATA": {
          "Type": "integer signed",
          "Width": "16"
        }},
      "bundle_name": "d_i_23",
      "bundle_role": "default"
    },
    "d_i_24": {
      "type": "data",
      "dir": "in",
      "width": "16",
      "ctype": {"DATA": {
          "Type": "integer signed",
          "Width": "16"
        }},
      "bundle_name": "d_i_24",
      "bundle_role": "default"
    },
    "d_i_25": {
      "type": "data",
      "dir": "in",
      "width": "16",
      "ctype": {"DATA": {
          "Type": "integer signed",
          "Width": "16"
        }},
      "bundle_name": "d_i_25",
      "bundle_role": "default"
    },
    "d_i_26": {
      "type": "data",
      "dir": "in",
      "width": "16",
      "ctype": {"DATA": {
          "Type": "integer signed",
          "Width": "16"
        }},
      "bundle_name": "d_i_26",
      "bundle_role": "default"
    },
    "d_i_27": {
      "type": "data",
      "dir": "in",
      "width": "16",
      "ctype": {"DATA": {
          "Type": "integer signed",
          "Width": "16"
        }},
      "bundle_name": "d_i_27",
      "bundle_role": "default"
    },
    "d_i_28": {
      "type": "data",
      "dir": "in",
      "width": "16",
      "ctype": {"DATA": {
          "Type": "integer signed",
          "Width": "16"
        }},
      "bundle_name": "d_i_28",
      "bundle_role": "default"
    },
    "d_i_29": {
      "type": "data",
      "dir": "in",
      "width": "16",
      "ctype": {"DATA": {
          "Type": "integer signed",
          "Width": "16"
        }},
      "bundle_name": "d_i_29",
      "bundle_role": "default"
    },
    "d_i_30": {
      "type": "data",
      "dir": "in",
      "width": "16",
      "ctype": {"DATA": {
          "Type": "integer signed",
          "Width": "16"
        }},
      "bundle_name": "d_i_30",
      "bundle_role": "default"
    },
    "d_i_31": {
      "type": "data",
      "dir": "in",
      "width": "16",
      "ctype": {"DATA": {
          "Type": "integer signed",
          "Width": "16"
        }},
      "bundle_name": "d_i_31",
      "bundle_role": "default"
    },
    "d_o_0": {
      "type": "ap_fifo",
      "fifo_width": "16",
      "fifo_type": "write",
      "ctype": {
        "WR_DATA": {
          "Type": "integer signed",
          "Width": "16"
        },
        "FULL_N": {"Type": "bool"},
        "WR_EN": {"Type": "bool"}
      }
    },
    "d_o_1": {
      "type": "ap_fifo",
      "fifo_width": "16",
      "fifo_type": "write",
      "ctype": {
        "WR_DATA": {
          "Type": "integer signed",
          "Width": "16"
        },
        "FULL_N": {"Type": "bool"},
        "WR_EN": {"Type": "bool"}
      }
    },
    "d_o_2": {
      "type": "ap_fifo",
      "fifo_width": "16",
      "fifo_type": "write",
      "ctype": {
        "WR_DATA": {
          "Type": "integer signed",
          "Width": "16"
        },
        "FULL_N": {"Type": "bool"},
        "WR_EN": {"Type": "bool"}
      }
    },
    "d_o_3": {
      "type": "ap_fifo",
      "fifo_width": "16",
      "fifo_type": "write",
      "ctype": {
        "WR_DATA": {
          "Type": "integer signed",
          "Width": "16"
        },
        "FULL_N": {"Type": "bool"},
        "WR_EN": {"Type": "bool"}
      }
    },
    "d_o_4": {
      "type": "ap_fifo",
      "fifo_width": "16",
      "fifo_type": "write",
      "ctype": {
        "WR_DATA": {
          "Type": "integer signed",
          "Width": "16"
        },
        "FULL_N": {"Type": "bool"},
        "WR_EN": {"Type": "bool"}
      }
    },
    "d_o_5": {
      "type": "ap_fifo",
      "fifo_width": "16",
      "fifo_type": "write",
      "ctype": {
        "WR_DATA": {
          "Type": "integer signed",
          "Width": "16"
        },
        "FULL_N": {"Type": "bool"},
        "WR_EN": {"Type": "bool"}
      }
    },
    "d_o_6": {
      "type": "ap_fifo",
      "fifo_width": "16",
      "fifo_type": "write",
      "ctype": {
        "WR_DATA": {
          "Type": "integer signed",
          "Width": "16"
        },
        "FULL_N": {"Type": "bool"},
        "WR_EN": {"Type": "bool"}
      }
    },
    "d_o_7": {
      "type": "ap_fifo",
      "fifo_width": "16",
      "fifo_type": "write",
      "ctype": {
        "WR_DATA": {
          "Type": "integer signed",
          "Width": "16"
        },
        "FULL_N": {"Type": "bool"},
        "WR_EN": {"Type": "bool"}
      }
    },
    "d_o_8": {
      "type": "ap_fifo",
      "fifo_width": "16",
      "fifo_type": "write",
      "ctype": {
        "WR_DATA": {
          "Type": "integer signed",
          "Width": "16"
        },
        "FULL_N": {"Type": "bool"},
        "WR_EN": {"Type": "bool"}
      }
    },
    "d_o_9": {
      "type": "ap_fifo",
      "fifo_width": "16",
      "fifo_type": "write",
      "ctype": {
        "WR_DATA": {
          "Type": "integer signed",
          "Width": "16"
        },
        "FULL_N": {"Type": "bool"},
        "WR_EN": {"Type": "bool"}
      }
    },
    "d_o_10": {
      "type": "ap_fifo",
      "fifo_width": "16",
      "fifo_type": "write",
      "ctype": {
        "WR_DATA": {
          "Type": "integer signed",
          "Width": "16"
        },
        "FULL_N": {"Type": "bool"},
        "WR_EN": {"Type": "bool"}
      }
    },
    "d_o_11": {
      "type": "ap_fifo",
      "fifo_width": "16",
      "fifo_type": "write",
      "ctype": {
        "WR_DATA": {
          "Type": "integer signed",
          "Width": "16"
        },
        "FULL_N": {"Type": "bool"},
        "WR_EN": {"Type": "bool"}
      }
    },
    "d_o_12": {
      "type": "ap_fifo",
      "fifo_width": "16",
      "fifo_type": "write",
      "ctype": {
        "WR_DATA": {
          "Type": "integer signed",
          "Width": "16"
        },
        "FULL_N": {"Type": "bool"},
        "WR_EN": {"Type": "bool"}
      }
    },
    "d_o_13": {
      "type": "ap_fifo",
      "fifo_width": "16",
      "fifo_type": "write",
      "ctype": {
        "WR_DATA": {
          "Type": "integer signed",
          "Width": "16"
        },
        "FULL_N": {"Type": "bool"},
        "WR_EN": {"Type": "bool"}
      }
    },
    "d_o_14": {
      "type": "ap_fifo",
      "fifo_width": "16",
      "fifo_type": "write",
      "ctype": {
        "WR_DATA": {
          "Type": "integer signed",
          "Width": "16"
        },
        "FULL_N": {"Type": "bool"},
        "WR_EN": {"Type": "bool"}
      }
    },
    "d_o_15": {
      "type": "ap_fifo",
      "fifo_width": "16",
      "fifo_type": "write",
      "ctype": {
        "WR_DATA": {
          "Type": "integer signed",
          "Width": "16"
        },
        "FULL_N": {"Type": "bool"},
        "WR_EN": {"Type": "bool"}
      }
    },
    "d_o_16": {
      "type": "ap_fifo",
      "fifo_width": "16",
      "fifo_type": "write",
      "ctype": {
        "WR_DATA": {
          "Type": "integer signed",
          "Width": "16"
        },
        "FULL_N": {"Type": "bool"},
        "WR_EN": {"Type": "bool"}
      }
    },
    "d_o_17": {
      "type": "ap_fifo",
      "fifo_width": "16",
      "fifo_type": "write",
      "ctype": {
        "WR_DATA": {
          "Type": "integer signed",
          "Width": "16"
        },
        "FULL_N": {"Type": "bool"},
        "WR_EN": {"Type": "bool"}
      }
    },
    "d_o_18": {
      "type": "ap_fifo",
      "fifo_width": "16",
      "fifo_type": "write",
      "ctype": {
        "WR_DATA": {
          "Type": "integer signed",
          "Width": "16"
        },
        "FULL_N": {"Type": "bool"},
        "WR_EN": {"Type": "bool"}
      }
    },
    "d_o_19": {
      "type": "ap_fifo",
      "fifo_width": "16",
      "fifo_type": "write",
      "ctype": {
        "WR_DATA": {
          "Type": "integer signed",
          "Width": "16"
        },
        "FULL_N": {"Type": "bool"},
        "WR_EN": {"Type": "bool"}
      }
    },
    "d_o_20": {
      "type": "ap_fifo",
      "fifo_width": "16",
      "fifo_type": "write",
      "ctype": {
        "WR_DATA": {
          "Type": "integer signed",
          "Width": "16"
        },
        "FULL_N": {"Type": "bool"},
        "WR_EN": {"Type": "bool"}
      }
    },
    "d_o_21": {
      "type": "ap_fifo",
      "fifo_width": "16",
      "fifo_type": "write",
      "ctype": {
        "WR_DATA": {
          "Type": "integer signed",
          "Width": "16"
        },
        "FULL_N": {"Type": "bool"},
        "WR_EN": {"Type": "bool"}
      }
    },
    "d_o_22": {
      "type": "ap_fifo",
      "fifo_width": "16",
      "fifo_type": "write",
      "ctype": {
        "WR_DATA": {
          "Type": "integer signed",
          "Width": "16"
        },
        "FULL_N": {"Type": "bool"},
        "WR_EN": {"Type": "bool"}
      }
    },
    "d_o_23": {
      "type": "ap_fifo",
      "fifo_width": "16",
      "fifo_type": "write",
      "ctype": {
        "WR_DATA": {
          "Type": "integer signed",
          "Width": "16"
        },
        "FULL_N": {"Type": "bool"},
        "WR_EN": {"Type": "bool"}
      }
    },
    "d_o_24": {
      "type": "ap_fifo",
      "fifo_width": "16",
      "fifo_type": "write",
      "ctype": {
        "WR_DATA": {
          "Type": "integer signed",
          "Width": "16"
        },
        "FULL_N": {"Type": "bool"},
        "WR_EN": {"Type": "bool"}
      }
    },
    "d_o_25": {
      "type": "ap_fifo",
      "fifo_width": "16",
      "fifo_type": "write",
      "ctype": {
        "WR_DATA": {
          "Type": "integer signed",
          "Width": "16"
        },
        "FULL_N": {"Type": "bool"},
        "WR_EN": {"Type": "bool"}
      }
    },
    "d_o_26": {
      "type": "ap_fifo",
      "fifo_width": "16",
      "fifo_type": "write",
      "ctype": {
        "WR_DATA": {
          "Type": "integer signed",
          "Width": "16"
        },
        "FULL_N": {"Type": "bool"},
        "WR_EN": {"Type": "bool"}
      }
    },
    "d_o_27": {
      "type": "ap_fifo",
      "fifo_width": "16",
      "fifo_type": "write",
      "ctype": {
        "WR_DATA": {
          "Type": "integer signed",
          "Width": "16"
        },
        "FULL_N": {"Type": "bool"},
        "WR_EN": {"Type": "bool"}
      }
    },
    "d_o_28": {
      "type": "ap_fifo",
      "fifo_width": "16",
      "fifo_type": "write",
      "ctype": {
        "WR_DATA": {
          "Type": "integer signed",
          "Width": "16"
        },
        "FULL_N": {"Type": "bool"},
        "WR_EN": {"Type": "bool"}
      }
    },
    "d_o_29": {
      "type": "ap_fifo",
      "fifo_width": "16",
      "fifo_type": "write",
      "ctype": {
        "WR_DATA": {
          "Type": "integer signed",
          "Width": "16"
        },
        "FULL_N": {"Type": "bool"},
        "WR_EN": {"Type": "bool"}
      }
    },
    "d_o_30": {
      "type": "ap_fifo",
      "fifo_width": "16",
      "fifo_type": "write",
      "ctype": {
        "WR_DATA": {
          "Type": "integer signed",
          "Width": "16"
        },
        "FULL_N": {"Type": "bool"},
        "WR_EN": {"Type": "bool"}
      }
    },
    "d_o_31": {
      "type": "ap_fifo",
      "fifo_width": "16",
      "fifo_type": "write",
      "ctype": {
        "WR_DATA": {
          "Type": "integer signed",
          "Width": "16"
        },
        "FULL_N": {"Type": "bool"},
        "WR_EN": {"Type": "bool"}
      }
    }
  },
  "RtlPorts": {
    "ap_clk": {
      "dir": "in",
      "width": "1"
    },
    "ap_rst": {
      "dir": "in",
      "width": "1"
    },
    "ap_start": {
      "dir": "in",
      "width": "1"
    },
    "ap_done": {
      "dir": "out",
      "width": "1"
    },
    "ap_idle": {
      "dir": "out",
      "width": "1"
    },
    "ap_ready": {
      "dir": "out",
      "width": "1"
    },
    "d_o_0_din": {
      "dir": "out",
      "width": "16"
    },
    "d_o_0_full_n": {
      "dir": "in",
      "width": "1"
    },
    "d_o_0_write": {
      "dir": "out",
      "width": "1"
    },
    "d_o_1_din": {
      "dir": "out",
      "width": "16"
    },
    "d_o_1_full_n": {
      "dir": "in",
      "width": "1"
    },
    "d_o_1_write": {
      "dir": "out",
      "width": "1"
    },
    "d_o_2_din": {
      "dir": "out",
      "width": "16"
    },
    "d_o_2_full_n": {
      "dir": "in",
      "width": "1"
    },
    "d_o_2_write": {
      "dir": "out",
      "width": "1"
    },
    "d_o_3_din": {
      "dir": "out",
      "width": "16"
    },
    "d_o_3_full_n": {
      "dir": "in",
      "width": "1"
    },
    "d_o_3_write": {
      "dir": "out",
      "width": "1"
    },
    "d_o_4_din": {
      "dir": "out",
      "width": "16"
    },
    "d_o_4_full_n": {
      "dir": "in",
      "width": "1"
    },
    "d_o_4_write": {
      "dir": "out",
      "width": "1"
    },
    "d_o_5_din": {
      "dir": "out",
      "width": "16"
    },
    "d_o_5_full_n": {
      "dir": "in",
      "width": "1"
    },
    "d_o_5_write": {
      "dir": "out",
      "width": "1"
    },
    "d_o_6_din": {
      "dir": "out",
      "width": "16"
    },
    "d_o_6_full_n": {
      "dir": "in",
      "width": "1"
    },
    "d_o_6_write": {
      "dir": "out",
      "width": "1"
    },
    "d_o_7_din": {
      "dir": "out",
      "width": "16"
    },
    "d_o_7_full_n": {
      "dir": "in",
      "width": "1"
    },
    "d_o_7_write": {
      "dir": "out",
      "width": "1"
    },
    "d_o_8_din": {
      "dir": "out",
      "width": "16"
    },
    "d_o_8_full_n": {
      "dir": "in",
      "width": "1"
    },
    "d_o_8_write": {
      "dir": "out",
      "width": "1"
    },
    "d_o_9_din": {
      "dir": "out",
      "width": "16"
    },
    "d_o_9_full_n": {
      "dir": "in",
      "width": "1"
    },
    "d_o_9_write": {
      "dir": "out",
      "width": "1"
    },
    "d_o_10_din": {
      "dir": "out",
      "width": "16"
    },
    "d_o_10_full_n": {
      "dir": "in",
      "width": "1"
    },
    "d_o_10_write": {
      "dir": "out",
      "width": "1"
    },
    "d_o_11_din": {
      "dir": "out",
      "width": "16"
    },
    "d_o_11_full_n": {
      "dir": "in",
      "width": "1"
    },
    "d_o_11_write": {
      "dir": "out",
      "width": "1"
    },
    "d_o_12_din": {
      "dir": "out",
      "width": "16"
    },
    "d_o_12_full_n": {
      "dir": "in",
      "width": "1"
    },
    "d_o_12_write": {
      "dir": "out",
      "width": "1"
    },
    "d_o_13_din": {
      "dir": "out",
      "width": "16"
    },
    "d_o_13_full_n": {
      "dir": "in",
      "width": "1"
    },
    "d_o_13_write": {
      "dir": "out",
      "width": "1"
    },
    "d_o_14_din": {
      "dir": "out",
      "width": "16"
    },
    "d_o_14_full_n": {
      "dir": "in",
      "width": "1"
    },
    "d_o_14_write": {
      "dir": "out",
      "width": "1"
    },
    "d_o_15_din": {
      "dir": "out",
      "width": "16"
    },
    "d_o_15_full_n": {
      "dir": "in",
      "width": "1"
    },
    "d_o_15_write": {
      "dir": "out",
      "width": "1"
    },
    "d_o_16_din": {
      "dir": "out",
      "width": "16"
    },
    "d_o_16_full_n": {
      "dir": "in",
      "width": "1"
    },
    "d_o_16_write": {
      "dir": "out",
      "width": "1"
    },
    "d_o_17_din": {
      "dir": "out",
      "width": "16"
    },
    "d_o_17_full_n": {
      "dir": "in",
      "width": "1"
    },
    "d_o_17_write": {
      "dir": "out",
      "width": "1"
    },
    "d_o_18_din": {
      "dir": "out",
      "width": "16"
    },
    "d_o_18_full_n": {
      "dir": "in",
      "width": "1"
    },
    "d_o_18_write": {
      "dir": "out",
      "width": "1"
    },
    "d_o_19_din": {
      "dir": "out",
      "width": "16"
    },
    "d_o_19_full_n": {
      "dir": "in",
      "width": "1"
    },
    "d_o_19_write": {
      "dir": "out",
      "width": "1"
    },
    "d_o_20_din": {
      "dir": "out",
      "width": "16"
    },
    "d_o_20_full_n": {
      "dir": "in",
      "width": "1"
    },
    "d_o_20_write": {
      "dir": "out",
      "width": "1"
    },
    "d_o_21_din": {
      "dir": "out",
      "width": "16"
    },
    "d_o_21_full_n": {
      "dir": "in",
      "width": "1"
    },
    "d_o_21_write": {
      "dir": "out",
      "width": "1"
    },
    "d_o_22_din": {
      "dir": "out",
      "width": "16"
    },
    "d_o_22_full_n": {
      "dir": "in",
      "width": "1"
    },
    "d_o_22_write": {
      "dir": "out",
      "width": "1"
    },
    "d_o_23_din": {
      "dir": "out",
      "width": "16"
    },
    "d_o_23_full_n": {
      "dir": "in",
      "width": "1"
    },
    "d_o_23_write": {
      "dir": "out",
      "width": "1"
    },
    "d_o_24_din": {
      "dir": "out",
      "width": "16"
    },
    "d_o_24_full_n": {
      "dir": "in",
      "width": "1"
    },
    "d_o_24_write": {
      "dir": "out",
      "width": "1"
    },
    "d_o_25_din": {
      "dir": "out",
      "width": "16"
    },
    "d_o_25_full_n": {
      "dir": "in",
      "width": "1"
    },
    "d_o_25_write": {
      "dir": "out",
      "width": "1"
    },
    "d_o_26_din": {
      "dir": "out",
      "width": "16"
    },
    "d_o_26_full_n": {
      "dir": "in",
      "width": "1"
    },
    "d_o_26_write": {
      "dir": "out",
      "width": "1"
    },
    "d_o_27_din": {
      "dir": "out",
      "width": "16"
    },
    "d_o_27_full_n": {
      "dir": "in",
      "width": "1"
    },
    "d_o_27_write": {
      "dir": "out",
      "width": "1"
    },
    "d_o_28_din": {
      "dir": "out",
      "width": "16"
    },
    "d_o_28_full_n": {
      "dir": "in",
      "width": "1"
    },
    "d_o_28_write": {
      "dir": "out",
      "width": "1"
    },
    "d_o_29_din": {
      "dir": "out",
      "width": "16"
    },
    "d_o_29_full_n": {
      "dir": "in",
      "width": "1"
    },
    "d_o_29_write": {
      "dir": "out",
      "width": "1"
    },
    "d_o_30_din": {
      "dir": "out",
      "width": "16"
    },
    "d_o_30_full_n": {
      "dir": "in",
      "width": "1"
    },
    "d_o_30_write": {
      "dir": "out",
      "width": "1"
    },
    "d_o_31_din": {
      "dir": "out",
      "width": "16"
    },
    "d_o_31_full_n": {
      "dir": "in",
      "width": "1"
    },
    "d_o_31_write": {
      "dir": "out",
      "width": "1"
    },
    "d_i_0": {
      "dir": "in",
      "width": "16"
    },
    "d_i_1": {
      "dir": "in",
      "width": "16"
    },
    "d_i_2": {
      "dir": "in",
      "width": "16"
    },
    "d_i_3": {
      "dir": "in",
      "width": "16"
    },
    "d_i_4": {
      "dir": "in",
      "width": "16"
    },
    "d_i_5": {
      "dir": "in",
      "width": "16"
    },
    "d_i_6": {
      "dir": "in",
      "width": "16"
    },
    "d_i_7": {
      "dir": "in",
      "width": "16"
    },
    "d_i_8": {
      "dir": "in",
      "width": "16"
    },
    "d_i_9": {
      "dir": "in",
      "width": "16"
    },
    "d_i_10": {
      "dir": "in",
      "width": "16"
    },
    "d_i_11": {
      "dir": "in",
      "width": "16"
    },
    "d_i_12": {
      "dir": "in",
      "width": "16"
    },
    "d_i_13": {
      "dir": "in",
      "width": "16"
    },
    "d_i_14": {
      "dir": "in",
      "width": "16"
    },
    "d_i_15": {
      "dir": "in",
      "width": "16"
    },
    "d_i_16": {
      "dir": "in",
      "width": "16"
    },
    "d_i_17": {
      "dir": "in",
      "width": "16"
    },
    "d_i_18": {
      "dir": "in",
      "width": "16"
    },
    "d_i_19": {
      "dir": "in",
      "width": "16"
    },
    "d_i_20": {
      "dir": "in",
      "width": "16"
    },
    "d_i_21": {
      "dir": "in",
      "width": "16"
    },
    "d_i_22": {
      "dir": "in",
      "width": "16"
    },
    "d_i_23": {
      "dir": "in",
      "width": "16"
    },
    "d_i_24": {
      "dir": "in",
      "width": "16"
    },
    "d_i_25": {
      "dir": "in",
      "width": "16"
    },
    "d_i_26": {
      "dir": "in",
      "width": "16"
    },
    "d_i_27": {
      "dir": "in",
      "width": "16"
    },
    "d_i_28": {
      "dir": "in",
      "width": "16"
    },
    "d_i_29": {
      "dir": "in",
      "width": "16"
    },
    "d_i_30": {
      "dir": "in",
      "width": "16"
    },
    "d_i_31": {
      "dir": "in",
      "width": "16"
    }
  },
  "ModuleInfo": {
    "Hierarchy": {"ModuleName": "array_io"},
    "Info": {"array_io": {
        "FunctionProtocol": "ap_ctrl_hs",
        "isTaskLevelControl": "1",
        "isPipelined": "0",
        "isCombinational": "0",
        "isOneStateSeq": "0"
      }},
    "Metrics": {"array_io": {
        "Latency": {
          "LatencyBest": "1",
          "LatencyAvg": "1",
          "LatencyWorst": "1",
          "PipelineII": "2",
          "PipelineDepth": "",
          "PipelineType": "none"
        },
        "Timing": {
          "Target": "8.00",
          "Uncertainty": "1.00",
          "Estimate": "6.438"
        },
        "Area": {
          "FF": "786",
          "LUT": "1945",
          "BRAM_18K": "0",
          "DSP48E": "0",
          "URAM": "0"
        }
      }}
  },
  "Sdx": {
    "Target": "none",
    "ProfileOption": "0",
    "ProfileType": "none",
    "XO": "",
    "KernelName": "array_io",
    "EnableXoSwEmu": "1"
  },
  "GenData": {
    "DataVersion": "0.2",
    "Time": "2021-12-12 03:06:59 +0300",
    "ToolName": "vivado_hls",
    "ToolVersion": "2019.2"
  }
}
