<?xml version="1.0" encoding="UTF-8"?>
<vivadoHLSLog:LogRoot xmlns:vivadoHLSLog="www.xilinx.com/vivadoHLSLog">
  <errorLogs>
    <logs>
      <synLog/>
      <simLog>
        <logs message="ERROR: [COSIM 212-4] *** C/RTL co-simulation finished: FAIL ***&#xA;command 'ap_source' returned error code&#xA;    while executing&#xA;&quot;source /home/sokrat/project/learn/Hybridsystem/homework/hw5/lab5_z3/lab5_z3_prj/solution1/cosim.tcl&quot;&#xA;    invoked from within&#xA;&quot;hls::main /home/sokrat/project/learn/Hybridsystem/homework/hw5/lab5_z3/lab5_z3_prj/solution1/cosim.tcl&quot;&#xA;    (&quot;uplevel&quot; body line 1)&#xA;    invoked from within&#xA;&quot;uplevel 1 hls::main {*}$args&quot;&#xA;    (procedure &quot;hls_proc&quot; line 5)&#xA;    invoked from within&#xA;&quot;hls_proc $argv&quot;&#xA;" projectName="lab5_z3_prj" solutionName="solution1" date="2021-11-26T15:39:33.195+0300"/>
        <logs message="ERROR: [COSIM 212-5] *** C/RTL co-simulation file generation failed. ***" projectName="lab5_z3_prj" solutionName="solution1" date="2021-11-26T15:39:33.140+0300"/>
        <logs message="ERROR: [COSIM 212-320] C TB testing failed, stop generating test vectors. Please check C TB or re-run cosim." projectName="lab5_z3_prj" solutionName="solution1" date="2021-11-26T15:39:33.125+0300"/>
        <logs message="ERROR: [COSIM 212-360] Aborting co-simulation: C TB simulation failed." projectName="lab5_z3_prj" solutionName="solution1" date="2021-11-26T15:39:33.111+0300"/>
      </simLog>
      <mgLog/>
      <packageLog/>
      <csimLog/>
    </logs>
  </errorLogs>
  <warningLogs>
    <logs>
      <synLog/>
      <simLog/>
      <mgLog/>
      <packageLog/>
      <csimLog/>
    </logs>
  </warningLogs>
</vivadoHLSLog:LogRoot>
