<profile>

<section name = "Vivado HLS Report for 'gauss_blur'" level="0">
<item name = "Date">Tue Nov 30 11:49:09 2021
</item>
<item name = "Version">2020.1 (Build 2897737 on Wed May 27 20:21:37 MDT 2020)</item>
<item name = "Project">course_prj</item>
<item name = "Solution">sol7</item>
<item name = "Product family">artix7</item>
<item name = "Target device">xa7a12t-csg325-1Q</item>
</section>

<section name = "Performance Estimates" level="0">
<item name = "Timing">
<section name = "" level="1">
<item name = "Summary"><table name="" hasTotal="0">
<keys size="4">Clock, Target, Estimated, Uncertainty</keys>
<column name="clk">6.00 ns, 4.685 ns, 0.10 ns</column>
</table>
</item>
</section>
</item>
<item name = "Latency">
<section name = "" level="1">
<item name = "Summary"><table name="" hasTotal="0">
<keys size="8">, min, max, min, max, min, max, Type</keys>
<column name="">2159564, 7092700, 12.957 ms, 42.556 ms, 2159564, 7092700, none</column>
</table>
</item>
<item name = "Detail">
<section name = "" level="1">
<item name = "Instance"><table name="" hasTotal="0">
<keys size="9">Instance, Module, min, max, min, max, min, max, Type</keys>
</table>
</item>
<item name = "Loop"><table name="" hasTotal="0">
<keys size="8">Loop Name, min, max, Latency, achieved, target, Count, Pipelined</keys>
<column name="- Loop 1">33, 33, 11, -, -, 3, no</column>
<column name=" + Loop 1.1">9, 9, 3, -, -, 3, no</column>
<column name="- L2">2159529, 7092665, 3369 ~ 11065, -, -, 641, no</column>
<column name=" + L1">3367, 11063, 7 ~ 23, -, -, 481, no</column>
<column name="  ++ L1.1">3, 3, 1, -, -, 3, no</column>
<column name="  ++ row_loop">15, 15, 5, -, -, 3, no</column>
</table>
</item>
</section>
</item>
</section>
</item>
</section>

<section name = "Utilization Estimates" level="0">
<item name = "Summary"><table name="" hasTotal="1">
<keys size="6">Name, BRAM_18K, DSP48E, FF, LUT, URAM</keys>
<column name="DSP">-, 2, -, -, -</column>
<column name="Expression">-, 0, 0, 392, -</column>
<column name="FIFO">-, -, -, -, -</column>
<column name="Instance">-, -, 0, 120, -</column>
<column name="Memory">2, -, 0, 0, 0</column>
<column name="Multiplexer">-, -, -, 170, -</column>
<column name="Register">-, -, 335, -, -</column>
<specialColumn name="Available">40, 40, 16000, 8000, 0</specialColumn>
<specialColumn name="Utilization (%)">5, 5, 2, 8, 0</specialColumn>
</table>
</item>
<item name = "Detail">
<section name = "" level="1">
<item name = "Instance"><table name="" hasTotal="1">
<keys size="7">Instance, Module, BRAM_18K, DSP48E, FF, LUT, URAM</keys>
<column name="gauss_blur_mux_32dEe_U1">gauss_blur_mux_32dEe, 0, 0, 0, 15, 0</column>
<column name="gauss_blur_mux_32dEe_U2">gauss_blur_mux_32dEe, 0, 0, 0, 15, 0</column>
<column name="gauss_blur_mux_32dEe_U3">gauss_blur_mux_32dEe, 0, 0, 0, 15, 0</column>
<column name="gauss_blur_mux_32dEe_U4">gauss_blur_mux_32dEe, 0, 0, 0, 15, 0</column>
<column name="gauss_blur_mux_32dEe_U5">gauss_blur_mux_32dEe, 0, 0, 0, 15, 0</column>
<column name="gauss_blur_mux_32dEe_U6">gauss_blur_mux_32dEe, 0, 0, 0, 15, 0</column>
<column name="gauss_blur_mux_32dEe_U7">gauss_blur_mux_32dEe, 0, 0, 0, 15, 0</column>
<column name="gauss_blur_mux_32dEe_U8">gauss_blur_mux_32dEe, 0, 0, 0, 15, 0</column>
</table>
</item>
<item name = "DSP48E"><table name="" hasTotal="0">
<keys size="3">Instance, Module, Expression</keys>
<column name="gauss_blur_mac_mueOg_U9">gauss_blur_mac_mueOg, i0 + i1 * i2</column>
<column name="gauss_blur_mac_mufYi_U10">gauss_blur_mac_mufYi, i0 + i1 * i2</column>
</table>
</item>
<item name = "Memory"><table name="" hasTotal="1">
<keys size="10">Memory, Module, BRAM_18K, FF, LUT, URAM, Words, Bits, Banks, W*Bits*Banks</keys>
<column name="part_buffer_0_U">gauss_blur_part_bbkb, 1, 0, 0, 0, 480, 8, 1, 3840</column>
<column name="part_buffer_1_U">gauss_blur_part_bbkb, 1, 0, 0, 0, 480, 8, 1, 3840</column>
</table>
</item>
<item name = "FIFO"><table name="" hasTotal="1">
<keys size="8">Name, BRAM_18K, FF, LUT, URAM, Depth, Bits, Size:D*B</keys>
</table>
</item>
<item name = "Expression"><table name="" hasTotal="1">
<keys size="7">Variable Name, Operation, DSP48E, FF, LUT, Bitwidth P0, Bitwidth P1</keys>
<column name="mul_ln16_1_fu_798_p2">*, 0, 0, 42, 8, 8</column>
<column name="add_ln16_2_fu_813_p2">+, 0, 0, 27, 20, 20</column>
<column name="add_ln40_fu_389_p2">+, 0, 0, 15, 5, 5</column>
<column name="col_fu_496_p2">+, 0, 0, 16, 9, 1</column>
<column name="i_1_fu_519_p2">+, 0, 0, 10, 2, 1</column>
<column name="i_2_fu_651_p2">+, 0, 0, 10, 2, 1</column>
<column name="i_fu_345_p2">+, 0, 0, 10, 2, 1</column>
<column name="j_fu_379_p2">+, 0, 0, 10, 2, 1</column>
<column name="outcol_fu_611_p2">+, 0, 0, 16, 9, 2</column>
<column name="outrow_fu_472_p2">+, 0, 0, 18, 11, 2</column>
<column name="row_fu_454_p2">+, 0, 0, 17, 10, 1</column>
<column name="sub_ln40_fu_367_p2">-, 0, 0, 15, 5, 5</column>
<column name="and_ln50_fu_508_p2">and, 0, 0, 2, 1, 1</column>
<column name="and_ln68_fu_606_p2">and, 0, 0, 2, 1, 1</column>
<column name="ap_block_state10">and, 0, 0, 2, 1, 1</column>
<column name="ap_block_state11">and, 0, 0, 2, 1, 1</column>
<column name="ap_block_state7">and, 0, 0, 2, 1, 1</column>
<column name="ap_condition_143">and, 0, 0, 2, 1, 1</column>
<column name="ap_predicate_op114_read_state7">and, 0, 0, 2, 1, 1</column>
<column name="ap_predicate_op169_write_state10">and, 0, 0, 2, 1, 1</column>
<column name="ap_predicate_op197_write_state11">and, 0, 0, 2, 1, 1</column>
<column name="icmp_ln14_fu_645_p2">icmp, 0, 0, 8, 2, 2</column>
<column name="icmp_ln38_fu_339_p2">icmp, 0, 0, 8, 2, 2</column>
<column name="icmp_ln39_fu_373_p2">icmp, 0, 0, 8, 2, 2</column>
<column name="icmp_ln46_fu_448_p2">icmp, 0, 0, 13, 10, 10</column>
<column name="icmp_ln47_fu_490_p2">icmp, 0, 0, 13, 9, 6</column>
<column name="icmp_ln50_1_fu_502_p2">icmp, 0, 0, 13, 9, 7</column>
<column name="icmp_ln50_fu_460_p2">icmp, 0, 0, 13, 10, 10</column>
<column name="icmp_ln55_fu_513_p2">icmp, 0, 0, 8, 2, 2</column>
<column name="icmp_ln68_1_fu_600_p2">icmp, 0, 0, 13, 9, 1</column>
<column name="icmp_ln68_fu_466_p2">icmp, 0, 0, 13, 10, 1</column>
<column name="icmp_ln73_1_fu_484_p2">icmp, 0, 0, 13, 11, 10</column>
<column name="icmp_ln73_2_fu_617_p2">icmp, 0, 0, 13, 9, 1</column>
<column name="icmp_ln73_3_fu_623_p2">icmp, 0, 0, 13, 9, 7</column>
<column name="icmp_ln73_fu_478_p2">icmp, 0, 0, 13, 11, 1</column>
<column name="or_ln73_1_fu_634_p2">or, 0, 0, 2, 1, 1</column>
<column name="or_ln73_2_fu_639_p2">or, 0, 0, 2, 1, 1</column>
<column name="or_ln73_fu_629_p2">or, 0, 0, 2, 1, 1</column>
</table>
</item>
<item name = "Multiplexer"><table name="" hasTotal="1">
<keys size="5">Name, LUT, Input Size, Bits, Total Bits</keys>
<column name="ap_NS_fsm">65, 16, 1, 16</column>
<column name="col_0_reg_261">9, 2, 9, 18</column>
<column name="i1_0_reg_286">9, 2, 2, 4</column>
<column name="i_0_i_reg_309">9, 2, 2, 4</column>
<column name="i_0_reg_226">9, 2, 2, 4</column>
<column name="inImage_blk_n">9, 2, 1, 2</column>
<column name="j_0_reg_238">9, 2, 2, 4</column>
<column name="outImage_blk_n">9, 2, 1, 2</column>
<column name="outImage_din">15, 3, 8, 24</column>
<column name="result_0_i_reg_297">9, 2, 20, 40</column>
<column name="row_0_reg_250">9, 2, 10, 20</column>
<column name="window_2_2_reg_273">9, 2, 8, 16</column>
</table>
</item>
<item name = "Register"><table name="" hasTotal="1">
<keys size="5">Name, FF, LUT, Bits, Const Bits</keys>
<column name="add_ln16_1_reg_1091">18, 0, 18, 0</column>
<column name="add_ln16_reg_1086">17, 0, 17, 0</column>
<column name="and_ln68_reg_1035">1, 0, 1, 0</column>
<column name="ap_CS_fsm">15, 0, 15, 0</column>
<column name="col_0_reg_261">9, 0, 9, 0</column>
<column name="col_reg_1000">9, 0, 9, 0</column>
<column name="i1_0_reg_286">2, 0, 2, 0</column>
<column name="i_0_i_reg_309">2, 0, 2, 0</column>
<column name="i_0_reg_226">2, 0, 2, 0</column>
<column name="i_2_reg_1046">2, 0, 2, 0</column>
<column name="i_reg_892">2, 0, 2, 0</column>
<column name="icmp_ln50_1_reg_1005">1, 0, 1, 0</column>
<column name="icmp_ln50_reg_977">1, 0, 1, 0</column>
<column name="icmp_ln68_reg_982">1, 0, 1, 0</column>
<column name="icmp_ln73_1_reg_992">1, 0, 1, 0</column>
<column name="icmp_ln73_reg_987">1, 0, 1, 0</column>
<column name="j_0_reg_238">2, 0, 2, 0</column>
<column name="j_reg_959">2, 0, 2, 0</column>
<column name="kernel_2_2_1_fu_100">8, 0, 8, 0</column>
<column name="kernel_2_2_2_fu_104">8, 0, 8, 0</column>
<column name="kernel_2_2_3_fu_108">8, 0, 8, 0</column>
<column name="kernel_2_2_4_fu_112">8, 0, 8, 0</column>
<column name="kernel_2_2_5_fu_116">8, 0, 8, 0</column>
<column name="kernel_2_2_6_fu_120">8, 0, 8, 0</column>
<column name="kernel_2_2_7_fu_124">8, 0, 8, 0</column>
<column name="kernel_2_2_8_fu_128">8, 0, 8, 0</column>
<column name="kernel_2_2_fu_96">8, 0, 8, 0</column>
<column name="mul_ln16_1_reg_1081">16, 0, 16, 0</column>
<column name="or_ln73_2_reg_1039">1, 0, 1, 0</column>
<column name="part_buffer_0_addr_reg_1020">9, 0, 9, 0</column>
<column name="result_0_i_reg_297">20, 0, 20, 0</column>
<column name="row_0_reg_250">10, 0, 10, 0</column>
<column name="row_reg_972">10, 0, 10, 0</column>
<column name="sub_ln40_reg_897">5, 0, 5, 0</column>
<column name="tmp_4_reg_1051">8, 0, 8, 0</column>
<column name="tmp_5_reg_1056">8, 0, 8, 0</column>
<column name="window_0_2_1_fu_148">8, 0, 8, 0</column>
<column name="window_1_2_1_fu_160">8, 0, 8, 0</column>
<column name="window_1_2_reg_1030">8, 0, 8, 0</column>
<column name="window_2_0_1_fu_152">8, 0, 8, 0</column>
<column name="window_2_0_2_fu_164">8, 0, 8, 0</column>
<column name="window_2_0_fu_140">8, 0, 8, 0</column>
<column name="window_2_1_1_fu_156">8, 0, 8, 0</column>
<column name="window_2_1_2_fu_168">8, 0, 8, 0</column>
<column name="window_2_1_fu_144">8, 0, 8, 0</column>
<column name="window_2_2_1_fu_172">8, 0, 8, 0</column>
<column name="window_2_2_reg_273">8, 0, 8, 0</column>
</table>
</item>
</section>
</item>
</section>

<section name = "Interface" level="0">
<item name = "Summary"><table name="" hasTotal="0">
<keys size="6">RTL Ports, Dir, Bits, Protocol, Source Object, C Type</keys>
<column name="ap_clk">in, 1, ap_ctrl_hs, gauss_blur, return value</column>
<column name="ap_rst">in, 1, ap_ctrl_hs, gauss_blur, return value</column>
<column name="ap_start">in, 1, ap_ctrl_hs, gauss_blur, return value</column>
<column name="ap_done">out, 1, ap_ctrl_hs, gauss_blur, return value</column>
<column name="ap_idle">out, 1, ap_ctrl_hs, gauss_blur, return value</column>
<column name="ap_ready">out, 1, ap_ctrl_hs, gauss_blur, return value</column>
<column name="inImage_dout">in, 8, ap_fifo, inImage, pointer</column>
<column name="inImage_empty_n">in, 1, ap_fifo, inImage, pointer</column>
<column name="inImage_read">out, 1, ap_fifo, inImage, pointer</column>
<column name="gauss_kernel_address0">out, 4, ap_memory, gauss_kernel, array</column>
<column name="gauss_kernel_ce0">out, 1, ap_memory, gauss_kernel, array</column>
<column name="gauss_kernel_q0">in, 8, ap_memory, gauss_kernel, array</column>
<column name="outImage_din">out, 8, ap_fifo, outImage, pointer</column>
<column name="outImage_full_n">in, 1, ap_fifo, outImage, pointer</column>
<column name="outImage_write">out, 1, ap_fifo, outImage, pointer</column>
</table>
</item>
</section>
</profile>
