<stg><name>gauss_blur</name>


<trans_list>

<trans id="229" from="1" to="2">
<condition id="-1">
<or_exp><and_exp></and_exp></or_exp>
</condition>
</trans>

<trans id="230" from="2" to="3">
<condition id="-1">
<or_exp><and_exp><literal name="icmp_ln38" val="0"/>
</and_exp></or_exp>
</condition>
</trans>

<trans id="244" from="2" to="6">
<condition id="-1">
<or_exp><and_exp><literal name="icmp_ln38" val="1"/>
</and_exp></or_exp>
</condition>
</trans>

<trans id="231" from="3" to="4">
<condition id="-1">
<or_exp><and_exp><literal name="icmp_ln39" val="0"/>
</and_exp></or_exp>
</condition>
</trans>

<trans id="243" from="3" to="2">
<condition id="-1">
<or_exp><and_exp><literal name="icmp_ln39" val="1"/>
</and_exp></or_exp>
</condition>
</trans>

<trans id="233" from="4" to="5">
<condition id="-1">
<or_exp><and_exp></and_exp></or_exp>
</condition>
</trans>

<trans id="242" from="5" to="3">
<condition id="-1">
<or_exp><and_exp></and_exp></or_exp>
</condition>
</trans>

<trans id="245" from="6" to="7">
<condition id="-1">
<or_exp><and_exp><literal name="icmp_ln46" val="0"/>
</and_exp></or_exp>
</condition>
</trans>

<trans id="246" from="7" to="8">
<condition id="-1">
<or_exp><and_exp><literal name="icmp_ln47" val="0"/>
</and_exp></or_exp>
</condition>
</trans>

<trans id="262" from="7" to="6">
<condition id="-1">
<or_exp><and_exp><literal name="icmp_ln47" val="1"/>
</and_exp></or_exp>
</condition>
</trans>

<trans id="247" from="8" to="8">
<condition id="-1">
<or_exp><and_exp><literal name="icmp_ln55" val="0"/>
</and_exp></or_exp>
</condition>
</trans>

<trans id="248" from="8" to="9">
<condition id="-1">
<or_exp><and_exp><literal name="icmp_ln55" val="1"/>
<literal name="icmp_ln50_1" val="1"/>
</and_exp></or_exp>
</condition>
</trans>

<trans id="249" from="8" to="10">
<condition id="-1">
<or_exp><and_exp><literal name="icmp_ln55" val="1"/>
<literal name="icmp_ln50_1" val="0"/>
</and_exp></or_exp>
</condition>
</trans>

<trans id="251" from="9" to="10">
<condition id="-1">
<or_exp><and_exp></and_exp></or_exp>
</condition>
</trans>

<trans id="252" from="10" to="11">
<condition id="-1">
<or_exp><and_exp></and_exp></or_exp>
</condition>
</trans>

<trans id="254" from="11" to="12">
<condition id="-1">
<or_exp><and_exp><literal name="and_ln68" val="1"/>
<literal name="or_ln73_2" val="0"/>
<literal name="icmp_ln14" val="0"/>
</and_exp></or_exp>
</condition>
</trans>

<trans id="261" from="11" to="7">
<condition id="-1">
<or_exp><and_exp><literal name="icmp_ln14" val="1"/>
</and_exp><and_exp><literal name="or_ln73_2" val="1"/>
</and_exp><and_exp><literal name="and_ln68" val="0"/>
</and_exp></or_exp>
</condition>
</trans>

<trans id="256" from="12" to="13">
<condition id="-1">
<or_exp><and_exp></and_exp></or_exp>
</condition>
</trans>

<trans id="257" from="13" to="14">
<condition id="-1">
<or_exp><and_exp></and_exp></or_exp>
</condition>
</trans>

<trans id="258" from="14" to="15">
<condition id="-1">
<or_exp><and_exp></and_exp></or_exp>
</condition>
</trans>

<trans id="259" from="15" to="11">
<condition id="-1">
<or_exp><and_exp></and_exp></or_exp>
</condition>
</trans>
</trans_list>



<state_list>

<state id="1" st_id="1">

<operation id="16" st_id="1" stage="1" lat="1">
<core>NULL</core>
<MemPortIdVec></MemPortIdVec>
<condition id="-1">
<or_exp><and_exp></and_exp></or_exp>
</condition>

<Node id="4" bw="8" op_0_bw="32">
<![CDATA[
:0  %kernel_2_2 = alloca i8

]]></Node>
<StgValue><ssdm name="kernel_2_2"/></StgValue>
</operation>

<operation id="17" st_id="1" stage="1" lat="1">
<core>NULL</core>
<MemPortIdVec></MemPortIdVec>
<condition id="-1">
<or_exp><and_exp></and_exp></or_exp>
</condition>

<Node id="5" bw="8" op_0_bw="32">
<![CDATA[
:1  %kernel_2_2_1 = alloca i8

]]></Node>
<StgValue><ssdm name="kernel_2_2_1"/></StgValue>
</operation>

<operation id="18" st_id="1" stage="1" lat="1">
<core>NULL</core>
<MemPortIdVec></MemPortIdVec>
<condition id="-1">
<or_exp><and_exp></and_exp></or_exp>
</condition>

<Node id="6" bw="8" op_0_bw="32">
<![CDATA[
:2  %kernel_2_2_2 = alloca i8

]]></Node>
<StgValue><ssdm name="kernel_2_2_2"/></StgValue>
</operation>

<operation id="19" st_id="1" stage="1" lat="1">
<core>NULL</core>
<MemPortIdVec></MemPortIdVec>
<condition id="-1">
<or_exp><and_exp></and_exp></or_exp>
</condition>

<Node id="7" bw="8" op_0_bw="32">
<![CDATA[
:3  %kernel_2_2_3 = alloca i8

]]></Node>
<StgValue><ssdm name="kernel_2_2_3"/></StgValue>
</operation>

<operation id="20" st_id="1" stage="1" lat="1">
<core>NULL</core>
<MemPortIdVec></MemPortIdVec>
<condition id="-1">
<or_exp><and_exp></and_exp></or_exp>
</condition>

<Node id="8" bw="8" op_0_bw="32">
<![CDATA[
:4  %kernel_2_2_4 = alloca i8

]]></Node>
<StgValue><ssdm name="kernel_2_2_4"/></StgValue>
</operation>

<operation id="21" st_id="1" stage="1" lat="1">
<core>NULL</core>
<MemPortIdVec></MemPortIdVec>
<condition id="-1">
<or_exp><and_exp></and_exp></or_exp>
</condition>

<Node id="9" bw="8" op_0_bw="32">
<![CDATA[
:5  %kernel_2_2_5 = alloca i8

]]></Node>
<StgValue><ssdm name="kernel_2_2_5"/></StgValue>
</operation>

<operation id="22" st_id="1" stage="1" lat="1">
<core>NULL</core>
<MemPortIdVec></MemPortIdVec>
<condition id="-1">
<or_exp><and_exp></and_exp></or_exp>
</condition>

<Node id="10" bw="8" op_0_bw="32">
<![CDATA[
:6  %kernel_2_2_6 = alloca i8

]]></Node>
<StgValue><ssdm name="kernel_2_2_6"/></StgValue>
</operation>

<operation id="23" st_id="1" stage="1" lat="1">
<core>NULL</core>
<MemPortIdVec></MemPortIdVec>
<condition id="-1">
<or_exp><and_exp></and_exp></or_exp>
</condition>

<Node id="11" bw="8" op_0_bw="32">
<![CDATA[
:7  %kernel_2_2_7 = alloca i8

]]></Node>
<StgValue><ssdm name="kernel_2_2_7"/></StgValue>
</operation>

<operation id="24" st_id="1" stage="1" lat="1">
<core>NULL</core>
<MemPortIdVec></MemPortIdVec>
<condition id="-1">
<or_exp><and_exp></and_exp></or_exp>
</condition>

<Node id="12" bw="8" op_0_bw="32">
<![CDATA[
:8  %kernel_2_2_8 = alloca i8

]]></Node>
<StgValue><ssdm name="kernel_2_2_8"/></StgValue>
</operation>

<operation id="25" st_id="1" stage="1" lat="1">
<core>NULL</core>
<MemPortIdVec></MemPortIdVec>
<condition id="-1">
<or_exp><and_exp></and_exp></or_exp>
</condition>

<Node id="13" bw="0" op_0_bw="0" op_1_bw="8">
<![CDATA[
:9  call void (...)* @_ssdm_op_SpecBitsMap(i8* %inImage) nounwind, !map !13

]]></Node>
<StgValue><ssdm name="specbitsmap_ln0"/></StgValue>
</operation>

<operation id="26" st_id="1" stage="1" lat="1">
<core>NULL</core>
<MemPortIdVec></MemPortIdVec>
<condition id="-1">
<or_exp><and_exp></and_exp></or_exp>
</condition>

<Node id="14" bw="0" op_0_bw="0" op_1_bw="8">
<![CDATA[
:10  call void (...)* @_ssdm_op_SpecBitsMap([9 x i8]* %gauss_kernel) nounwind, !map !20

]]></Node>
<StgValue><ssdm name="specbitsmap_ln0"/></StgValue>
</operation>

<operation id="27" st_id="1" stage="1" lat="1">
<core>NULL</core>
<MemPortIdVec></MemPortIdVec>
<condition id="-1">
<or_exp><and_exp></and_exp></or_exp>
</condition>

<Node id="15" bw="0" op_0_bw="0" op_1_bw="8">
<![CDATA[
:11  call void (...)* @_ssdm_op_SpecBitsMap(i8* %outImage) nounwind, !map !26

]]></Node>
<StgValue><ssdm name="specbitsmap_ln0"/></StgValue>
</operation>

<operation id="28" st_id="1" stage="1" lat="1">
<core>NULL</core>
<MemPortIdVec></MemPortIdVec>
<condition id="-1">
<or_exp><and_exp></and_exp></or_exp>
</condition>

<Node id="16" bw="0" op_0_bw="0" op_1_bw="0">
<![CDATA[
:12  call void (...)* @_ssdm_op_SpecTopModule([11 x i8]* @gauss_blur_str) nounwind

]]></Node>
<StgValue><ssdm name="spectopmodule_ln0"/></StgValue>
</operation>

<operation id="29" st_id="1" stage="1" lat="1">
<core>RAM</core>
<MemPortIdVec></MemPortIdVec>
<condition id="-1">
<or_exp><and_exp></and_exp></or_exp>
</condition>

<Node id="17" bw="8" op_0_bw="64">
<![CDATA[
:13  %part_buffer_0 = alloca [480 x i8], align 16

]]></Node>
<StgValue><ssdm name="part_buffer_0"/></StgValue>
</operation>

<operation id="30" st_id="1" stage="1" lat="1">
<core>RAM</core>
<MemPortIdVec></MemPortIdVec>
<condition id="-1">
<or_exp><and_exp></and_exp></or_exp>
</condition>

<Node id="18" bw="8" op_0_bw="64">
<![CDATA[
:14  %part_buffer_1 = alloca [480 x i8], align 16

]]></Node>
<StgValue><ssdm name="part_buffer_1"/></StgValue>
</operation>

<operation id="31" st_id="1" stage="1" lat="1">
<core>NULL</core>
<MemPortIdVec></MemPortIdVec>
<condition id="-1">
<or_exp><and_exp></and_exp></or_exp>
</condition>

<Node id="19" bw="0" op_0_bw="0" op_1_bw="8" op_2_bw="0" op_3_bw="32" op_4_bw="32" op_5_bw="0" op_6_bw="32" op_7_bw="32" op_8_bw="0" op_9_bw="0" op_10_bw="0" op_11_bw="32" op_12_bw="32" op_13_bw="32" op_14_bw="32" op_15_bw="0" op_16_bw="0">
<![CDATA[
:15  call void (...)* @_ssdm_op_SpecInterface(i8* %inImage, [8 x i8]* @p_str3, i32 0, i32 0, [1 x i8]* @p_str2, i32 0, i32 0, [1 x i8]* @p_str2, [1 x i8]* @p_str2, [1 x i8]* @p_str2, i32 0, i32 0, i32 0, i32 0, [1 x i8]* @p_str2, [1 x i8]* @p_str2)

]]></Node>
<StgValue><ssdm name="specinterface_ln33"/></StgValue>
</operation>

<operation id="32" st_id="1" stage="1" lat="1">
<core>NULL</core>
<MemPortIdVec></MemPortIdVec>
<condition id="-1">
<or_exp><and_exp></and_exp></or_exp>
</condition>

<Node id="20" bw="0" op_0_bw="0" op_1_bw="8" op_2_bw="0" op_3_bw="32" op_4_bw="32" op_5_bw="0" op_6_bw="32" op_7_bw="32" op_8_bw="0" op_9_bw="0" op_10_bw="0" op_11_bw="32" op_12_bw="32" op_13_bw="32" op_14_bw="32" op_15_bw="0" op_16_bw="0">
<![CDATA[
:16  call void (...)* @_ssdm_op_SpecInterface(i8* %outImage, [8 x i8]* @p_str3, i32 0, i32 0, [1 x i8]* @p_str2, i32 0, i32 0, [1 x i8]* @p_str2, [1 x i8]* @p_str2, [1 x i8]* @p_str2, i32 0, i32 0, i32 0, i32 0, [1 x i8]* @p_str2, [1 x i8]* @p_str2)

]]></Node>
<StgValue><ssdm name="specinterface_ln33"/></StgValue>
</operation>

<operation id="33" st_id="1" stage="1" lat="1">
<core>NULL</core>
<MemPortIdVec></MemPortIdVec>
<condition id="-1">
<or_exp><and_exp></and_exp></or_exp>
</condition>

<Node id="21" bw="0" op_0_bw="0">
<![CDATA[
:17  br label %.loopexit

]]></Node>
<StgValue><ssdm name="br_ln38"/></StgValue>
</operation>
</state>

<state id="2" st_id="2">

<operation id="34" st_id="2" stage="1" lat="1">
<core>NULL</core>
<MemPortIdVec></MemPortIdVec>
<condition id="-1">
<or_exp><and_exp></and_exp></or_exp>
</condition>

<Node id="23" bw="2" op_0_bw="2" op_1_bw="0" op_2_bw="2" op_3_bw="0">
<![CDATA[
.loopexit:0  %i_0 = phi i2 [ 0, %0 ], [ %i, %.loopexit.loopexit ]

]]></Node>
<StgValue><ssdm name="i_0"/></StgValue>
</operation>

<operation id="35" st_id="2" stage="1" lat="1">
<core>Cmp</core>
<MemPortIdVec></MemPortIdVec>
<condition id="-1">
<or_exp><and_exp></and_exp></or_exp>
</condition>

<Node id="24" bw="1" op_0_bw="2" op_1_bw="2">
<![CDATA[
.loopexit:1  %icmp_ln38 = icmp eq i2 %i_0, -1

]]></Node>
<StgValue><ssdm name="icmp_ln38"/></StgValue>
</operation>

<operation id="36" st_id="2" stage="1" lat="1">
<core>NULL</core>
<MemPortIdVec></MemPortIdVec>
<condition id="-1">
<or_exp><and_exp></and_exp></or_exp>
</condition>

<Node id="25" bw="32" op_0_bw="32" op_1_bw="64" op_2_bw="64" op_3_bw="64">
<![CDATA[
.loopexit:2  %empty = call i32 (...)* @_ssdm_op_SpecLoopTripCount(i64 3, i64 3, i64 3) nounwind

]]></Node>
<StgValue><ssdm name="empty"/></StgValue>
</operation>

<operation id="37" st_id="2" stage="1" lat="1">
<core>AddSub</core>
<MemPortIdVec></MemPortIdVec>
<condition id="-1">
<or_exp><and_exp></and_exp></or_exp>
</condition>

<Node id="26" bw="2" op_0_bw="2" op_1_bw="2">
<![CDATA[
.loopexit:3  %i = add i2 %i_0, 1

]]></Node>
<StgValue><ssdm name="i"/></StgValue>
</operation>

<operation id="38" st_id="2" stage="1" lat="1">
<core>NULL</core>
<MemPortIdVec></MemPortIdVec>
<condition id="-1">
<or_exp><and_exp></and_exp></or_exp>
</condition>

<Node id="27" bw="0" op_0_bw="1" op_1_bw="0" op_2_bw="0">
<![CDATA[
.loopexit:4  br i1 %icmp_ln38, label %.preheader.preheader, label %.preheader5.preheader

]]></Node>
<StgValue><ssdm name="br_ln38"/></StgValue>
</operation>

<operation id="39" st_id="2" stage="1" lat="1">
<core>NULL</core>
<MemPortIdVec></MemPortIdVec>
<condition id="-1">
<or_exp><and_exp><literal name="icmp_ln38" val="0"/>
</and_exp></or_exp>
</condition>

<Node id="29" bw="5" op_0_bw="2">
<![CDATA[
.preheader5.preheader:0  %zext_ln40 = zext i2 %i_0 to i5

]]></Node>
<StgValue><ssdm name="zext_ln40"/></StgValue>
</operation>

<operation id="40" st_id="2" stage="1" lat="1">
<core>NULL</core>
<MemPortIdVec></MemPortIdVec>
<condition id="-1">
<or_exp><and_exp><literal name="icmp_ln38" val="0"/>
</and_exp></or_exp>
</condition>

<Node id="30" bw="4" op_0_bw="4" op_1_bw="2" op_2_bw="2">
<![CDATA[
.preheader5.preheader:1  %tmp_8 = call i4 @_ssdm_op_BitConcatenate.i4.i2.i2(i2 %i_0, i2 0)

]]></Node>
<StgValue><ssdm name="tmp_8"/></StgValue>
</operation>

<operation id="41" st_id="2" stage="1" lat="1">
<core>NULL</core>
<MemPortIdVec></MemPortIdVec>
<condition id="-1">
<or_exp><and_exp><literal name="icmp_ln38" val="0"/>
</and_exp></or_exp>
</condition>

<Node id="31" bw="5" op_0_bw="4">
<![CDATA[
.preheader5.preheader:2  %zext_ln40_1 = zext i4 %tmp_8 to i5

]]></Node>
<StgValue><ssdm name="zext_ln40_1"/></StgValue>
</operation>

<operation id="42" st_id="2" stage="1" lat="1">
<core>AddSub</core>
<MemPortIdVec></MemPortIdVec>
<condition id="-1">
<or_exp><and_exp><literal name="icmp_ln38" val="0"/>
</and_exp></or_exp>
</condition>

<Node id="32" bw="5" op_0_bw="5" op_1_bw="5">
<![CDATA[
.preheader5.preheader:3  %sub_ln40 = sub i5 %zext_ln40_1, %zext_ln40

]]></Node>
<StgValue><ssdm name="sub_ln40"/></StgValue>
</operation>

<operation id="43" st_id="2" stage="1" lat="1">
<core>NULL</core>
<MemPortIdVec></MemPortIdVec>
<condition id="-1">
<or_exp><and_exp><literal name="icmp_ln38" val="0"/>
</and_exp></or_exp>
</condition>

<Node id="33" bw="0" op_0_bw="0">
<![CDATA[
.preheader5.preheader:4  br label %.preheader5

]]></Node>
<StgValue><ssdm name="br_ln39"/></StgValue>
</operation>

<operation id="44" st_id="2" stage="1" lat="1">
<core>NULL</core>
<MemPortIdVec></MemPortIdVec>
<condition id="-1">
<or_exp><and_exp><literal name="icmp_ln38" val="1"/>
</and_exp></or_exp>
</condition>

<Node id="85" bw="8" op_0_bw="32">
<![CDATA[
.preheader.preheader:0  %window_2_0 = alloca i8

]]></Node>
<StgValue><ssdm name="window_2_0"/></StgValue>
</operation>

<operation id="45" st_id="2" stage="1" lat="1">
<core>NULL</core>
<MemPortIdVec></MemPortIdVec>
<condition id="-1">
<or_exp><and_exp><literal name="icmp_ln38" val="1"/>
</and_exp></or_exp>
</condition>

<Node id="86" bw="8" op_0_bw="32">
<![CDATA[
.preheader.preheader:1  %window_2_1 = alloca i8

]]></Node>
<StgValue><ssdm name="window_2_1"/></StgValue>
</operation>

<operation id="46" st_id="2" stage="1" lat="1">
<core>NULL</core>
<MemPortIdVec></MemPortIdVec>
<condition id="-1">
<or_exp><and_exp><literal name="icmp_ln38" val="1"/>
</and_exp></or_exp>
</condition>

<Node id="87" bw="8" op_0_bw="32">
<![CDATA[
.preheader.preheader:2  %window_0_2_1 = alloca i8

]]></Node>
<StgValue><ssdm name="window_0_2_1"/></StgValue>
</operation>

<operation id="47" st_id="2" stage="1" lat="1">
<core>NULL</core>
<MemPortIdVec></MemPortIdVec>
<condition id="-1">
<or_exp><and_exp><literal name="icmp_ln38" val="1"/>
</and_exp></or_exp>
</condition>

<Node id="88" bw="8" op_0_bw="32">
<![CDATA[
.preheader.preheader:3  %window_2_0_1 = alloca i8

]]></Node>
<StgValue><ssdm name="window_2_0_1"/></StgValue>
</operation>

<operation id="48" st_id="2" stage="1" lat="1">
<core>NULL</core>
<MemPortIdVec></MemPortIdVec>
<condition id="-1">
<or_exp><and_exp><literal name="icmp_ln38" val="1"/>
</and_exp></or_exp>
</condition>

<Node id="89" bw="8" op_0_bw="32">
<![CDATA[
.preheader.preheader:4  %window_2_1_1 = alloca i8

]]></Node>
<StgValue><ssdm name="window_2_1_1"/></StgValue>
</operation>

<operation id="49" st_id="2" stage="1" lat="1">
<core>NULL</core>
<MemPortIdVec></MemPortIdVec>
<condition id="-1">
<or_exp><and_exp><literal name="icmp_ln38" val="1"/>
</and_exp></or_exp>
</condition>

<Node id="90" bw="8" op_0_bw="32">
<![CDATA[
.preheader.preheader:5  %window_1_2_1 = alloca i8

]]></Node>
<StgValue><ssdm name="window_1_2_1"/></StgValue>
</operation>

<operation id="50" st_id="2" stage="1" lat="1">
<core>NULL</core>
<MemPortIdVec></MemPortIdVec>
<condition id="-1">
<or_exp><and_exp><literal name="icmp_ln38" val="1"/>
</and_exp></or_exp>
</condition>

<Node id="91" bw="8" op_0_bw="32">
<![CDATA[
.preheader.preheader:6  %window_2_0_2 = alloca i8

]]></Node>
<StgValue><ssdm name="window_2_0_2"/></StgValue>
</operation>

<operation id="51" st_id="2" stage="1" lat="1">
<core>NULL</core>
<MemPortIdVec></MemPortIdVec>
<condition id="-1">
<or_exp><and_exp><literal name="icmp_ln38" val="1"/>
</and_exp></or_exp>
</condition>

<Node id="92" bw="8" op_0_bw="32">
<![CDATA[
.preheader.preheader:7  %window_2_1_2 = alloca i8

]]></Node>
<StgValue><ssdm name="window_2_1_2"/></StgValue>
</operation>

<operation id="52" st_id="2" stage="1" lat="1">
<core>NULL</core>
<MemPortIdVec></MemPortIdVec>
<condition id="-1">
<or_exp><and_exp><literal name="icmp_ln38" val="1"/>
</and_exp></or_exp>
</condition>

<Node id="93" bw="8" op_0_bw="32">
<![CDATA[
.preheader.preheader:8  %window_2_2_1 = alloca i8

]]></Node>
<StgValue><ssdm name="window_2_2_1"/></StgValue>
</operation>

<operation id="53" st_id="2" stage="1" lat="1">
<core>NULL</core>
<MemPortIdVec></MemPortIdVec>
<condition id="-1">
<or_exp><and_exp><literal name="icmp_ln38" val="1"/>
</and_exp></or_exp>
</condition>

<Node id="94" bw="0" op_0_bw="0">
<![CDATA[
.preheader.preheader:9  br label %.preheader

]]></Node>
<StgValue><ssdm name="br_ln46"/></StgValue>
</operation>
</state>

<state id="3" st_id="3">

<operation id="54" st_id="3" stage="1" lat="1">
<core>NULL</core>
<MemPortIdVec></MemPortIdVec>
<condition id="-1">
<or_exp><and_exp></and_exp></or_exp>
</condition>

<Node id="35" bw="2" op_0_bw="2" op_1_bw="0" op_2_bw="2" op_3_bw="0">
<![CDATA[
.preheader5:0  %j_0 = phi i2 [ 0, %.preheader5.preheader ], [ %j, %.preheader5.backedge ]

]]></Node>
<StgValue><ssdm name="j_0"/></StgValue>
</operation>

<operation id="55" st_id="3" stage="1" lat="1">
<core>Cmp</core>
<MemPortIdVec></MemPortIdVec>
<condition id="-1">
<or_exp><and_exp></and_exp></or_exp>
</condition>

<Node id="36" bw="1" op_0_bw="2" op_1_bw="2">
<![CDATA[
.preheader5:1  %icmp_ln39 = icmp eq i2 %j_0, -1

]]></Node>
<StgValue><ssdm name="icmp_ln39"/></StgValue>
</operation>

<operation id="56" st_id="3" stage="1" lat="1">
<core>NULL</core>
<MemPortIdVec></MemPortIdVec>
<condition id="-1">
<or_exp><and_exp></and_exp></or_exp>
</condition>

<Node id="37" bw="32" op_0_bw="32" op_1_bw="64" op_2_bw="64" op_3_bw="64">
<![CDATA[
.preheader5:2  %empty_6 = call i32 (...)* @_ssdm_op_SpecLoopTripCount(i64 3, i64 3, i64 3) nounwind

]]></Node>
<StgValue><ssdm name="empty_6"/></StgValue>
</operation>

<operation id="57" st_id="3" stage="1" lat="1">
<core>AddSub</core>
<MemPortIdVec></MemPortIdVec>
<condition id="-1">
<or_exp><and_exp></and_exp></or_exp>
</condition>

<Node id="38" bw="2" op_0_bw="2" op_1_bw="2">
<![CDATA[
.preheader5:3  %j = add i2 %j_0, 1

]]></Node>
<StgValue><ssdm name="j"/></StgValue>
</operation>

<operation id="58" st_id="3" stage="1" lat="1">
<core>NULL</core>
<MemPortIdVec></MemPortIdVec>
<condition id="-1">
<or_exp><and_exp></and_exp></or_exp>
</condition>

<Node id="39" bw="0" op_0_bw="1" op_1_bw="0" op_2_bw="0">
<![CDATA[
.preheader5:4  br i1 %icmp_ln39, label %.loopexit.loopexit, label %1

]]></Node>
<StgValue><ssdm name="br_ln39"/></StgValue>
</operation>

<operation id="59" st_id="3" stage="1" lat="1">
<core>NULL</core>
<MemPortIdVec></MemPortIdVec>
<condition id="-1">
<or_exp><and_exp><literal name="icmp_ln39" val="0"/>
</and_exp></or_exp>
</condition>

<Node id="41" bw="5" op_0_bw="2">
<![CDATA[
:0  %zext_ln40_2 = zext i2 %j_0 to i5

]]></Node>
<StgValue><ssdm name="zext_ln40_2"/></StgValue>
</operation>

<operation id="60" st_id="3" stage="1" lat="1">
<core>AddSub</core>
<MemPortIdVec></MemPortIdVec>
<condition id="-1">
<or_exp><and_exp><literal name="icmp_ln39" val="0"/>
</and_exp></or_exp>
</condition>

<Node id="42" bw="5" op_0_bw="5" op_1_bw="5">
<![CDATA[
:1  %add_ln40 = add i5 %sub_ln40, %zext_ln40_2

]]></Node>
<StgValue><ssdm name="add_ln40"/></StgValue>
</operation>

<operation id="61" st_id="3" stage="1" lat="1">
<core>NULL</core>
<MemPortIdVec></MemPortIdVec>
<condition id="-1">
<or_exp><and_exp><literal name="icmp_ln39" val="0"/>
</and_exp></or_exp>
</condition>

<Node id="43" bw="64" op_0_bw="5">
<![CDATA[
:2  %sext_ln40 = sext i5 %add_ln40 to i64

]]></Node>
<StgValue><ssdm name="sext_ln40"/></StgValue>
</operation>

<operation id="62" st_id="3" stage="1" lat="1">
<core>NULL</core>
<MemPortIdVec></MemPortIdVec>
<condition id="-1">
<or_exp><and_exp><literal name="icmp_ln39" val="0"/>
</and_exp></or_exp>
</condition>

<Node id="44" bw="4" op_0_bw="8" op_1_bw="64" op_2_bw="64">
<![CDATA[
:3  %gauss_kernel_addr = getelementptr [9 x i8]* %gauss_kernel, i64 0, i64 %sext_ln40

]]></Node>
<StgValue><ssdm name="gauss_kernel_addr"/></StgValue>
</operation>

<operation id="63" st_id="3" stage="2" lat="2">
<core>RAM</core>
<MemPortIdVec></MemPortIdVec>
<condition id="-1">
<or_exp><and_exp><literal name="icmp_ln39" val="0"/>
</and_exp></or_exp>
</condition>

<Node id="45" bw="8" op_0_bw="4">
<![CDATA[
:4  %kernel_2_0 = load i8* %gauss_kernel_addr, align 1

]]></Node>
<StgValue><ssdm name="kernel_2_0"/></StgValue>
</operation>

<operation id="64" st_id="3" stage="1" lat="1">
<core>NULL</core>
<MemPortIdVec></MemPortIdVec>
<condition id="-1">
<or_exp><and_exp><literal name="icmp_ln39" val="1"/>
</and_exp></or_exp>
</condition>

<Node id="83" bw="0" op_0_bw="0">
<![CDATA[
.loopexit.loopexit:0  br label %.loopexit

]]></Node>
<StgValue><ssdm name="br_ln0"/></StgValue>
</operation>
</state>

<state id="4" st_id="4">

<operation id="65" st_id="4" stage="1" lat="2">
<core>RAM</core>
<MemPortIdVec></MemPortIdVec>
<condition id="-1">
<or_exp><and_exp></and_exp></or_exp>
</condition>

<Node id="45" bw="8" op_0_bw="4">
<![CDATA[
:4  %kernel_2_0 = load i8* %gauss_kernel_addr, align 1

]]></Node>
<StgValue><ssdm name="kernel_2_0"/></StgValue>
</operation>

<operation id="66" st_id="4" stage="1" lat="1">
<core>NULL</core>
<MemPortIdVec></MemPortIdVec>
<condition id="-1">
<or_exp><and_exp></and_exp></or_exp>
</condition>

<Node id="46" bw="0" op_0_bw="2" op_1_bw="0" op_2_bw="2" op_3_bw="0" op_4_bw="2" op_5_bw="0">
<![CDATA[
:5  switch i2 %i_0, label %branch8 [
    i2 0, label %branch6
    i2 1, label %branch7
  ]

]]></Node>
<StgValue><ssdm name="switch_ln40"/></StgValue>
</operation>

<operation id="67" st_id="4" stage="1" lat="1">
<core>NULL</core>
<MemPortIdVec></MemPortIdVec>
<condition id="-1">
<or_exp><and_exp><literal name="i_0" val="1"/>
</and_exp></or_exp>
</condition>

<Node id="48" bw="0" op_0_bw="2" op_1_bw="0" op_2_bw="2" op_3_bw="0" op_4_bw="2" op_5_bw="0">
<![CDATA[
branch7:0  switch i2 %j_0, label %branch14 [
    i2 0, label %branch7..preheader5.backedge_crit_edge
    i2 1, label %branch13
  ]

]]></Node>
<StgValue><ssdm name="switch_ln40"/></StgValue>
</operation>

<operation id="68" st_id="4" stage="1" lat="1">
<core>NULL</core>
<MemPortIdVec></MemPortIdVec>
<condition id="-1">
<or_exp><and_exp><literal name="i_0" val="1"/>
<literal name="j_0" val="1"/>
</and_exp></or_exp>
</condition>

<Node id="50" bw="0" op_0_bw="8" op_1_bw="8">
<![CDATA[
branch13:0  store i8 %kernel_2_0, i8* %kernel_2_2_4

]]></Node>
<StgValue><ssdm name="store_ln40"/></StgValue>
</operation>

<operation id="69" st_id="4" stage="1" lat="1">
<core>NULL</core>
<MemPortIdVec></MemPortIdVec>
<condition id="-1">
<or_exp><and_exp><literal name="i_0" val="1"/>
<literal name="j_0" val="1"/>
</and_exp></or_exp>
</condition>

<Node id="51" bw="0" op_0_bw="0">
<![CDATA[
branch13:1  br label %.preheader5.backedge

]]></Node>
<StgValue><ssdm name="br_ln40"/></StgValue>
</operation>

<operation id="70" st_id="4" stage="1" lat="1">
<core>NULL</core>
<MemPortIdVec></MemPortIdVec>
<condition id="-1">
<or_exp><and_exp><literal name="i_0" val="1"/>
<literal name="j_0" val="0"/>
</and_exp></or_exp>
</condition>

<Node id="53" bw="0" op_0_bw="8" op_1_bw="8">
<![CDATA[
branch7..preheader5.backedge_crit_edge:0  store i8 %kernel_2_0, i8* %kernel_2_2_3

]]></Node>
<StgValue><ssdm name="store_ln40"/></StgValue>
</operation>

<operation id="71" st_id="4" stage="1" lat="1">
<core>NULL</core>
<MemPortIdVec></MemPortIdVec>
<condition id="-1">
<or_exp><and_exp><literal name="i_0" val="1"/>
<literal name="j_0" val="0"/>
</and_exp></or_exp>
</condition>

<Node id="54" bw="0" op_0_bw="0">
<![CDATA[
branch7..preheader5.backedge_crit_edge:1  br label %.preheader5.backedge

]]></Node>
<StgValue><ssdm name="br_ln40"/></StgValue>
</operation>

<operation id="72" st_id="4" stage="1" lat="1">
<core>NULL</core>
<MemPortIdVec></MemPortIdVec>
<condition id="-1">
<or_exp><and_exp><literal name="i_0" val="1"/>
<literal name="j_0" val="!0"/>
<literal name="j_0" val="!1"/>
</and_exp></or_exp>
</condition>

<Node id="56" bw="0" op_0_bw="8" op_1_bw="8">
<![CDATA[
branch14:0  store i8 %kernel_2_0, i8* %kernel_2_2_5

]]></Node>
<StgValue><ssdm name="store_ln40"/></StgValue>
</operation>

<operation id="73" st_id="4" stage="1" lat="1">
<core>NULL</core>
<MemPortIdVec></MemPortIdVec>
<condition id="-1">
<or_exp><and_exp><literal name="i_0" val="1"/>
<literal name="j_0" val="!0"/>
<literal name="j_0" val="!1"/>
</and_exp></or_exp>
</condition>

<Node id="57" bw="0" op_0_bw="0">
<![CDATA[
branch14:1  br label %.preheader5.backedge

]]></Node>
<StgValue><ssdm name="br_ln40"/></StgValue>
</operation>

<operation id="74" st_id="4" stage="1" lat="1">
<core>NULL</core>
<MemPortIdVec></MemPortIdVec>
<condition id="-1">
<or_exp><and_exp><literal name="i_0" val="0"/>
</and_exp></or_exp>
</condition>

<Node id="59" bw="0" op_0_bw="2" op_1_bw="0" op_2_bw="2" op_3_bw="0" op_4_bw="2" op_5_bw="0">
<![CDATA[
branch6:0  switch i2 %j_0, label %branch11 [
    i2 0, label %branch6..preheader5.backedge_crit_edge
    i2 1, label %branch10
  ]

]]></Node>
<StgValue><ssdm name="switch_ln40"/></StgValue>
</operation>

<operation id="75" st_id="4" stage="1" lat="1">
<core>NULL</core>
<MemPortIdVec></MemPortIdVec>
<condition id="-1">
<or_exp><and_exp><literal name="i_0" val="0"/>
<literal name="j_0" val="1"/>
</and_exp></or_exp>
</condition>

<Node id="61" bw="0" op_0_bw="8" op_1_bw="8">
<![CDATA[
branch10:0  store i8 %kernel_2_0, i8* %kernel_2_2_1

]]></Node>
<StgValue><ssdm name="store_ln40"/></StgValue>
</operation>

<operation id="76" st_id="4" stage="1" lat="1">
<core>NULL</core>
<MemPortIdVec></MemPortIdVec>
<condition id="-1">
<or_exp><and_exp><literal name="i_0" val="0"/>
<literal name="j_0" val="1"/>
</and_exp></or_exp>
</condition>

<Node id="62" bw="0" op_0_bw="0">
<![CDATA[
branch10:1  br label %.preheader5.backedge

]]></Node>
<StgValue><ssdm name="br_ln40"/></StgValue>
</operation>

<operation id="77" st_id="4" stage="1" lat="1">
<core>NULL</core>
<MemPortIdVec></MemPortIdVec>
<condition id="-1">
<or_exp><and_exp><literal name="i_0" val="0"/>
<literal name="j_0" val="0"/>
</and_exp></or_exp>
</condition>

<Node id="64" bw="0" op_0_bw="8" op_1_bw="8">
<![CDATA[
branch6..preheader5.backedge_crit_edge:0  store i8 %kernel_2_0, i8* %kernel_2_2

]]></Node>
<StgValue><ssdm name="store_ln40"/></StgValue>
</operation>

<operation id="78" st_id="4" stage="1" lat="1">
<core>NULL</core>
<MemPortIdVec></MemPortIdVec>
<condition id="-1">
<or_exp><and_exp><literal name="i_0" val="0"/>
<literal name="j_0" val="0"/>
</and_exp></or_exp>
</condition>

<Node id="65" bw="0" op_0_bw="0">
<![CDATA[
branch6..preheader5.backedge_crit_edge:1  br label %.preheader5.backedge

]]></Node>
<StgValue><ssdm name="br_ln40"/></StgValue>
</operation>

<operation id="79" st_id="4" stage="1" lat="1">
<core>NULL</core>
<MemPortIdVec></MemPortIdVec>
<condition id="-1">
<or_exp><and_exp><literal name="i_0" val="0"/>
<literal name="j_0" val="!0"/>
<literal name="j_0" val="!1"/>
</and_exp></or_exp>
</condition>

<Node id="67" bw="0" op_0_bw="8" op_1_bw="8">
<![CDATA[
branch11:0  store i8 %kernel_2_0, i8* %kernel_2_2_2

]]></Node>
<StgValue><ssdm name="store_ln40"/></StgValue>
</operation>

<operation id="80" st_id="4" stage="1" lat="1">
<core>NULL</core>
<MemPortIdVec></MemPortIdVec>
<condition id="-1">
<or_exp><and_exp><literal name="i_0" val="0"/>
<literal name="j_0" val="!0"/>
<literal name="j_0" val="!1"/>
</and_exp></or_exp>
</condition>

<Node id="68" bw="0" op_0_bw="0">
<![CDATA[
branch11:1  br label %.preheader5.backedge

]]></Node>
<StgValue><ssdm name="br_ln40"/></StgValue>
</operation>

<operation id="81" st_id="4" stage="1" lat="1">
<core>NULL</core>
<MemPortIdVec></MemPortIdVec>
<condition id="-1">
<or_exp><and_exp><literal name="i_0" val="!0"/>
<literal name="i_0" val="!1"/>
</and_exp></or_exp>
</condition>

<Node id="70" bw="0" op_0_bw="2" op_1_bw="0" op_2_bw="2" op_3_bw="0" op_4_bw="2" op_5_bw="0">
<![CDATA[
branch8:0  switch i2 %j_0, label %branch17 [
    i2 0, label %branch8..preheader5.backedge_crit_edge
    i2 1, label %branch16
  ]

]]></Node>
<StgValue><ssdm name="switch_ln40"/></StgValue>
</operation>

<operation id="82" st_id="4" stage="1" lat="1">
<core>NULL</core>
<MemPortIdVec></MemPortIdVec>
<condition id="-1">
<or_exp><and_exp><literal name="i_0" val="!0"/>
<literal name="i_0" val="!1"/>
<literal name="j_0" val="1"/>
</and_exp></or_exp>
</condition>

<Node id="72" bw="0" op_0_bw="8" op_1_bw="8">
<![CDATA[
branch16:0  store i8 %kernel_2_0, i8* %kernel_2_2_7

]]></Node>
<StgValue><ssdm name="store_ln40"/></StgValue>
</operation>

<operation id="83" st_id="4" stage="1" lat="1">
<core>NULL</core>
<MemPortIdVec></MemPortIdVec>
<condition id="-1">
<or_exp><and_exp><literal name="i_0" val="!0"/>
<literal name="i_0" val="!1"/>
<literal name="j_0" val="1"/>
</and_exp></or_exp>
</condition>

<Node id="73" bw="0" op_0_bw="0">
<![CDATA[
branch16:1  br label %.preheader5.backedge

]]></Node>
<StgValue><ssdm name="br_ln40"/></StgValue>
</operation>

<operation id="84" st_id="4" stage="1" lat="1">
<core>NULL</core>
<MemPortIdVec></MemPortIdVec>
<condition id="-1">
<or_exp><and_exp><literal name="i_0" val="!0"/>
<literal name="i_0" val="!1"/>
<literal name="j_0" val="0"/>
</and_exp></or_exp>
</condition>

<Node id="75" bw="0" op_0_bw="8" op_1_bw="8">
<![CDATA[
branch8..preheader5.backedge_crit_edge:0  store i8 %kernel_2_0, i8* %kernel_2_2_6

]]></Node>
<StgValue><ssdm name="store_ln40"/></StgValue>
</operation>

<operation id="85" st_id="4" stage="1" lat="1">
<core>NULL</core>
<MemPortIdVec></MemPortIdVec>
<condition id="-1">
<or_exp><and_exp><literal name="i_0" val="!0"/>
<literal name="i_0" val="!1"/>
<literal name="j_0" val="0"/>
</and_exp></or_exp>
</condition>

<Node id="76" bw="0" op_0_bw="0">
<![CDATA[
branch8..preheader5.backedge_crit_edge:1  br label %.preheader5.backedge

]]></Node>
<StgValue><ssdm name="br_ln40"/></StgValue>
</operation>

<operation id="86" st_id="4" stage="1" lat="1">
<core>NULL</core>
<MemPortIdVec></MemPortIdVec>
<condition id="-1">
<or_exp><and_exp><literal name="i_0" val="!0"/>
<literal name="i_0" val="!1"/>
<literal name="j_0" val="!0"/>
<literal name="j_0" val="!1"/>
</and_exp></or_exp>
</condition>

<Node id="78" bw="0" op_0_bw="8" op_1_bw="8">
<![CDATA[
branch17:0  store i8 %kernel_2_0, i8* %kernel_2_2_8

]]></Node>
<StgValue><ssdm name="store_ln40"/></StgValue>
</operation>

<operation id="87" st_id="4" stage="1" lat="1">
<core>NULL</core>
<MemPortIdVec></MemPortIdVec>
<condition id="-1">
<or_exp><and_exp><literal name="i_0" val="!0"/>
<literal name="i_0" val="!1"/>
<literal name="j_0" val="!0"/>
<literal name="j_0" val="!1"/>
</and_exp></or_exp>
</condition>

<Node id="79" bw="0" op_0_bw="0">
<![CDATA[
branch17:1  br label %.preheader5.backedge

]]></Node>
<StgValue><ssdm name="br_ln40"/></StgValue>
</operation>
</state>

<state id="5" st_id="5">

<operation id="88" st_id="5" stage="1" lat="1">
<core>NULL</core>
<MemPortIdVec></MemPortIdVec>
<condition id="-1">
<or_exp><and_exp></and_exp></or_exp>
</condition>

<Node id="81" bw="0" op_0_bw="0">
<![CDATA[
.preheader5.backedge:0  br label %.preheader5

]]></Node>
<StgValue><ssdm name="br_ln0"/></StgValue>
</operation>
</state>

<state id="6" st_id="6">

<operation id="89" st_id="6" stage="1" lat="1">
<core>NULL</core>
<MemPortIdVec></MemPortIdVec>
<condition id="-1">
<or_exp><and_exp></and_exp></or_exp>
</condition>

<Node id="96" bw="10" op_0_bw="10" op_1_bw="0" op_2_bw="10" op_3_bw="0">
<![CDATA[
.preheader:0  %row_0 = phi i10 [ %row, %L2_end ], [ 0, %.preheader.preheader ]

]]></Node>
<StgValue><ssdm name="row_0"/></StgValue>
</operation>

<operation id="90" st_id="6" stage="1" lat="1">
<core>NULL</core>
<MemPortIdVec></MemPortIdVec>
<condition id="-1">
<or_exp><and_exp></and_exp></or_exp>
</condition>

<Node id="97" bw="11" op_0_bw="10">
<![CDATA[
.preheader:1  %zext_ln46 = zext i10 %row_0 to i11

]]></Node>
<StgValue><ssdm name="zext_ln46"/></StgValue>
</operation>

<operation id="91" st_id="6" stage="1" lat="1">
<core>Cmp</core>
<MemPortIdVec></MemPortIdVec>
<condition id="-1">
<or_exp><and_exp></and_exp></or_exp>
</condition>

<Node id="98" bw="1" op_0_bw="10" op_1_bw="10">
<![CDATA[
.preheader:2  %icmp_ln46 = icmp eq i10 %row_0, -383

]]></Node>
<StgValue><ssdm name="icmp_ln46"/></StgValue>
</operation>

<operation id="92" st_id="6" stage="1" lat="1">
<core>NULL</core>
<MemPortIdVec></MemPortIdVec>
<condition id="-1">
<or_exp><and_exp></and_exp></or_exp>
</condition>

<Node id="99" bw="32" op_0_bw="32" op_1_bw="64" op_2_bw="64" op_3_bw="64">
<![CDATA[
.preheader:3  %empty_7 = call i32 (...)* @_ssdm_op_SpecLoopTripCount(i64 641, i64 641, i64 641) nounwind

]]></Node>
<StgValue><ssdm name="empty_7"/></StgValue>
</operation>

<operation id="93" st_id="6" stage="1" lat="1">
<core>AddSub</core>
<MemPortIdVec></MemPortIdVec>
<condition id="-1">
<or_exp><and_exp></and_exp></or_exp>
</condition>

<Node id="100" bw="10" op_0_bw="10" op_1_bw="10">
<![CDATA[
.preheader:4  %row = add i10 %row_0, 1

]]></Node>
<StgValue><ssdm name="row"/></StgValue>
</operation>

<operation id="94" st_id="6" stage="1" lat="1">
<core>NULL</core>
<MemPortIdVec></MemPortIdVec>
<condition id="-1">
<or_exp><and_exp></and_exp></or_exp>
</condition>

<Node id="101" bw="0" op_0_bw="1" op_1_bw="0" op_2_bw="0">
<![CDATA[
.preheader:5  br i1 %icmp_ln46, label %10, label %L2_begin

]]></Node>
<StgValue><ssdm name="br_ln46"/></StgValue>
</operation>

<operation id="95" st_id="6" stage="1" lat="1">
<core>NULL</core>
<MemPortIdVec></MemPortIdVec>
<condition id="-1">
<or_exp><and_exp><literal name="icmp_ln46" val="0"/>
</and_exp></or_exp>
</condition>

<Node id="103" bw="0" op_0_bw="0" op_1_bw="0">
<![CDATA[
L2_begin:0  call void (...)* @_ssdm_op_SpecLoopName([3 x i8]* @p_str5) nounwind

]]></Node>
<StgValue><ssdm name="specloopname_ln46"/></StgValue>
</operation>

<operation id="96" st_id="6" stage="1" lat="1">
<core>NULL</core>
<MemPortIdVec></MemPortIdVec>
<condition id="-1">
<or_exp><and_exp><literal name="icmp_ln46" val="0"/>
</and_exp></or_exp>
</condition>

<Node id="104" bw="32" op_0_bw="32" op_1_bw="0">
<![CDATA[
L2_begin:1  %tmp = call i32 (...)* @_ssdm_op_SpecRegionBegin([3 x i8]* @p_str5) nounwind

]]></Node>
<StgValue><ssdm name="tmp"/></StgValue>
</operation>

<operation id="97" st_id="6" stage="1" lat="1">
<core>Cmp</core>
<MemPortIdVec></MemPortIdVec>
<condition id="-1">
<or_exp><and_exp><literal name="icmp_ln46" val="0"/>
</and_exp></or_exp>
</condition>

<Node id="105" bw="1" op_0_bw="10" op_1_bw="10">
<![CDATA[
L2_begin:2  %icmp_ln50 = icmp ult i10 %row_0, -384

]]></Node>
<StgValue><ssdm name="icmp_ln50"/></StgValue>
</operation>

<operation id="98" st_id="6" stage="1" lat="1">
<core>Cmp</core>
<MemPortIdVec></MemPortIdVec>
<condition id="-1">
<or_exp><and_exp><literal name="icmp_ln46" val="0"/>
</and_exp></or_exp>
</condition>

<Node id="106" bw="1" op_0_bw="10" op_1_bw="10">
<![CDATA[
L2_begin:3  %icmp_ln68 = icmp ne i10 %row_0, 0

]]></Node>
<StgValue><ssdm name="icmp_ln68"/></StgValue>
</operation>

<operation id="99" st_id="6" stage="1" lat="1">
<core>AddSub</core>
<MemPortIdVec></MemPortIdVec>
<condition id="-1">
<or_exp><and_exp><literal name="icmp_ln46" val="0"/>
</and_exp></or_exp>
</condition>

<Node id="107" bw="11" op_0_bw="11" op_1_bw="11">
<![CDATA[
L2_begin:4  %outrow = add i11 %zext_ln46, -1

]]></Node>
<StgValue><ssdm name="outrow"/></StgValue>
</operation>

<operation id="100" st_id="6" stage="1" lat="1">
<core>Cmp</core>
<MemPortIdVec></MemPortIdVec>
<condition id="-1">
<or_exp><and_exp><literal name="icmp_ln46" val="0"/>
</and_exp></or_exp>
</condition>

<Node id="108" bw="1" op_0_bw="11" op_1_bw="11">
<![CDATA[
L2_begin:5  %icmp_ln73 = icmp eq i11 %outrow, 0

]]></Node>
<StgValue><ssdm name="icmp_ln73"/></StgValue>
</operation>

<operation id="101" st_id="6" stage="1" lat="1">
<core>Cmp</core>
<MemPortIdVec></MemPortIdVec>
<condition id="-1">
<or_exp><and_exp><literal name="icmp_ln46" val="0"/>
</and_exp></or_exp>
</condition>

<Node id="109" bw="1" op_0_bw="11" op_1_bw="11">
<![CDATA[
L2_begin:6  %icmp_ln73_1 = icmp eq i11 %outrow, 639

]]></Node>
<StgValue><ssdm name="icmp_ln73_1"/></StgValue>
</operation>

<operation id="102" st_id="6" stage="1" lat="1">
<core>NULL</core>
<MemPortIdVec></MemPortIdVec>
<condition id="-1">
<or_exp><and_exp><literal name="icmp_ln46" val="0"/>
</and_exp></or_exp>
</condition>

<Node id="110" bw="0" op_0_bw="0">
<![CDATA[
L2_begin:7  br label %2

]]></Node>
<StgValue><ssdm name="br_ln47"/></StgValue>
</operation>

<operation id="103" st_id="6" stage="1" lat="1">
<core>NULL</core>
<MemPortIdVec></MemPortIdVec>
<condition id="-1">
<or_exp><and_exp><literal name="icmp_ln46" val="1"/>
</and_exp></or_exp>
</condition>

<Node id="252" bw="0">
<![CDATA[
:0  ret void

]]></Node>
<StgValue><ssdm name="ret_ln83"/></StgValue>
</operation>
</state>

<state id="7" st_id="7">

<operation id="104" st_id="7" stage="1" lat="1">
<core>NULL</core>
<MemPortIdVec></MemPortIdVec>
<condition id="-1">
<or_exp><and_exp></and_exp></or_exp>
</condition>

<Node id="112" bw="9" op_0_bw="9" op_1_bw="0" op_2_bw="9" op_3_bw="0">
<![CDATA[
:0  %col_0 = phi i9 [ 0, %L2_begin ], [ %col, %L1_end ]

]]></Node>
<StgValue><ssdm name="col_0"/></StgValue>
</operation>

<operation id="105" st_id="7" stage="1" lat="1">
<core>Cmp</core>
<MemPortIdVec></MemPortIdVec>
<condition id="-1">
<or_exp><and_exp></and_exp></or_exp>
</condition>

<Node id="113" bw="1" op_0_bw="9" op_1_bw="9">
<![CDATA[
:1  %icmp_ln47 = icmp eq i9 %col_0, -31

]]></Node>
<StgValue><ssdm name="icmp_ln47"/></StgValue>
</operation>

<operation id="106" st_id="7" stage="1" lat="1">
<core>NULL</core>
<MemPortIdVec></MemPortIdVec>
<condition id="-1">
<or_exp><and_exp></and_exp></or_exp>
</condition>

<Node id="114" bw="32" op_0_bw="32" op_1_bw="64" op_2_bw="64" op_3_bw="64">
<![CDATA[
:2  %empty_8 = call i32 (...)* @_ssdm_op_SpecLoopTripCount(i64 481, i64 481, i64 481) nounwind

]]></Node>
<StgValue><ssdm name="empty_8"/></StgValue>
</operation>

<operation id="107" st_id="7" stage="1" lat="1">
<core>AddSub</core>
<MemPortIdVec></MemPortIdVec>
<condition id="-1">
<or_exp><and_exp></and_exp></or_exp>
</condition>

<Node id="115" bw="9" op_0_bw="9" op_1_bw="9">
<![CDATA[
:3  %col = add i9 %col_0, 1

]]></Node>
<StgValue><ssdm name="col"/></StgValue>
</operation>

<operation id="108" st_id="7" stage="1" lat="1">
<core>NULL</core>
<MemPortIdVec></MemPortIdVec>
<condition id="-1">
<or_exp><and_exp></and_exp></or_exp>
</condition>

<Node id="116" bw="0" op_0_bw="1" op_1_bw="0" op_2_bw="0">
<![CDATA[
:4  br i1 %icmp_ln47, label %L2_end, label %L1_begin

]]></Node>
<StgValue><ssdm name="br_ln47"/></StgValue>
</operation>

<operation id="109" st_id="7" stage="1" lat="1">
<core>NULL</core>
<MemPortIdVec></MemPortIdVec>
<condition id="-1">
<or_exp><and_exp><literal name="icmp_ln47" val="0"/>
</and_exp></or_exp>
</condition>

<Node id="118" bw="0" op_0_bw="0" op_1_bw="0">
<![CDATA[
L1_begin:0  call void (...)* @_ssdm_op_SpecLoopName([3 x i8]* @p_str6) nounwind

]]></Node>
<StgValue><ssdm name="specloopname_ln47"/></StgValue>
</operation>

<operation id="110" st_id="7" stage="1" lat="1">
<core>NULL</core>
<MemPortIdVec></MemPortIdVec>
<condition id="-1">
<or_exp><and_exp><literal name="icmp_ln47" val="0"/>
</and_exp></or_exp>
</condition>

<Node id="119" bw="32" op_0_bw="32" op_1_bw="0">
<![CDATA[
L1_begin:1  %tmp_1 = call i32 (...)* @_ssdm_op_SpecRegionBegin([3 x i8]* @p_str6) nounwind

]]></Node>
<StgValue><ssdm name="tmp_1"/></StgValue>
</operation>

<operation id="111" st_id="7" stage="1" lat="1">
<core>Cmp</core>
<MemPortIdVec></MemPortIdVec>
<condition id="-1">
<or_exp><and_exp><literal name="icmp_ln47" val="0"/>
</and_exp></or_exp>
</condition>

<Node id="120" bw="1" op_0_bw="9" op_1_bw="9">
<![CDATA[
L1_begin:2  %icmp_ln50_1 = icmp ult i9 %col_0, -32

]]></Node>
<StgValue><ssdm name="icmp_ln50_1"/></StgValue>
</operation>

<operation id="112" st_id="7" stage="1" lat="1">
<core>LogicGate</core>
<MemPortIdVec></MemPortIdVec>
<condition id="-1">
<or_exp><and_exp><literal name="icmp_ln47" val="0"/>
</and_exp></or_exp>
</condition>

<Node id="121" bw="1" op_0_bw="1" op_1_bw="1">
<![CDATA[
L1_begin:3  %and_ln50 = and i1 %icmp_ln50, %icmp_ln50_1

]]></Node>
<StgValue><ssdm name="and_ln50"/></StgValue>
</operation>

<operation id="113" st_id="7" stage="1" lat="1">
<core>NULL</core>
<MemPortIdVec></MemPortIdVec>
<condition id="-1">
<or_exp><and_exp><literal name="icmp_ln47" val="0"/>
</and_exp></or_exp>
</condition>

<Node id="122" bw="0" op_0_bw="1" op_1_bw="0" op_2_bw="0">
<![CDATA[
L1_begin:4  br i1 %and_ln50, label %3, label %._crit_edge

]]></Node>
<StgValue><ssdm name="br_ln50"/></StgValue>
</operation>

<operation id="114" st_id="7" stage="1" lat="1">
<core>FIFO</core>
<MemPortIdVec></MemPortIdVec>
<condition id="-1">
<or_exp><and_exp><literal name="icmp_ln47" val="0"/>
<literal name="and_ln50" val="1"/>
</and_exp></or_exp>
</condition>

<Node id="124" bw="8" op_0_bw="8" op_1_bw="8">
<![CDATA[
:0  %pixel = call i8 @_ssdm_op_Read.ap_fifo.volatile.i8P(i8* %inImage) nounwind

]]></Node>
<StgValue><ssdm name="pixel"/></StgValue>
</operation>

<operation id="115" st_id="7" stage="1" lat="1">
<core>NULL</core>
<MemPortIdVec></MemPortIdVec>
<condition id="-1">
<or_exp><and_exp><literal name="icmp_ln47" val="0"/>
<literal name="and_ln50" val="1"/>
</and_exp></or_exp>
</condition>

<Node id="125" bw="0" op_0_bw="0">
<![CDATA[
:1  br label %._crit_edge

]]></Node>
<StgValue><ssdm name="br_ln52"/></StgValue>
</operation>

<operation id="116" st_id="7" stage="1" lat="1">
<core>NULL</core>
<MemPortIdVec></MemPortIdVec>
<condition id="-1">
<or_exp><and_exp><literal name="icmp_ln47" val="0"/>
</and_exp></or_exp>
</condition>

<Node id="127" bw="8" op_0_bw="8" op_1_bw="0" op_2_bw="8" op_3_bw="0">
<![CDATA[
._crit_edge:0  %window_2_2 = phi i8 [ %pixel, %3 ], [ 0, %L1_begin ]

]]></Node>
<StgValue><ssdm name="window_2_2"/></StgValue>
</operation>

<operation id="117" st_id="7" stage="1" lat="1">
<core>NULL</core>
<MemPortIdVec></MemPortIdVec>
<condition id="-1">
<or_exp><and_exp><literal name="icmp_ln47" val="0"/>
</and_exp></or_exp>
</condition>

<Node id="128" bw="0" op_0_bw="0">
<![CDATA[
._crit_edge:1  br label %branch0

]]></Node>
<StgValue><ssdm name="br_ln55"/></StgValue>
</operation>

<operation id="118" st_id="7" stage="1" lat="1">
<core>NULL</core>
<MemPortIdVec></MemPortIdVec>
<condition id="-1">
<or_exp><and_exp><literal name="icmp_ln47" val="1"/>
</and_exp></or_exp>
</condition>

<Node id="249" bw="32" op_0_bw="32" op_1_bw="0" op_2_bw="32">
<![CDATA[
L2_end:0  %empty_12 = call i32 (...)* @_ssdm_op_SpecRegionEnd([3 x i8]* @p_str5, i32 %tmp) nounwind

]]></Node>
<StgValue><ssdm name="empty_12"/></StgValue>
</operation>

<operation id="119" st_id="7" stage="1" lat="1">
<core>NULL</core>
<MemPortIdVec></MemPortIdVec>
<condition id="-1">
<or_exp><and_exp><literal name="icmp_ln47" val="1"/>
</and_exp></or_exp>
</condition>

<Node id="250" bw="0" op_0_bw="0">
<![CDATA[
L2_end:1  br label %.preheader

]]></Node>
<StgValue><ssdm name="br_ln46"/></StgValue>
</operation>
</state>

<state id="8" st_id="8">

<operation id="120" st_id="8" stage="1" lat="1">
<core>NULL</core>
<MemPortIdVec></MemPortIdVec>
<condition id="-1">
<or_exp><and_exp></and_exp></or_exp>
</condition>

<Node id="130" bw="2" op_0_bw="2" op_1_bw="0" op_2_bw="2" op_3_bw="0">
<![CDATA[
branch0:0  %i1_0 = phi i2 [ 0, %._crit_edge ], [ %i_1, %branch0.backedge ]

]]></Node>
<StgValue><ssdm name="i1_0"/></StgValue>
</operation>

<operation id="121" st_id="8" stage="1" lat="1">
<core>Cmp</core>
<MemPortIdVec></MemPortIdVec>
<condition id="-1">
<or_exp><and_exp></and_exp></or_exp>
</condition>

<Node id="131" bw="1" op_0_bw="2" op_1_bw="2">
<![CDATA[
branch0:1  %icmp_ln55 = icmp eq i2 %i1_0, -1

]]></Node>
<StgValue><ssdm name="icmp_ln55"/></StgValue>
</operation>

<operation id="122" st_id="8" stage="1" lat="1">
<core>NULL</core>
<MemPortIdVec></MemPortIdVec>
<condition id="-1">
<or_exp><and_exp></and_exp></or_exp>
</condition>

<Node id="132" bw="32" op_0_bw="32" op_1_bw="64" op_2_bw="64" op_3_bw="64">
<![CDATA[
branch0:2  %empty_9 = call i32 (...)* @_ssdm_op_SpecLoopTripCount(i64 3, i64 3, i64 3) nounwind

]]></Node>
<StgValue><ssdm name="empty_9"/></StgValue>
</operation>

<operation id="123" st_id="8" stage="1" lat="1">
<core>AddSub</core>
<MemPortIdVec></MemPortIdVec>
<condition id="-1">
<or_exp><and_exp></and_exp></or_exp>
</condition>

<Node id="133" bw="2" op_0_bw="2" op_1_bw="2">
<![CDATA[
branch0:3  %i_1 = add i2 %i1_0, 1

]]></Node>
<StgValue><ssdm name="i_1"/></StgValue>
</operation>

<operation id="124" st_id="8" stage="1" lat="1">
<core>NULL</core>
<MemPortIdVec></MemPortIdVec>
<condition id="-1">
<or_exp><and_exp></and_exp></or_exp>
</condition>

<Node id="134" bw="0" op_0_bw="1" op_1_bw="0" op_2_bw="0">
<![CDATA[
branch0:4  br i1 %icmp_ln55, label %5, label %4

]]></Node>
<StgValue><ssdm name="br_ln55"/></StgValue>
</operation>

<operation id="125" st_id="8" stage="1" lat="1">
<core>NULL</core>
<MemPortIdVec></MemPortIdVec>
<condition id="-1">
<or_exp><and_exp><literal name="icmp_ln55" val="0"/>
</and_exp></or_exp>
</condition>

<Node id="136" bw="8" op_0_bw="8">
<![CDATA[
:0  %window_2_1_load = load i8* %window_2_1

]]></Node>
<StgValue><ssdm name="window_2_1_load"/></StgValue>
</operation>

<operation id="126" st_id="8" stage="1" lat="1">
<core>NULL</core>
<MemPortIdVec></MemPortIdVec>
<condition id="-1">
<or_exp><and_exp><literal name="icmp_ln55" val="0"/>
</and_exp></or_exp>
</condition>

<Node id="137" bw="8" op_0_bw="8">
<![CDATA[
:1  %window_0_2_1_load = load i8* %window_0_2_1

]]></Node>
<StgValue><ssdm name="window_0_2_1_load"/></StgValue>
</operation>

<operation id="127" st_id="8" stage="1" lat="1">
<core>NULL</core>
<MemPortIdVec></MemPortIdVec>
<condition id="-1">
<or_exp><and_exp><literal name="icmp_ln55" val="0"/>
</and_exp></or_exp>
</condition>

<Node id="138" bw="8" op_0_bw="8">
<![CDATA[
:2  %window_2_1_1_load = load i8* %window_2_1_1

]]></Node>
<StgValue><ssdm name="window_2_1_1_load"/></StgValue>
</operation>

<operation id="128" st_id="8" stage="1" lat="1">
<core>NULL</core>
<MemPortIdVec></MemPortIdVec>
<condition id="-1">
<or_exp><and_exp><literal name="icmp_ln55" val="0"/>
</and_exp></or_exp>
</condition>

<Node id="139" bw="8" op_0_bw="8">
<![CDATA[
:3  %window_1_2_1_load = load i8* %window_1_2_1

]]></Node>
<StgValue><ssdm name="window_1_2_1_load"/></StgValue>
</operation>

<operation id="129" st_id="8" stage="1" lat="1">
<core>NULL</core>
<MemPortIdVec></MemPortIdVec>
<condition id="-1">
<or_exp><and_exp><literal name="icmp_ln55" val="0"/>
</and_exp></or_exp>
</condition>

<Node id="140" bw="8" op_0_bw="8">
<![CDATA[
:4  %window_2_1_2_load = load i8* %window_2_1_2

]]></Node>
<StgValue><ssdm name="window_2_1_2_load"/></StgValue>
</operation>

<operation id="130" st_id="8" stage="1" lat="1">
<core>NULL</core>
<MemPortIdVec></MemPortIdVec>
<condition id="-1">
<or_exp><and_exp><literal name="icmp_ln55" val="0"/>
</and_exp></or_exp>
</condition>

<Node id="141" bw="8" op_0_bw="8">
<![CDATA[
:5  %window_2_2_1_load = load i8* %window_2_2_1

]]></Node>
<StgValue><ssdm name="window_2_2_1_load"/></StgValue>
</operation>

<operation id="131" st_id="8" stage="1" lat="1">
<core>MuxnS</core>
<MemPortIdVec></MemPortIdVec>
<condition id="-1">
<or_exp><and_exp><literal name="icmp_ln55" val="0"/>
</and_exp></or_exp>
</condition>

<Node id="142" bw="8" op_0_bw="8" op_1_bw="8" op_2_bw="8" op_3_bw="8" op_4_bw="2">
<![CDATA[
:6  %window_0_0 = call i8 @_ssdm_op_Mux.ap_auto.3i8.i2(i8 %window_2_1_load, i8 %window_2_1_1_load, i8 %window_2_1_2_load, i2 %i1_0) nounwind

]]></Node>
<StgValue><ssdm name="window_0_0"/></StgValue>
</operation>

<operation id="132" st_id="8" stage="1" lat="1">
<core>MuxnS</core>
<MemPortIdVec></MemPortIdVec>
<condition id="-1">
<or_exp><and_exp><literal name="icmp_ln55" val="0"/>
</and_exp></or_exp>
</condition>

<Node id="143" bw="8" op_0_bw="8" op_1_bw="8" op_2_bw="8" op_3_bw="8" op_4_bw="2">
<![CDATA[
:7  %window_0_1 = call i8 @_ssdm_op_Mux.ap_auto.3i8.i2(i8 %window_0_2_1_load, i8 %window_1_2_1_load, i8 %window_2_2_1_load, i2 %i1_0) nounwind

]]></Node>
<StgValue><ssdm name="window_0_1"/></StgValue>
</operation>

<operation id="133" st_id="8" stage="1" lat="1">
<core>NULL</core>
<MemPortIdVec></MemPortIdVec>
<condition id="-1">
<or_exp><and_exp><literal name="icmp_ln55" val="0"/>
</and_exp></or_exp>
</condition>

<Node id="144" bw="0" op_0_bw="2" op_1_bw="0" op_2_bw="2" op_3_bw="0" op_4_bw="2" op_5_bw="0">
<![CDATA[
:8  switch i2 %i1_0, label %branch2 [
    i2 0, label %.branch0.backedge_crit_edge
    i2 1, label %branch1
  ]

]]></Node>
<StgValue><ssdm name="switch_ln56"/></StgValue>
</operation>

<operation id="134" st_id="8" stage="1" lat="1">
<core>NULL</core>
<MemPortIdVec></MemPortIdVec>
<condition id="-1">
<or_exp><and_exp><literal name="icmp_ln55" val="0"/>
<literal name="i1_0" val="1"/>
</and_exp></or_exp>
</condition>

<Node id="146" bw="0" op_0_bw="8" op_1_bw="8" op_2_bw="8">
<![CDATA[
branch1:0  store i8 %window_0_1, i8* %window_2_1_1

]]></Node>
<StgValue><ssdm name="store_ln57"/></StgValue>
</operation>

<operation id="135" st_id="8" stage="1" lat="1">
<core>NULL</core>
<MemPortIdVec></MemPortIdVec>
<condition id="-1">
<or_exp><and_exp><literal name="icmp_ln55" val="0"/>
<literal name="i1_0" val="1"/>
</and_exp></or_exp>
</condition>

<Node id="147" bw="0" op_0_bw="8" op_1_bw="8">
<![CDATA[
branch1:1  store i8 %window_0_0, i8* %window_2_0_1

]]></Node>
<StgValue><ssdm name="store_ln56"/></StgValue>
</operation>

<operation id="136" st_id="8" stage="1" lat="1">
<core>NULL</core>
<MemPortIdVec></MemPortIdVec>
<condition id="-1">
<or_exp><and_exp><literal name="icmp_ln55" val="0"/>
<literal name="i1_0" val="1"/>
</and_exp></or_exp>
</condition>

<Node id="148" bw="0" op_0_bw="0">
<![CDATA[
branch1:2  br label %branch0.backedge

]]></Node>
<StgValue><ssdm name="br_ln0"/></StgValue>
</operation>

<operation id="137" st_id="8" stage="1" lat="1">
<core>NULL</core>
<MemPortIdVec></MemPortIdVec>
<condition id="-1">
<or_exp><and_exp><literal name="icmp_ln55" val="0"/>
<literal name="i1_0" val="0"/>
</and_exp></or_exp>
</condition>

<Node id="150" bw="0" op_0_bw="8" op_1_bw="8" op_2_bw="8">
<![CDATA[
.branch0.backedge_crit_edge:0  store i8 %window_0_1, i8* %window_2_1

]]></Node>
<StgValue><ssdm name="store_ln56"/></StgValue>
</operation>

<operation id="138" st_id="8" stage="1" lat="1">
<core>NULL</core>
<MemPortIdVec></MemPortIdVec>
<condition id="-1">
<or_exp><and_exp><literal name="icmp_ln55" val="0"/>
<literal name="i1_0" val="0"/>
</and_exp></or_exp>
</condition>

<Node id="151" bw="0" op_0_bw="8" op_1_bw="8">
<![CDATA[
.branch0.backedge_crit_edge:1  store i8 %window_0_0, i8* %window_2_0

]]></Node>
<StgValue><ssdm name="store_ln56"/></StgValue>
</operation>

<operation id="139" st_id="8" stage="1" lat="1">
<core>NULL</core>
<MemPortIdVec></MemPortIdVec>
<condition id="-1">
<or_exp><and_exp><literal name="icmp_ln55" val="0"/>
<literal name="i1_0" val="0"/>
</and_exp></or_exp>
</condition>

<Node id="152" bw="0" op_0_bw="0">
<![CDATA[
.branch0.backedge_crit_edge:2  br label %branch0.backedge

]]></Node>
<StgValue><ssdm name="br_ln56"/></StgValue>
</operation>

<operation id="140" st_id="8" stage="1" lat="1">
<core>NULL</core>
<MemPortIdVec></MemPortIdVec>
<condition id="-1">
<or_exp><and_exp><literal name="icmp_ln55" val="0"/>
<literal name="i1_0" val="!0"/>
<literal name="i1_0" val="!1"/>
</and_exp></or_exp>
</condition>

<Node id="154" bw="0" op_0_bw="8" op_1_bw="8" op_2_bw="8">
<![CDATA[
branch2:0  store i8 %window_0_1, i8* %window_2_1_2

]]></Node>
<StgValue><ssdm name="store_ln57"/></StgValue>
</operation>

<operation id="141" st_id="8" stage="1" lat="1">
<core>NULL</core>
<MemPortIdVec></MemPortIdVec>
<condition id="-1">
<or_exp><and_exp><literal name="icmp_ln55" val="0"/>
<literal name="i1_0" val="!0"/>
<literal name="i1_0" val="!1"/>
</and_exp></or_exp>
</condition>

<Node id="155" bw="0" op_0_bw="8" op_1_bw="8">
<![CDATA[
branch2:1  store i8 %window_0_0, i8* %window_2_0_2

]]></Node>
<StgValue><ssdm name="store_ln56"/></StgValue>
</operation>

<operation id="142" st_id="8" stage="1" lat="1">
<core>NULL</core>
<MemPortIdVec></MemPortIdVec>
<condition id="-1">
<or_exp><and_exp><literal name="icmp_ln55" val="0"/>
<literal name="i1_0" val="!0"/>
<literal name="i1_0" val="!1"/>
</and_exp></or_exp>
</condition>

<Node id="156" bw="0" op_0_bw="0">
<![CDATA[
branch2:2  br label %branch0.backedge

]]></Node>
<StgValue><ssdm name="br_ln0"/></StgValue>
</operation>

<operation id="143" st_id="8" stage="1" lat="1">
<core>NULL</core>
<MemPortIdVec></MemPortIdVec>
<condition id="-1">
<or_exp><and_exp><literal name="icmp_ln55" val="0"/>
</and_exp></or_exp>
</condition>

<Node id="158" bw="0" op_0_bw="0">
<![CDATA[
branch0.backedge:0  br label %branch0

]]></Node>
<StgValue><ssdm name="br_ln0"/></StgValue>
</operation>

<operation id="144" st_id="8" stage="1" lat="1">
<core>NULL</core>
<MemPortIdVec></MemPortIdVec>
<condition id="-1">
<or_exp><and_exp><literal name="icmp_ln55" val="1"/>
</and_exp></or_exp>
</condition>

<Node id="160" bw="0" op_0_bw="1" op_1_bw="0" op_2_bw="0">
<![CDATA[
:0  br i1 %icmp_ln50_1, label %6, label %._crit_edge6

]]></Node>
<StgValue><ssdm name="br_ln61"/></StgValue>
</operation>

<operation id="145" st_id="8" stage="1" lat="1">
<core>NULL</core>
<MemPortIdVec></MemPortIdVec>
<condition id="-1">
<or_exp><and_exp><literal name="icmp_ln55" val="1"/>
<literal name="icmp_ln50_1" val="1"/>
</and_exp></or_exp>
</condition>

<Node id="162" bw="64" op_0_bw="9">
<![CDATA[
:0  %zext_ln62 = zext i9 %col_0 to i64

]]></Node>
<StgValue><ssdm name="zext_ln62"/></StgValue>
</operation>

<operation id="146" st_id="8" stage="1" lat="1">
<core>NULL</core>
<MemPortIdVec></MemPortIdVec>
<condition id="-1">
<or_exp><and_exp><literal name="icmp_ln55" val="1"/>
<literal name="icmp_ln50_1" val="1"/>
</and_exp></or_exp>
</condition>

<Node id="163" bw="9" op_0_bw="8" op_1_bw="64" op_2_bw="64">
<![CDATA[
:1  %part_buffer_0_addr = getelementptr [480 x i8]* %part_buffer_0, i64 0, i64 %zext_ln62

]]></Node>
<StgValue><ssdm name="part_buffer_0_addr"/></StgValue>
</operation>

<operation id="147" st_id="8" stage="1" lat="1">
<core>NULL</core>
<MemPortIdVec></MemPortIdVec>
<condition id="-1">
<or_exp><and_exp><literal name="icmp_ln55" val="1"/>
<literal name="icmp_ln50_1" val="1"/>
</and_exp></or_exp>
</condition>

<Node id="165" bw="9" op_0_bw="8" op_1_bw="64" op_2_bw="64">
<![CDATA[
:3  %part_buffer_1_addr = getelementptr [480 x i8]* %part_buffer_1, i64 0, i64 %zext_ln62

]]></Node>
<StgValue><ssdm name="part_buffer_1_addr"/></StgValue>
</operation>

<operation id="148" st_id="8" stage="2" lat="2">
<core>RAM</core>
<MemPortIdVec></MemPortIdVec>
<condition id="-1">
<or_exp><and_exp><literal name="icmp_ln55" val="1"/>
<literal name="icmp_ln50_1" val="1"/>
</and_exp></or_exp>
</condition>

<Node id="166" bw="8" op_0_bw="9">
<![CDATA[
:4  %window_1_2 = load i8* %part_buffer_1_addr, align 1

]]></Node>
<StgValue><ssdm name="window_1_2"/></StgValue>
</operation>

<operation id="149" st_id="8" stage="1" lat="1">
<core>RAM</core>
<MemPortIdVec></MemPortIdVec>
<condition id="-1">
<or_exp><and_exp><literal name="icmp_ln55" val="1"/>
<literal name="icmp_ln50_1" val="1"/>
</and_exp></or_exp>
</condition>

<Node id="168" bw="0" op_0_bw="8" op_1_bw="9" op_2_bw="8">
<![CDATA[
:6  store i8 %window_2_2, i8* %part_buffer_1_addr, align 1

]]></Node>
<StgValue><ssdm name="store_ln64"/></StgValue>
</operation>

<operation id="150" st_id="8" stage="1" lat="1">
<core>NULL</core>
<MemPortIdVec></MemPortIdVec>
<condition id="-1">
<or_exp><and_exp><literal name="icmp_ln55" val="1"/>
<literal name="icmp_ln50_1" val="1"/>
</and_exp></or_exp>
</condition>

<Node id="169" bw="0" op_0_bw="8" op_1_bw="8">
<![CDATA[
:7  store i8 %window_2_2, i8* %window_2_2_1

]]></Node>
<StgValue><ssdm name="store_ln65"/></StgValue>
</operation>
</state>

<state id="9" st_id="9">

<operation id="151" st_id="9" stage="2" lat="2">
<core>RAM</core>
<MemPortIdVec></MemPortIdVec>
<condition id="-1">
<or_exp><and_exp></and_exp></or_exp>
</condition>

<Node id="164" bw="8" op_0_bw="9">
<![CDATA[
:2  %window_0_2 = load i8* %part_buffer_0_addr, align 1

]]></Node>
<StgValue><ssdm name="window_0_2"/></StgValue>
</operation>

<operation id="152" st_id="9" stage="1" lat="2">
<core>RAM</core>
<MemPortIdVec></MemPortIdVec>
<condition id="-1">
<or_exp><and_exp></and_exp></or_exp>
</condition>

<Node id="166" bw="8" op_0_bw="9">
<![CDATA[
:4  %window_1_2 = load i8* %part_buffer_1_addr, align 1

]]></Node>
<StgValue><ssdm name="window_1_2"/></StgValue>
</operation>

<operation id="153" st_id="9" stage="1" lat="1">
<core>NULL</core>
<MemPortIdVec></MemPortIdVec>
<condition id="-1">
<or_exp><and_exp></and_exp></or_exp>
</condition>

<Node id="170" bw="0" op_0_bw="8" op_1_bw="8">
<![CDATA[
:8  store i8 %window_1_2, i8* %window_1_2_1

]]></Node>
<StgValue><ssdm name="store_ln65"/></StgValue>
</operation>
</state>

<state id="10" st_id="10">

<operation id="154" st_id="10" stage="1" lat="2">
<core>RAM</core>
<MemPortIdVec></MemPortIdVec>
<condition id="-1">
<or_exp><and_exp><literal name="icmp_ln50_1" val="1"/>
</and_exp></or_exp>
</condition>

<Node id="164" bw="8" op_0_bw="9">
<![CDATA[
:2  %window_0_2 = load i8* %part_buffer_0_addr, align 1

]]></Node>
<StgValue><ssdm name="window_0_2"/></StgValue>
</operation>

<operation id="155" st_id="10" stage="1" lat="1">
<core>RAM</core>
<MemPortIdVec></MemPortIdVec>
<condition id="-1">
<or_exp><and_exp><literal name="icmp_ln50_1" val="1"/>
</and_exp></or_exp>
</condition>

<Node id="167" bw="0" op_0_bw="8" op_1_bw="9" op_2_bw="8">
<![CDATA[
:5  store i8 %window_1_2, i8* %part_buffer_0_addr, align 1

]]></Node>
<StgValue><ssdm name="store_ln63"/></StgValue>
</operation>

<operation id="156" st_id="10" stage="1" lat="1">
<core>NULL</core>
<MemPortIdVec></MemPortIdVec>
<condition id="-1">
<or_exp><and_exp><literal name="icmp_ln50_1" val="1"/>
</and_exp></or_exp>
</condition>

<Node id="171" bw="0" op_0_bw="8" op_1_bw="8">
<![CDATA[
:9  store i8 %window_0_2, i8* %window_0_2_1

]]></Node>
<StgValue><ssdm name="store_ln65"/></StgValue>
</operation>

<operation id="157" st_id="10" stage="1" lat="1">
<core>NULL</core>
<MemPortIdVec></MemPortIdVec>
<condition id="-1">
<or_exp><and_exp><literal name="icmp_ln50_1" val="1"/>
</and_exp></or_exp>
</condition>

<Node id="172" bw="0" op_0_bw="0">
<![CDATA[
:10  br label %._crit_edge6

]]></Node>
<StgValue><ssdm name="br_ln65"/></StgValue>
</operation>

<operation id="158" st_id="10" stage="1" lat="1">
<core>Cmp</core>
<MemPortIdVec></MemPortIdVec>
<condition id="-1">
<or_exp><and_exp></and_exp></or_exp>
</condition>

<Node id="174" bw="1" op_0_bw="9" op_1_bw="9">
<![CDATA[
._crit_edge6:0  %icmp_ln68_1 = icmp ne i9 %col_0, 0

]]></Node>
<StgValue><ssdm name="icmp_ln68_1"/></StgValue>
</operation>

<operation id="159" st_id="10" stage="1" lat="1">
<core>LogicGate</core>
<MemPortIdVec></MemPortIdVec>
<condition id="-1">
<or_exp><and_exp></and_exp></or_exp>
</condition>

<Node id="175" bw="1" op_0_bw="1" op_1_bw="1">
<![CDATA[
._crit_edge6:1  %and_ln68 = and i1 %icmp_ln68, %icmp_ln68_1

]]></Node>
<StgValue><ssdm name="and_ln68"/></StgValue>
</operation>

<operation id="160" st_id="10" stage="1" lat="1">
<core>NULL</core>
<MemPortIdVec></MemPortIdVec>
<condition id="-1">
<or_exp><and_exp></and_exp></or_exp>
</condition>

<Node id="176" bw="0" op_0_bw="1" op_1_bw="0" op_2_bw="0">
<![CDATA[
._crit_edge6:2  br i1 %and_ln68, label %7, label %L1_end

]]></Node>
<StgValue><ssdm name="br_ln68"/></StgValue>
</operation>

<operation id="161" st_id="10" stage="1" lat="1">
<core>AddSub</core>
<MemPortIdVec></MemPortIdVec>
<condition id="-1">
<or_exp><and_exp><literal name="and_ln68" val="1"/>
</and_exp></or_exp>
</condition>

<Node id="178" bw="9" op_0_bw="9" op_1_bw="9">
<![CDATA[
:0  %outcol = add i9 %col_0, -1

]]></Node>
<StgValue><ssdm name="outcol"/></StgValue>
</operation>

<operation id="162" st_id="10" stage="1" lat="1">
<core>Cmp</core>
<MemPortIdVec></MemPortIdVec>
<condition id="-1">
<or_exp><and_exp><literal name="and_ln68" val="1"/>
</and_exp></or_exp>
</condition>

<Node id="179" bw="1" op_0_bw="9" op_1_bw="9">
<![CDATA[
:1  %icmp_ln73_2 = icmp eq i9 %outcol, 0

]]></Node>
<StgValue><ssdm name="icmp_ln73_2"/></StgValue>
</operation>

<operation id="163" st_id="10" stage="1" lat="1">
<core>Cmp</core>
<MemPortIdVec></MemPortIdVec>
<condition id="-1">
<or_exp><and_exp><literal name="and_ln68" val="1"/>
</and_exp></or_exp>
</condition>

<Node id="180" bw="1" op_0_bw="9" op_1_bw="9">
<![CDATA[
:2  %icmp_ln73_3 = icmp eq i9 %outcol, -33

]]></Node>
<StgValue><ssdm name="icmp_ln73_3"/></StgValue>
</operation>

<operation id="164" st_id="10" stage="1" lat="1">
<core>LogicGate</core>
<MemPortIdVec></MemPortIdVec>
<condition id="-1">
<or_exp><and_exp><literal name="and_ln68" val="1"/>
</and_exp></or_exp>
</condition>

<Node id="181" bw="1" op_0_bw="1" op_1_bw="1">
<![CDATA[
:3  %or_ln73 = or i1 %icmp_ln73, %icmp_ln73_2

]]></Node>
<StgValue><ssdm name="or_ln73"/></StgValue>
</operation>

<operation id="165" st_id="10" stage="1" lat="1">
<core>LogicGate</core>
<MemPortIdVec></MemPortIdVec>
<condition id="-1">
<or_exp><and_exp><literal name="and_ln68" val="1"/>
</and_exp></or_exp>
</condition>

<Node id="182" bw="1" op_0_bw="1" op_1_bw="1">
<![CDATA[
:4  %or_ln73_1 = or i1 %icmp_ln73_1, %icmp_ln73_3

]]></Node>
<StgValue><ssdm name="or_ln73_1"/></StgValue>
</operation>

<operation id="166" st_id="10" stage="1" lat="1">
<core>LogicGate</core>
<MemPortIdVec></MemPortIdVec>
<condition id="-1">
<or_exp><and_exp><literal name="and_ln68" val="1"/>
</and_exp></or_exp>
</condition>

<Node id="183" bw="1" op_0_bw="1" op_1_bw="1">
<![CDATA[
:5  %or_ln73_2 = or i1 %or_ln73_1, %or_ln73

]]></Node>
<StgValue><ssdm name="or_ln73_2"/></StgValue>
</operation>

<operation id="167" st_id="10" stage="1" lat="1">
<core>NULL</core>
<MemPortIdVec></MemPortIdVec>
<condition id="-1">
<or_exp><and_exp><literal name="and_ln68" val="1"/>
</and_exp></or_exp>
</condition>

<Node id="184" bw="0" op_0_bw="1" op_1_bw="0" op_2_bw="0">
<![CDATA[
:6  br i1 %or_ln73_2, label %8, label %.preheader86.preheader

]]></Node>
<StgValue><ssdm name="br_ln73"/></StgValue>
</operation>

<operation id="168" st_id="10" stage="1" lat="1">
<core>NULL</core>
<MemPortIdVec></MemPortIdVec>
<condition id="-1">
<or_exp><and_exp><literal name="and_ln68" val="1"/>
<literal name="or_ln73_2" val="0"/>
</and_exp></or_exp>
</condition>

<Node id="186" bw="0" op_0_bw="0">
<![CDATA[
.preheader86.preheader:0  br label %.preheader86

]]></Node>
<StgValue><ssdm name="br_ln14"/></StgValue>
</operation>

<operation id="169" st_id="10" stage="1" lat="1">
<core>FIFO</core>
<MemPortIdVec></MemPortIdVec>
<condition id="-1">
<or_exp><and_exp><literal name="and_ln68" val="1"/>
<literal name="or_ln73_2" val="1"/>
</and_exp></or_exp>
</condition>

<Node id="243" bw="0" op_0_bw="0" op_1_bw="8" op_2_bw="8">
<![CDATA[
:0  call void @_ssdm_op_Write.ap_fifo.volatile.i8P(i8* %outImage, i8 0) nounwind

]]></Node>
<StgValue><ssdm name="write_ln74"/></StgValue>
</operation>

<operation id="170" st_id="10" stage="1" lat="1">
<core>NULL</core>
<MemPortIdVec></MemPortIdVec>
<condition id="-1">
<or_exp><and_exp><literal name="and_ln68" val="1"/>
<literal name="or_ln73_2" val="1"/>
</and_exp></or_exp>
</condition>

<Node id="244" bw="0" op_0_bw="0">
<![CDATA[
:1  br label %L1_end

]]></Node>
<StgValue><ssdm name="br_ln75"/></StgValue>
</operation>
</state>

<state id="11" st_id="11">

<operation id="171" st_id="11" stage="1" lat="1">
<core>NULL</core>
<MemPortIdVec></MemPortIdVec>
<condition id="-1">
<or_exp><and_exp><literal name="and_ln68" val="1"/>
<literal name="or_ln73_2" val="0"/>
</and_exp></or_exp>
</condition>

<Node id="188" bw="20" op_0_bw="20" op_1_bw="0" op_2_bw="20" op_3_bw="0">
<![CDATA[
.preheader86:0  %result_0_i = phi i20 [ %add_ln16_2, %9 ], [ 0, %.preheader86.preheader ]

]]></Node>
<StgValue><ssdm name="result_0_i"/></StgValue>
</operation>

<operation id="172" st_id="11" stage="1" lat="1">
<core>NULL</core>
<MemPortIdVec></MemPortIdVec>
<condition id="-1">
<or_exp><and_exp><literal name="and_ln68" val="1"/>
<literal name="or_ln73_2" val="0"/>
</and_exp></or_exp>
</condition>

<Node id="189" bw="2" op_0_bw="2" op_1_bw="0" op_2_bw="2" op_3_bw="0">
<![CDATA[
.preheader86:1  %i_0_i = phi i2 [ %i_2, %9 ], [ 0, %.preheader86.preheader ]

]]></Node>
<StgValue><ssdm name="i_0_i"/></StgValue>
</operation>

<operation id="173" st_id="11" stage="1" lat="1">
<core>Cmp</core>
<MemPortIdVec></MemPortIdVec>
<condition id="-1">
<or_exp><and_exp><literal name="and_ln68" val="1"/>
<literal name="or_ln73_2" val="0"/>
</and_exp></or_exp>
</condition>

<Node id="190" bw="1" op_0_bw="2" op_1_bw="2">
<![CDATA[
.preheader86:2  %icmp_ln14 = icmp eq i2 %i_0_i, -1

]]></Node>
<StgValue><ssdm name="icmp_ln14"/></StgValue>
</operation>

<operation id="174" st_id="11" stage="1" lat="1">
<core>NULL</core>
<MemPortIdVec></MemPortIdVec>
<condition id="-1">
<or_exp><and_exp><literal name="and_ln68" val="1"/>
<literal name="or_ln73_2" val="0"/>
</and_exp></or_exp>
</condition>

<Node id="191" bw="32" op_0_bw="32" op_1_bw="64" op_2_bw="64" op_3_bw="64">
<![CDATA[
.preheader86:3  %empty_10 = call i32 (...)* @_ssdm_op_SpecLoopTripCount(i64 3, i64 3, i64 3) nounwind

]]></Node>
<StgValue><ssdm name="empty_10"/></StgValue>
</operation>

<operation id="175" st_id="11" stage="1" lat="1">
<core>AddSub</core>
<MemPortIdVec></MemPortIdVec>
<condition id="-1">
<or_exp><and_exp><literal name="and_ln68" val="1"/>
<literal name="or_ln73_2" val="0"/>
</and_exp></or_exp>
</condition>

<Node id="192" bw="2" op_0_bw="2" op_1_bw="2">
<![CDATA[
.preheader86:4  %i_2 = add i2 %i_0_i, 1

]]></Node>
<StgValue><ssdm name="i_2"/></StgValue>
</operation>

<operation id="176" st_id="11" stage="1" lat="1">
<core>NULL</core>
<MemPortIdVec></MemPortIdVec>
<condition id="-1">
<or_exp><and_exp><literal name="and_ln68" val="1"/>
<literal name="or_ln73_2" val="0"/>
</and_exp></or_exp>
</condition>

<Node id="193" bw="0" op_0_bw="1" op_1_bw="0" op_2_bw="0">
<![CDATA[
.preheader86:5  br i1 %icmp_ln14, label %filter.exit, label %9

]]></Node>
<StgValue><ssdm name="br_ln14"/></StgValue>
</operation>

<operation id="177" st_id="11" stage="1" lat="1">
<core>NULL</core>
<MemPortIdVec></MemPortIdVec>
<condition id="-1">
<or_exp><and_exp><literal name="and_ln68" val="1"/>
<literal name="or_ln73_2" val="0"/>
<literal name="icmp_ln14" val="0"/>
</and_exp></or_exp>
</condition>

<Node id="196" bw="8" op_0_bw="8">
<![CDATA[
:1  %window_2_1_load_1 = load i8* %window_2_1

]]></Node>
<StgValue><ssdm name="window_2_1_load_1"/></StgValue>
</operation>

<operation id="178" st_id="11" stage="1" lat="1">
<core>NULL</core>
<MemPortIdVec></MemPortIdVec>
<condition id="-1">
<or_exp><and_exp><literal name="and_ln68" val="1"/>
<literal name="or_ln73_2" val="0"/>
<literal name="icmp_ln14" val="0"/>
</and_exp></or_exp>
</condition>

<Node id="197" bw="8" op_0_bw="8" op_1_bw="0">
<![CDATA[
:2  %window_0_2_1_load_1 = load i8* %window_0_2_1

]]></Node>
<StgValue><ssdm name="window_0_2_1_load_1"/></StgValue>
</operation>

<operation id="179" st_id="11" stage="1" lat="1">
<core>NULL</core>
<MemPortIdVec></MemPortIdVec>
<condition id="-1">
<or_exp><and_exp><literal name="and_ln68" val="1"/>
<literal name="or_ln73_2" val="0"/>
<literal name="icmp_ln14" val="0"/>
</and_exp></or_exp>
</condition>

<Node id="199" bw="8" op_0_bw="8">
<![CDATA[
:4  %window_2_1_1_load_1 = load i8* %window_2_1_1

]]></Node>
<StgValue><ssdm name="window_2_1_1_load_1"/></StgValue>
</operation>

<operation id="180" st_id="11" stage="1" lat="1">
<core>NULL</core>
<MemPortIdVec></MemPortIdVec>
<condition id="-1">
<or_exp><and_exp><literal name="and_ln68" val="1"/>
<literal name="or_ln73_2" val="0"/>
<literal name="icmp_ln14" val="0"/>
</and_exp></or_exp>
</condition>

<Node id="200" bw="8" op_0_bw="8" op_1_bw="0">
<![CDATA[
:5  %window_1_2_1_load_1 = load i8* %window_1_2_1

]]></Node>
<StgValue><ssdm name="window_1_2_1_load_1"/></StgValue>
</operation>

<operation id="181" st_id="11" stage="1" lat="1">
<core>NULL</core>
<MemPortIdVec></MemPortIdVec>
<condition id="-1">
<or_exp><and_exp><literal name="and_ln68" val="1"/>
<literal name="or_ln73_2" val="0"/>
<literal name="icmp_ln14" val="0"/>
</and_exp></or_exp>
</condition>

<Node id="202" bw="8" op_0_bw="8">
<![CDATA[
:7  %window_2_1_2_load_1 = load i8* %window_2_1_2

]]></Node>
<StgValue><ssdm name="window_2_1_2_load_1"/></StgValue>
</operation>

<operation id="182" st_id="11" stage="1" lat="1">
<core>NULL</core>
<MemPortIdVec></MemPortIdVec>
<condition id="-1">
<or_exp><and_exp><literal name="and_ln68" val="1"/>
<literal name="or_ln73_2" val="0"/>
<literal name="icmp_ln14" val="0"/>
</and_exp></or_exp>
</condition>

<Node id="203" bw="8" op_0_bw="8" op_1_bw="0">
<![CDATA[
:8  %window_2_2_1_load_1 = load i8* %window_2_2_1

]]></Node>
<StgValue><ssdm name="window_2_2_1_load_1"/></StgValue>
</operation>

<operation id="183" st_id="11" stage="1" lat="1">
<core>NULL</core>
<MemPortIdVec></MemPortIdVec>
<condition id="-1">
<or_exp><and_exp><literal name="and_ln68" val="1"/>
<literal name="or_ln73_2" val="0"/>
<literal name="icmp_ln14" val="0"/>
</and_exp></or_exp>
</condition>

<Node id="205" bw="8" op_0_bw="8">
<![CDATA[
:10  %kernel_2_2_1_load = load i8* %kernel_2_2_1

]]></Node>
<StgValue><ssdm name="kernel_2_2_1_load"/></StgValue>
</operation>

<operation id="184" st_id="11" stage="1" lat="1">
<core>NULL</core>
<MemPortIdVec></MemPortIdVec>
<condition id="-1">
<or_exp><and_exp><literal name="and_ln68" val="1"/>
<literal name="or_ln73_2" val="0"/>
<literal name="icmp_ln14" val="0"/>
</and_exp></or_exp>
</condition>

<Node id="206" bw="8" op_0_bw="8">
<![CDATA[
:11  %kernel_2_2_2_load = load i8* %kernel_2_2_2

]]></Node>
<StgValue><ssdm name="kernel_2_2_2_load"/></StgValue>
</operation>

<operation id="185" st_id="11" stage="1" lat="1">
<core>NULL</core>
<MemPortIdVec></MemPortIdVec>
<condition id="-1">
<or_exp><and_exp><literal name="and_ln68" val="1"/>
<literal name="or_ln73_2" val="0"/>
<literal name="icmp_ln14" val="0"/>
</and_exp></or_exp>
</condition>

<Node id="208" bw="8" op_0_bw="8">
<![CDATA[
:13  %kernel_2_2_4_load = load i8* %kernel_2_2_4

]]></Node>
<StgValue><ssdm name="kernel_2_2_4_load"/></StgValue>
</operation>

<operation id="186" st_id="11" stage="1" lat="1">
<core>NULL</core>
<MemPortIdVec></MemPortIdVec>
<condition id="-1">
<or_exp><and_exp><literal name="and_ln68" val="1"/>
<literal name="or_ln73_2" val="0"/>
<literal name="icmp_ln14" val="0"/>
</and_exp></or_exp>
</condition>

<Node id="209" bw="8" op_0_bw="8">
<![CDATA[
:14  %kernel_2_2_5_load = load i8* %kernel_2_2_5

]]></Node>
<StgValue><ssdm name="kernel_2_2_5_load"/></StgValue>
</operation>

<operation id="187" st_id="11" stage="1" lat="1">
<core>NULL</core>
<MemPortIdVec></MemPortIdVec>
<condition id="-1">
<or_exp><and_exp><literal name="and_ln68" val="1"/>
<literal name="or_ln73_2" val="0"/>
<literal name="icmp_ln14" val="0"/>
</and_exp></or_exp>
</condition>

<Node id="211" bw="8" op_0_bw="8">
<![CDATA[
:16  %kernel_2_2_7_load = load i8* %kernel_2_2_7

]]></Node>
<StgValue><ssdm name="kernel_2_2_7_load"/></StgValue>
</operation>

<operation id="188" st_id="11" stage="1" lat="1">
<core>NULL</core>
<MemPortIdVec></MemPortIdVec>
<condition id="-1">
<or_exp><and_exp><literal name="and_ln68" val="1"/>
<literal name="or_ln73_2" val="0"/>
<literal name="icmp_ln14" val="0"/>
</and_exp></or_exp>
</condition>

<Node id="212" bw="8" op_0_bw="8">
<![CDATA[
:17  %kernel_2_2_8_load = load i8* %kernel_2_2_8

]]></Node>
<StgValue><ssdm name="kernel_2_2_8_load"/></StgValue>
</operation>

<operation id="189" st_id="11" stage="1" lat="1">
<core>MuxnS</core>
<MemPortIdVec></MemPortIdVec>
<condition id="-1">
<or_exp><and_exp><literal name="and_ln68" val="1"/>
<literal name="or_ln73_2" val="0"/>
<literal name="icmp_ln14" val="0"/>
</and_exp></or_exp>
</condition>

<Node id="220" bw="8" op_0_bw="8" op_1_bw="8" op_2_bw="8" op_3_bw="8" op_4_bw="2">
<![CDATA[
:25  %tmp_4 = call i8 @_ssdm_op_Mux.ap_auto.3i8.i2(i8 %window_2_1_load_1, i8 %window_2_1_1_load_1, i8 %window_2_1_2_load_1, i2 %i_0_i) nounwind

]]></Node>
<StgValue><ssdm name="tmp_4"/></StgValue>
</operation>

<operation id="190" st_id="11" stage="1" lat="1">
<core>MuxnS</core>
<MemPortIdVec></MemPortIdVec>
<condition id="-1">
<or_exp><and_exp><literal name="and_ln68" val="1"/>
<literal name="or_ln73_2" val="0"/>
<literal name="icmp_ln14" val="0"/>
</and_exp></or_exp>
</condition>

<Node id="222" bw="8" op_0_bw="8" op_1_bw="8" op_2_bw="8" op_3_bw="8" op_4_bw="2">
<![CDATA[
:27  %tmp_5 = call i8 @_ssdm_op_Mux.ap_auto.3i8.i2(i8 %kernel_2_2_1_load, i8 %kernel_2_2_4_load, i8 %kernel_2_2_7_load, i2 %i_0_i) nounwind

]]></Node>
<StgValue><ssdm name="tmp_5"/></StgValue>
</operation>

<operation id="191" st_id="11" stage="1" lat="1">
<core>MuxnS</core>
<MemPortIdVec></MemPortIdVec>
<condition id="-1">
<or_exp><and_exp><literal name="and_ln68" val="1"/>
<literal name="or_ln73_2" val="0"/>
<literal name="icmp_ln14" val="0"/>
</and_exp></or_exp>
</condition>

<Node id="226" bw="8" op_0_bw="8" op_1_bw="8" op_2_bw="8" op_3_bw="8" op_4_bw="2">
<![CDATA[
:31  %tmp_6 = call i8 @_ssdm_op_Mux.ap_auto.3i8.i2(i8 %window_0_2_1_load_1, i8 %window_1_2_1_load_1, i8 %window_2_2_1_load_1, i2 %i_0_i) nounwind

]]></Node>
<StgValue><ssdm name="tmp_6"/></StgValue>
</operation>

<operation id="192" st_id="11" stage="1" lat="1">
<core>NULL</core>
<MemPortIdVec></MemPortIdVec>
<condition id="-1">
<or_exp><and_exp><literal name="and_ln68" val="1"/>
<literal name="or_ln73_2" val="0"/>
<literal name="icmp_ln14" val="0"/>
</and_exp></or_exp>
</condition>

<Node id="227" bw="16" op_0_bw="8">
<![CDATA[
:32  %zext_ln16_6 = zext i8 %tmp_6 to i16

]]></Node>
<StgValue><ssdm name="zext_ln16_6"/></StgValue>
</operation>

<operation id="193" st_id="11" stage="1" lat="1">
<core>MuxnS</core>
<MemPortIdVec></MemPortIdVec>
<condition id="-1">
<or_exp><and_exp><literal name="and_ln68" val="1"/>
<literal name="or_ln73_2" val="0"/>
<literal name="icmp_ln14" val="0"/>
</and_exp></or_exp>
</condition>

<Node id="228" bw="8" op_0_bw="8" op_1_bw="8" op_2_bw="8" op_3_bw="8" op_4_bw="2">
<![CDATA[
:33  %tmp_7 = call i8 @_ssdm_op_Mux.ap_auto.3i8.i2(i8 %kernel_2_2_2_load, i8 %kernel_2_2_5_load, i8 %kernel_2_2_8_load, i2 %i_0_i) nounwind

]]></Node>
<StgValue><ssdm name="tmp_7"/></StgValue>
</operation>

<operation id="194" st_id="11" stage="1" lat="1">
<core>NULL</core>
<MemPortIdVec></MemPortIdVec>
<condition id="-1">
<or_exp><and_exp><literal name="and_ln68" val="1"/>
<literal name="or_ln73_2" val="0"/>
<literal name="icmp_ln14" val="0"/>
</and_exp></or_exp>
</condition>

<Node id="229" bw="16" op_0_bw="8">
<![CDATA[
:34  %zext_ln16_7 = zext i8 %tmp_7 to i16

]]></Node>
<StgValue><ssdm name="zext_ln16_7"/></StgValue>
</operation>

<operation id="195" st_id="11" stage="3" lat="3">
<core>DSP48</core>
<MemPortIdVec></MemPortIdVec>
<condition id="-1">
<or_exp><and_exp><literal name="and_ln68" val="1"/>
<literal name="or_ln73_2" val="0"/>
<literal name="icmp_ln14" val="0"/>
</and_exp></or_exp>
</condition>

<Node id="230" bw="16" op_0_bw="16" op_1_bw="16">
<![CDATA[
:35  %mul_ln16_2 = mul i16 %zext_ln16_6, %zext_ln16_7

]]></Node>
<StgValue><ssdm name="mul_ln16_2"/></StgValue>
</operation>

<operation id="196" st_id="11" stage="1" lat="1">
<core>NULL</core>
<MemPortIdVec></MemPortIdVec>
<condition id="-1">
<or_exp><and_exp><literal name="and_ln68" val="1"/>
<literal name="or_ln73_2" val="0"/>
<literal name="icmp_ln14" val="1"/>
</and_exp></or_exp>
</condition>

<Node id="239" bw="8" op_0_bw="8" op_1_bw="20" op_2_bw="32" op_3_bw="32">
<![CDATA[
filter.exit:0  %trunc_ln = call i8 @_ssdm_op_PartSelect.i8.i20.i32.i32(i20 %result_0_i, i32 4, i32 11)

]]></Node>
<StgValue><ssdm name="trunc_ln"/></StgValue>
</operation>

<operation id="197" st_id="11" stage="1" lat="1">
<core>FIFO</core>
<MemPortIdVec></MemPortIdVec>
<condition id="-1">
<or_exp><and_exp><literal name="and_ln68" val="1"/>
<literal name="or_ln73_2" val="0"/>
<literal name="icmp_ln14" val="1"/>
</and_exp></or_exp>
</condition>

<Node id="240" bw="0" op_0_bw="0" op_1_bw="8" op_2_bw="8">
<![CDATA[
filter.exit:1  call void @_ssdm_op_Write.ap_fifo.volatile.i8P(i8* %outImage, i8 %trunc_ln) nounwind

]]></Node>
<StgValue><ssdm name="write_ln76"/></StgValue>
</operation>

<operation id="198" st_id="11" stage="1" lat="1">
<core>NULL</core>
<MemPortIdVec></MemPortIdVec>
<condition id="-1">
<or_exp><and_exp><literal name="and_ln68" val="1"/>
<literal name="or_ln73_2" val="0"/>
<literal name="icmp_ln14" val="1"/>
</and_exp></or_exp>
</condition>

<Node id="241" bw="0" op_0_bw="0">
<![CDATA[
filter.exit:2  br label %L1_end

]]></Node>
<StgValue><ssdm name="br_ln0"/></StgValue>
</operation>

<operation id="199" st_id="11" stage="1" lat="1">
<core>NULL</core>
<MemPortIdVec></MemPortIdVec>
<condition id="-1">
<or_exp><and_exp><literal name="icmp_ln14" val="1"/>
</and_exp><and_exp><literal name="or_ln73_2" val="1"/>
</and_exp><and_exp><literal name="and_ln68" val="0"/>
</and_exp></or_exp>
</condition>

<Node id="246" bw="32" op_0_bw="32" op_1_bw="0" op_2_bw="32">
<![CDATA[
L1_end:0  %empty_11 = call i32 (...)* @_ssdm_op_SpecRegionEnd([3 x i8]* @p_str6, i32 %tmp_1) nounwind

]]></Node>
<StgValue><ssdm name="empty_11"/></StgValue>
</operation>

<operation id="200" st_id="11" stage="1" lat="1">
<core>NULL</core>
<MemPortIdVec></MemPortIdVec>
<condition id="-1">
<or_exp><and_exp><literal name="icmp_ln14" val="1"/>
</and_exp><and_exp><literal name="or_ln73_2" val="1"/>
</and_exp><and_exp><literal name="and_ln68" val="0"/>
</and_exp></or_exp>
</condition>

<Node id="247" bw="0" op_0_bw="0">
<![CDATA[
L1_end:1  br label %2

]]></Node>
<StgValue><ssdm name="br_ln47"/></StgValue>
</operation>
</state>

<state id="12" st_id="12">

<operation id="201" st_id="12" stage="1" lat="1">
<core>NULL</core>
<MemPortIdVec></MemPortIdVec>
<condition id="-1">
<or_exp><and_exp></and_exp></or_exp>
</condition>

<Node id="195" bw="8" op_0_bw="8">
<![CDATA[
:0  %window_2_0_load = load i8* %window_2_0

]]></Node>
<StgValue><ssdm name="window_2_0_load"/></StgValue>
</operation>

<operation id="202" st_id="12" stage="1" lat="1">
<core>NULL</core>
<MemPortIdVec></MemPortIdVec>
<condition id="-1">
<or_exp><and_exp></and_exp></or_exp>
</condition>

<Node id="198" bw="8" op_0_bw="8">
<![CDATA[
:3  %window_2_0_1_load = load i8* %window_2_0_1

]]></Node>
<StgValue><ssdm name="window_2_0_1_load"/></StgValue>
</operation>

<operation id="203" st_id="12" stage="1" lat="1">
<core>NULL</core>
<MemPortIdVec></MemPortIdVec>
<condition id="-1">
<or_exp><and_exp></and_exp></or_exp>
</condition>

<Node id="201" bw="8" op_0_bw="8">
<![CDATA[
:6  %window_2_0_2_load = load i8* %window_2_0_2

]]></Node>
<StgValue><ssdm name="window_2_0_2_load"/></StgValue>
</operation>

<operation id="204" st_id="12" stage="1" lat="1">
<core>NULL</core>
<MemPortIdVec></MemPortIdVec>
<condition id="-1">
<or_exp><and_exp></and_exp></or_exp>
</condition>

<Node id="204" bw="8" op_0_bw="8">
<![CDATA[
:9  %kernel_2_2_load = load i8* %kernel_2_2

]]></Node>
<StgValue><ssdm name="kernel_2_2_load"/></StgValue>
</operation>

<operation id="205" st_id="12" stage="1" lat="1">
<core>NULL</core>
<MemPortIdVec></MemPortIdVec>
<condition id="-1">
<or_exp><and_exp></and_exp></or_exp>
</condition>

<Node id="207" bw="8" op_0_bw="8">
<![CDATA[
:12  %kernel_2_2_3_load = load i8* %kernel_2_2_3

]]></Node>
<StgValue><ssdm name="kernel_2_2_3_load"/></StgValue>
</operation>

<operation id="206" st_id="12" stage="1" lat="1">
<core>NULL</core>
<MemPortIdVec></MemPortIdVec>
<condition id="-1">
<or_exp><and_exp></and_exp></or_exp>
</condition>

<Node id="210" bw="8" op_0_bw="8">
<![CDATA[
:15  %kernel_2_2_6_load = load i8* %kernel_2_2_6

]]></Node>
<StgValue><ssdm name="kernel_2_2_6_load"/></StgValue>
</operation>

<operation id="207" st_id="12" stage="1" lat="1">
<core>MuxnS</core>
<MemPortIdVec></MemPortIdVec>
<condition id="-1">
<or_exp><and_exp></and_exp></or_exp>
</condition>

<Node id="214" bw="8" op_0_bw="8" op_1_bw="8" op_2_bw="8" op_3_bw="8" op_4_bw="2">
<![CDATA[
:19  %tmp_2 = call i8 @_ssdm_op_Mux.ap_auto.3i8.i2(i8 %window_2_0_load, i8 %window_2_0_1_load, i8 %window_2_0_2_load, i2 %i_0_i) nounwind

]]></Node>
<StgValue><ssdm name="tmp_2"/></StgValue>
</operation>

<operation id="208" st_id="12" stage="1" lat="1">
<core>NULL</core>
<MemPortIdVec></MemPortIdVec>
<condition id="-1">
<or_exp><and_exp></and_exp></or_exp>
</condition>

<Node id="215" bw="16" op_0_bw="8">
<![CDATA[
:20  %zext_ln16 = zext i8 %tmp_2 to i16

]]></Node>
<StgValue><ssdm name="zext_ln16"/></StgValue>
</operation>

<operation id="209" st_id="12" stage="1" lat="1">
<core>MuxnS</core>
<MemPortIdVec></MemPortIdVec>
<condition id="-1">
<or_exp><and_exp></and_exp></or_exp>
</condition>

<Node id="216" bw="8" op_0_bw="8" op_1_bw="8" op_2_bw="8" op_3_bw="8" op_4_bw="2">
<![CDATA[
:21  %tmp_3 = call i8 @_ssdm_op_Mux.ap_auto.3i8.i2(i8 %kernel_2_2_load, i8 %kernel_2_2_3_load, i8 %kernel_2_2_6_load, i2 %i_0_i) nounwind

]]></Node>
<StgValue><ssdm name="tmp_3"/></StgValue>
</operation>

<operation id="210" st_id="12" stage="1" lat="1">
<core>NULL</core>
<MemPortIdVec></MemPortIdVec>
<condition id="-1">
<or_exp><and_exp></and_exp></or_exp>
</condition>

<Node id="217" bw="16" op_0_bw="8">
<![CDATA[
:22  %zext_ln16_1 = zext i8 %tmp_3 to i16

]]></Node>
<StgValue><ssdm name="zext_ln16_1"/></StgValue>
</operation>

<operation id="211" st_id="12" stage="3" lat="3">
<core>DSP48</core>
<MemPortIdVec></MemPortIdVec>
<condition id="-1">
<or_exp><and_exp></and_exp></or_exp>
</condition>

<Node id="218" bw="16" op_0_bw="16" op_1_bw="16">
<![CDATA[
:23  %mul_ln16 = mul i16 %zext_ln16, %zext_ln16_1

]]></Node>
<StgValue><ssdm name="mul_ln16"/></StgValue>
</operation>

<operation id="212" st_id="12" stage="1" lat="1">
<core>NULL</core>
<MemPortIdVec></MemPortIdVec>
<condition id="-1">
<or_exp><and_exp></and_exp></or_exp>
</condition>

<Node id="221" bw="16" op_0_bw="8">
<![CDATA[
:26  %zext_ln16_3 = zext i8 %tmp_4 to i16

]]></Node>
<StgValue><ssdm name="zext_ln16_3"/></StgValue>
</operation>

<operation id="213" st_id="12" stage="1" lat="1">
<core>NULL</core>
<MemPortIdVec></MemPortIdVec>
<condition id="-1">
<or_exp><and_exp></and_exp></or_exp>
</condition>

<Node id="223" bw="16" op_0_bw="8">
<![CDATA[
:28  %zext_ln16_4 = zext i8 %tmp_5 to i16

]]></Node>
<StgValue><ssdm name="zext_ln16_4"/></StgValue>
</operation>

<operation id="214" st_id="12" stage="1" lat="1">
<core>Mul</core>
<MemPortIdVec></MemPortIdVec>
<condition id="-1">
<or_exp><and_exp></and_exp></or_exp>
</condition>

<Node id="224" bw="16" op_0_bw="16" op_1_bw="16">
<![CDATA[
:29  %mul_ln16_1 = mul i16 %zext_ln16_3, %zext_ln16_4

]]></Node>
<StgValue><ssdm name="mul_ln16_1"/></StgValue>
</operation>

<operation id="215" st_id="12" stage="2" lat="3">
<core>DSP48</core>
<MemPortIdVec></MemPortIdVec>
<condition id="-1">
<or_exp><and_exp></and_exp></or_exp>
</condition>

<Node id="230" bw="16" op_0_bw="16" op_1_bw="16">
<![CDATA[
:35  %mul_ln16_2 = mul i16 %zext_ln16_6, %zext_ln16_7

]]></Node>
<StgValue><ssdm name="mul_ln16_2"/></StgValue>
</operation>
</state>

<state id="13" st_id="13">

<operation id="216" st_id="13" stage="2" lat="3">
<core>DSP48</core>
<MemPortIdVec></MemPortIdVec>
<condition id="-1">
<or_exp><and_exp></and_exp></or_exp>
</condition>

<Node id="218" bw="16" op_0_bw="16" op_1_bw="16">
<![CDATA[
:23  %mul_ln16 = mul i16 %zext_ln16, %zext_ln16_1

]]></Node>
<StgValue><ssdm name="mul_ln16"/></StgValue>
</operation>

<operation id="217" st_id="13" stage="1" lat="1">
<core>NULL</core>
<MemPortIdVec></MemPortIdVec>
<condition id="-1">
<or_exp><and_exp></and_exp></or_exp>
</condition>

<Node id="225" bw="17" op_0_bw="16">
<![CDATA[
:30  %zext_ln16_5 = zext i16 %mul_ln16_1 to i17

]]></Node>
<StgValue><ssdm name="zext_ln16_5"/></StgValue>
</operation>

<operation id="218" st_id="13" stage="1" lat="3">
<core>DSP48</core>
<MemPortIdVec></MemPortIdVec>
<condition id="-1">
<or_exp><and_exp></and_exp></or_exp>
</condition>

<Node id="230" bw="16" op_0_bw="16" op_1_bw="16">
<![CDATA[
:35  %mul_ln16_2 = mul i16 %zext_ln16_6, %zext_ln16_7

]]></Node>
<StgValue><ssdm name="mul_ln16_2"/></StgValue>
</operation>

<operation id="219" st_id="13" stage="1" lat="1">
<core>NULL</core>
<MemPortIdVec></MemPortIdVec>
<condition id="-1">
<or_exp><and_exp></and_exp></or_exp>
</condition>

<Node id="231" bw="17" op_0_bw="16">
<![CDATA[
:36  %zext_ln16_8 = zext i16 %mul_ln16_2 to i17

]]></Node>
<StgValue><ssdm name="zext_ln16_8"/></StgValue>
</operation>

<operation id="220" st_id="13" stage="1" lat="1">
<core>DSP48</core>
<MemPortIdVec></MemPortIdVec>
<condition id="-1">
<or_exp><and_exp></and_exp></or_exp>
</condition>

<Node id="232" bw="17" op_0_bw="17" op_1_bw="17">
<![CDATA[
:37  %add_ln16 = add i17 %zext_ln16_5, %zext_ln16_8

]]></Node>
<StgValue><ssdm name="add_ln16"/></StgValue>
</operation>
</state>

<state id="14" st_id="14">

<operation id="221" st_id="14" stage="1" lat="3">
<core>DSP48</core>
<MemPortIdVec></MemPortIdVec>
<condition id="-1">
<or_exp><and_exp></and_exp></or_exp>
</condition>

<Node id="218" bw="16" op_0_bw="16" op_1_bw="16">
<![CDATA[
:23  %mul_ln16 = mul i16 %zext_ln16, %zext_ln16_1

]]></Node>
<StgValue><ssdm name="mul_ln16"/></StgValue>
</operation>

<operation id="222" st_id="14" stage="1" lat="1">
<core>NULL</core>
<MemPortIdVec></MemPortIdVec>
<condition id="-1">
<or_exp><and_exp></and_exp></or_exp>
</condition>

<Node id="219" bw="18" op_0_bw="16">
<![CDATA[
:24  %zext_ln16_2 = zext i16 %mul_ln16 to i18

]]></Node>
<StgValue><ssdm name="zext_ln16_2"/></StgValue>
</operation>

<operation id="223" st_id="14" stage="1" lat="1">
<core>NULL</core>
<MemPortIdVec></MemPortIdVec>
<condition id="-1">
<or_exp><and_exp></and_exp></or_exp>
</condition>

<Node id="233" bw="18" op_0_bw="17">
<![CDATA[
:38  %zext_ln16_9 = zext i17 %add_ln16 to i18

]]></Node>
<StgValue><ssdm name="zext_ln16_9"/></StgValue>
</operation>

<operation id="224" st_id="14" stage="1" lat="1">
<core>DSP48</core>
<MemPortIdVec></MemPortIdVec>
<condition id="-1">
<or_exp><and_exp></and_exp></or_exp>
</condition>

<Node id="234" bw="18" op_0_bw="18" op_1_bw="18">
<![CDATA[
:39  %add_ln16_1 = add i18 %zext_ln16_9, %zext_ln16_2

]]></Node>
<StgValue><ssdm name="add_ln16_1"/></StgValue>
</operation>
</state>

<state id="15" st_id="15">

<operation id="225" st_id="15" stage="1" lat="1">
<core>NULL</core>
<MemPortIdVec></MemPortIdVec>
<condition id="-1">
<or_exp><and_exp></and_exp></or_exp>
</condition>

<Node id="213" bw="0" op_0_bw="0" op_1_bw="0">
<![CDATA[
:18  call void (...)* @_ssdm_op_SpecLoopName([9 x i8]* @p_str) nounwind

]]></Node>
<StgValue><ssdm name="specloopname_ln14"/></StgValue>
</operation>

<operation id="226" st_id="15" stage="1" lat="1">
<core>NULL</core>
<MemPortIdVec></MemPortIdVec>
<condition id="-1">
<or_exp><and_exp></and_exp></or_exp>
</condition>

<Node id="235" bw="20" op_0_bw="18">
<![CDATA[
:40  %zext_ln16_10 = zext i18 %add_ln16_1 to i20

]]></Node>
<StgValue><ssdm name="zext_ln16_10"/></StgValue>
</operation>

<operation id="227" st_id="15" stage="1" lat="1">
<core>AddSub</core>
<MemPortIdVec></MemPortIdVec>
<condition id="-1">
<or_exp><and_exp></and_exp></or_exp>
</condition>

<Node id="236" bw="20" op_0_bw="20" op_1_bw="20">
<![CDATA[
:41  %add_ln16_2 = add i20 %result_0_i, %zext_ln16_10

]]></Node>
<StgValue><ssdm name="add_ln16_2"/></StgValue>
</operation>

<operation id="228" st_id="15" stage="1" lat="1">
<core>NULL</core>
<MemPortIdVec></MemPortIdVec>
<condition id="-1">
<or_exp><and_exp></and_exp></or_exp>
</condition>

<Node id="237" bw="0" op_0_bw="0">
<![CDATA[
:42  br label %.preheader86

]]></Node>
<StgValue><ssdm name="br_ln14"/></StgValue>
</operation>
</state>
</state_list>


<ports>
</ports>


<dataflows>
</dataflows>


</stg>
