{"sourceFile": [{
      "name": "",
      "directive": [
        {
          "functionName": "foo_m",
          "label": "Loop1",
          "functionLabel": "",
          "pragma": {"name": "PIPELINE"}
        },
        {
          "functionName": "foo_m",
          "label": "Loop2",
          "functionLabel": "",
          "pragma": {"name": "PIPELINE"}
        },
        {
          "functionName": "foo_m",
          "label": "Loop3",
          "functionLabel": "",
          "pragma": {"name": "PIPELINE"}
        },
        {
          "functionName": "foo_m",
          "label": "",
          "functionLabel": "",
          "pragma": {"name": "DATAFLOW"}
        }
      ]
    }]}
