<stg><name>Block_codeRepl8_proc</name>


<trans_list>

<trans id="18" from="1" to="2">
<condition id="-1">
<or_exp><and_exp></and_exp></or_exp>
</condition>
</trans>

<trans id="19" from="2" to="3">
<condition id="-1">
<or_exp><and_exp></and_exp></or_exp>
</condition>
</trans>
</trans_list>



<state_list>

<state id="1" st_id="1">

<operation id="4" st_id="1" stage="1" lat="1">
<core>NULL</core>
<MemPortIdVec></MemPortIdVec>
<condition id="-1">
<or_exp><and_exp></and_exp></or_exp>
</condition>

<Node id="4" bw="2" op_0_bw="32" op_1_bw="64" op_2_bw="64">
<![CDATA[
entry:1  %scale_addr = getelementptr [3 x i32]* %scale, i64 0, i64 0

]]></Node>
<StgValue><ssdm name="scale_addr"/></StgValue>
</operation>

<operation id="5" st_id="1" stage="2" lat="2">
<core>RAM</core>
<MemPortIdVec>0 </MemPortIdVec>
<condition id="-1">
<or_exp><and_exp></and_exp></or_exp>
</condition>

<Node id="5" bw="32" op_0_bw="2">
<![CDATA[
entry:2  %tmp1 = load i32* %scale_addr, align 4

]]></Node>
<StgValue><ssdm name="tmp1"/></StgValue>
</operation>
</state>

<state id="2" st_id="2">

<operation id="6" st_id="2" stage="1" lat="2">
<core>RAM</core>
<MemPortIdVec>0 </MemPortIdVec>
<condition id="-1">
<or_exp><and_exp></and_exp></or_exp>
</condition>

<Node id="5" bw="32" op_0_bw="2">
<![CDATA[
entry:2  %tmp1 = load i32* %scale_addr, align 4

]]></Node>
<StgValue><ssdm name="tmp1"/></StgValue>
</operation>

<operation id="7" st_id="2" stage="1" lat="1">
<core>NULL</core>
<MemPortIdVec></MemPortIdVec>
<condition id="-1">
<or_exp><and_exp></and_exp></or_exp>
</condition>

<Node id="6" bw="2" op_0_bw="32" op_1_bw="64" op_2_bw="64">
<![CDATA[
entry:3  %scale_addr_1 = getelementptr [3 x i32]* %scale, i64 0, i64 1

]]></Node>
<StgValue><ssdm name="scale_addr_1"/></StgValue>
</operation>

<operation id="8" st_id="2" stage="2" lat="2">
<core>RAM</core>
<MemPortIdVec>0 </MemPortIdVec>
<condition id="-1">
<or_exp><and_exp></and_exp></or_exp>
</condition>

<Node id="7" bw="32" op_0_bw="2">
<![CDATA[
entry:4  %tmp2 = load i32* %scale_addr_1, align 4

]]></Node>
<StgValue><ssdm name="tmp2"/></StgValue>
</operation>

<operation id="9" st_id="2" stage="1" lat="1">
<core>NULL</core>
<MemPortIdVec></MemPortIdVec>
<condition id="-1">
<or_exp><and_exp></and_exp></or_exp>
</condition>

<Node id="8" bw="2" op_0_bw="32" op_1_bw="64" op_2_bw="64">
<![CDATA[
entry:5  %scale_addr_2 = getelementptr [3 x i32]* %scale, i64 0, i64 2

]]></Node>
<StgValue><ssdm name="scale_addr_2"/></StgValue>
</operation>

<operation id="10" st_id="2" stage="2" lat="2">
<core>RAM</core>
<MemPortIdVec>1 </MemPortIdVec>
<condition id="-1">
<or_exp><and_exp></and_exp></or_exp>
</condition>

<Node id="9" bw="32" op_0_bw="2">
<![CDATA[
entry:6  %tmp3 = load i32* %scale_addr_2, align 4

]]></Node>
<StgValue><ssdm name="tmp3"/></StgValue>
</operation>
</state>

<state id="3" st_id="3">

<operation id="11" st_id="3" stage="1" lat="1">
<core>NULL</core>
<MemPortIdVec></MemPortIdVec>
<condition id="-1">
<or_exp><and_exp></and_exp></or_exp>
</condition>

<Node id="3" bw="32" op_0_bw="32" op_1_bw="32" op_2_bw="0" op_3_bw="32" op_4_bw="32" op_5_bw="0" op_6_bw="32" op_7_bw="32" op_8_bw="0" op_9_bw="0" op_10_bw="0" op_11_bw="32" op_12_bw="32" op_13_bw="32" op_14_bw="32" op_15_bw="0" op_16_bw="0">
<![CDATA[
entry:0  %empty = call i32 (...)* @_ssdm_op_SpecInterface(i32* %tmp3_out_out, [8 x i8]* @ap_fifo_str, i32 0, i32 0, [1 x i8]* @p_str7, i32 0, i32 0, [1 x i8]* @p_str8, [1 x i8]* @p_str9, [1 x i8]* @p_str10, i32 2, i32 2, i32 16, i32 16, [1 x i8]* @p_str11, [1 x i8]* @p_str12)

]]></Node>
<StgValue><ssdm name="empty"/></StgValue>
</operation>

<operation id="12" st_id="3" stage="1" lat="2">
<core>RAM</core>
<MemPortIdVec>0 </MemPortIdVec>
<condition id="-1">
<or_exp><and_exp></and_exp></or_exp>
</condition>

<Node id="7" bw="32" op_0_bw="2">
<![CDATA[
entry:4  %tmp2 = load i32* %scale_addr_1, align 4

]]></Node>
<StgValue><ssdm name="tmp2"/></StgValue>
</operation>

<operation id="13" st_id="3" stage="1" lat="2">
<core>RAM</core>
<MemPortIdVec>1 </MemPortIdVec>
<condition id="-1">
<or_exp><and_exp></and_exp></or_exp>
</condition>

<Node id="9" bw="32" op_0_bw="2">
<![CDATA[
entry:6  %tmp3 = load i32* %scale_addr_2, align 4

]]></Node>
<StgValue><ssdm name="tmp3"/></StgValue>
</operation>

<operation id="14" st_id="3" stage="1" lat="1">
<core>FIFO</core>
<MemPortIdVec></MemPortIdVec>
<condition id="-1">
<or_exp><and_exp></and_exp></or_exp>
</condition>

<Node id="10" bw="0" op_0_bw="0" op_1_bw="32" op_2_bw="32">
<![CDATA[
entry:7  call void @_ssdm_op_Write.ap_fifo.i32P(i32* %tmp3_out_out, i32 %tmp3)

]]></Node>
<StgValue><ssdm name="write_ln23"/></StgValue>
</operation>

<operation id="15" st_id="3" stage="1" lat="1">
<core>NULL</core>
<MemPortIdVec></MemPortIdVec>
<condition id="-1">
<or_exp><and_exp></and_exp></or_exp>
</condition>

<Node id="11" bw="64" op_0_bw="64" op_1_bw="32">
<![CDATA[
entry:8  %mrv = insertvalue { i32, i32 } undef, i32 %tmp1, 0

]]></Node>
<StgValue><ssdm name="mrv"/></StgValue>
</operation>

<operation id="16" st_id="3" stage="1" lat="1">
<core>NULL</core>
<MemPortIdVec></MemPortIdVec>
<condition id="-1">
<or_exp><and_exp></and_exp></or_exp>
</condition>

<Node id="12" bw="64" op_0_bw="64" op_1_bw="32">
<![CDATA[
entry:9  %mrv_1 = insertvalue { i32, i32 } %mrv, i32 %tmp2, 1

]]></Node>
<StgValue><ssdm name="mrv_1"/></StgValue>
</operation>

<operation id="17" st_id="3" stage="1" lat="1">
<core>NULL</core>
<MemPortIdVec></MemPortIdVec>
<condition id="-1">
<or_exp><and_exp></and_exp></or_exp>
</condition>

<Node id="13" bw="0" op_0_bw="64">
<![CDATA[
entry:10  ret { i32, i32 } %mrv_1

]]></Node>
<StgValue><ssdm name="ret_ln22"/></StgValue>
</operation>
</state>
</state_list>


<ports>
<port id="20" name="scale" dir="0" iftype="1">
<core>RAM</core><StgValue><ssdm name="scale"/><MemPortTyVec>1 1 </MemPortTyVec>
</StgValue>
</port>
<port id="21" name="tmp3_out_out" dir="1" iftype="3">
<core>FIFO</core><StgValue><ssdm name="tmp3_out_out"/></StgValue>
</port>
</ports>


<dataflows>
<dataflow id="22" from="scale" to="scale_addr" fromId="20" toId="4">
</dataflow>
<dataflow id="24" from="StgValue_23" to="scale_addr" fromId="23" toId="4">
</dataflow>
<dataflow id="25" from="StgValue_23" to="scale_addr" fromId="23" toId="4">
</dataflow>
<dataflow id="26" from="scale_addr" to="tmp1" fromId="4" toId="5">
</dataflow>
<dataflow id="27" from="scale_addr" to="tmp1" fromId="4" toId="6">
</dataflow>
<dataflow id="28" from="scale" to="scale_addr_1" fromId="20" toId="7">
</dataflow>
<dataflow id="29" from="StgValue_23" to="scale_addr_1" fromId="23" toId="7">
</dataflow>
<dataflow id="31" from="StgValue_30" to="scale_addr_1" fromId="30" toId="7">
</dataflow>
<dataflow id="32" from="scale_addr_1" to="tmp2" fromId="7" toId="8">
</dataflow>
<dataflow id="33" from="scale" to="scale_addr_2" fromId="20" toId="9">
</dataflow>
<dataflow id="34" from="StgValue_23" to="scale_addr_2" fromId="23" toId="9">
</dataflow>
<dataflow id="36" from="StgValue_35" to="scale_addr_2" fromId="35" toId="9">
</dataflow>
<dataflow id="37" from="scale_addr_2" to="tmp3" fromId="9" toId="10">
</dataflow>
<dataflow id="39" from="_ssdm_op_SpecInterface" to="empty" fromId="38" toId="11">
</dataflow>
<dataflow id="40" from="tmp3_out_out" to="empty" fromId="21" toId="11">
</dataflow>
<dataflow id="42" from="ap_fifo_str" to="empty" fromId="41" toId="11">
</dataflow>
<dataflow id="44" from="StgValue_43" to="empty" fromId="43" toId="11">
</dataflow>
<dataflow id="45" from="StgValue_43" to="empty" fromId="43" toId="11">
</dataflow>
<dataflow id="47" from="p_str7" to="empty" fromId="46" toId="11">
</dataflow>
<dataflow id="48" from="StgValue_43" to="empty" fromId="43" toId="11">
</dataflow>
<dataflow id="49" from="StgValue_43" to="empty" fromId="43" toId="11">
</dataflow>
<dataflow id="51" from="p_str8" to="empty" fromId="50" toId="11">
</dataflow>
<dataflow id="53" from="p_str9" to="empty" fromId="52" toId="11">
</dataflow>
<dataflow id="55" from="p_str10" to="empty" fromId="54" toId="11">
</dataflow>
<dataflow id="57" from="StgValue_56" to="empty" fromId="56" toId="11">
</dataflow>
<dataflow id="58" from="StgValue_56" to="empty" fromId="56" toId="11">
</dataflow>
<dataflow id="60" from="StgValue_59" to="empty" fromId="59" toId="11">
</dataflow>
<dataflow id="61" from="StgValue_59" to="empty" fromId="59" toId="11">
</dataflow>
<dataflow id="63" from="p_str11" to="empty" fromId="62" toId="11">
</dataflow>
<dataflow id="65" from="p_str12" to="empty" fromId="64" toId="11">
</dataflow>
<dataflow id="66" from="scale_addr_1" to="tmp2" fromId="7" toId="12">
</dataflow>
<dataflow id="67" from="scale_addr_2" to="tmp3" fromId="9" toId="13">
</dataflow>
<dataflow id="69" from="_ssdm_op_Write.ap_fifo.i32P" to="write_ln23" fromId="68" toId="14">
</dataflow>
<dataflow id="70" from="tmp3_out_out" to="write_ln23" fromId="21" toId="14">
</dataflow>
<dataflow id="71" from="tmp3" to="write_ln23" fromId="13" toId="14">
</dataflow>
<dataflow id="73" from="StgValue_72" to="mrv" fromId="72" toId="15">
</dataflow>
<dataflow id="74" from="tmp1" to="mrv" fromId="6" toId="15">
</dataflow>
<dataflow id="75" from="mrv" to="mrv_1" fromId="15" toId="16">
</dataflow>
<dataflow id="76" from="tmp2" to="mrv_1" fromId="12" toId="16">
</dataflow>
<dataflow id="77" from="mrv_1" to="ret_ln22" fromId="16" toId="17">
</dataflow>
</dataflows>


</stg>
