<profile>

<section name = "Vivado HLS Report for 'Block_codeRepl8_proc'" level="0">
<item name = "Date">Sun Nov  7 14:28:05 2021
</item>
<item name = "Version">2020.1 (Build 2897737 on Wed May 27 20:21:37 MDT 2020)</item>
<item name = "Project">lab4_z4m_prj</item>
<item name = "Solution">sol1</item>
<item name = "Product family">artix7</item>
<item name = "Target device">xa7a12t-csg325-1Q</item>
</section>

<section name = "Performance Estimates" level="0">
<item name = "Timing">
<section name = "" level="1">
<item name = "Summary"><table name="" hasTotal="0">
<keys size="4">Clock, Target, Estimated, Uncertainty</keys>
<column name="clk">10.00 ns, 6.060 ns, 0.10 ns</column>
</table>
</item>
</section>
</item>
<item name = "Latency">
<section name = "" level="1">
<item name = "Summary"><table name="" hasTotal="0">
<keys size="8">, min, max, min, max, min, max, Type</keys>
<column name="">2, 2, 20.000 ns, 20.000 ns, 2, 2, none</column>
</table>
</item>
<item name = "Detail">
<section name = "" level="1">
<item name = "Instance"><table name="" hasTotal="0">
<keys size="9">Instance, Module, min, max, min, max, min, max, Type</keys>
</table>
</item>
<item name = "Loop"><table name="" hasTotal="0">
<keys size="8">Loop Name, min, max, Latency, achieved, target, Count, Pipelined</keys>
</table>
</item>
</section>
</item>
</section>
</item>
</section>

<section name = "Utilization Estimates" level="0">
<item name = "Summary"><table name="" hasTotal="1">
<keys size="6">Name, BRAM_18K, DSP48E, FF, LUT, URAM</keys>
<column name="DSP">-, -, -, -, -</column>
<column name="Expression">-, -, 0, 2, -</column>
<column name="FIFO">-, -, -, -, -</column>
<column name="Instance">-, -, -, -, -</column>
<column name="Memory">-, -, -, -, -</column>
<column name="Multiplexer">-, -, -, 54, -</column>
<column name="Register">-, -, 36, -, -</column>
<specialColumn name="Available">40, 40, 16000, 8000, 0</specialColumn>
<specialColumn name="Utilization (%)">0, 0, ~0, ~0, 0</specialColumn>
</table>
</item>
<item name = "Detail">
<section name = "" level="1">
<item name = "Instance"><table name="" hasTotal="1">
<keys size="7">Instance, Module, BRAM_18K, DSP48E, FF, LUT, URAM</keys>
</table>
</item>
<item name = "DSP48E"><table name="" hasTotal="0">
<keys size="3">Instance, Module, Expression</keys>
</table>
</item>
<item name = "Memory"><table name="" hasTotal="1">
<keys size="10">Memory, Module, BRAM_18K, FF, LUT, URAM, Words, Bits, Banks, W*Bits*Banks</keys>
</table>
</item>
<item name = "FIFO"><table name="" hasTotal="1">
<keys size="8">Name, BRAM_18K, FF, LUT, URAM, Depth, Bits, Size:D*B</keys>
</table>
</item>
<item name = "Expression"><table name="" hasTotal="1">
<keys size="7">Variable Name, Operation, DSP48E, FF, LUT, Bitwidth P0, Bitwidth P1</keys>
<column name="ap_block_state1">or, 0, 0, 2, 1, 1</column>
</table>
</item>
<item name = "Multiplexer"><table name="" hasTotal="1">
<keys size="5">Name, LUT, Input Size, Bits, Total Bits</keys>
<column name="ap_NS_fsm">21, 4, 1, 4</column>
<column name="ap_done">9, 2, 1, 2</column>
<column name="scale_address0">15, 3, 2, 6</column>
<column name="tmp3_out_out_blk_n">9, 2, 1, 2</column>
</table>
</item>
<item name = "Register"><table name="" hasTotal="1">
<keys size="5">Name, FF, LUT, Bits, Const Bits</keys>
<column name="ap_CS_fsm">3, 0, 3, 0</column>
<column name="ap_done_reg">1, 0, 1, 0</column>
<column name="tmp1_reg_96">32, 0, 32, 0</column>
</table>
</item>
</section>
</item>
</section>

<section name = "Interface" level="0">
<item name = "Summary"><table name="" hasTotal="0">
<keys size="6">RTL Ports, Dir, Bits, Protocol, Source Object, C Type</keys>
<column name="ap_clk">in, 1, ap_ctrl_hs, Block_codeRepl8_proc, return value</column>
<column name="ap_rst">in, 1, ap_ctrl_hs, Block_codeRepl8_proc, return value</column>
<column name="ap_start">in, 1, ap_ctrl_hs, Block_codeRepl8_proc, return value</column>
<column name="ap_done">out, 1, ap_ctrl_hs, Block_codeRepl8_proc, return value</column>
<column name="ap_continue">in, 1, ap_ctrl_hs, Block_codeRepl8_proc, return value</column>
<column name="ap_idle">out, 1, ap_ctrl_hs, Block_codeRepl8_proc, return value</column>
<column name="ap_ready">out, 1, ap_ctrl_hs, Block_codeRepl8_proc, return value</column>
<column name="ap_return_0">out, 32, ap_ctrl_hs, Block_codeRepl8_proc, return value</column>
<column name="ap_return_1">out, 32, ap_ctrl_hs, Block_codeRepl8_proc, return value</column>
<column name="scale_address0">out, 2, ap_memory, scale, array</column>
<column name="scale_ce0">out, 1, ap_memory, scale, array</column>
<column name="scale_q0">in, 32, ap_memory, scale, array</column>
<column name="scale_address1">out, 2, ap_memory, scale, array</column>
<column name="scale_ce1">out, 1, ap_memory, scale, array</column>
<column name="scale_q1">in, 32, ap_memory, scale, array</column>
<column name="tmp3_out_out_din">out, 32, ap_fifo, tmp3_out_out, pointer</column>
<column name="tmp3_out_out_full_n">in, 1, ap_fifo, tmp3_out_out, pointer</column>
<column name="tmp3_out_out_write">out, 1, ap_fifo, tmp3_out_out, pointer</column>
</table>
</item>
</section>
</profile>
