<profile>

<section name = "Vivado HLS Report for 'foo_m'" level="0">
<item name = "Date">Sun Nov  7 14:28:06 2021
</item>
<item name = "Version">2020.1 (Build 2897737 on Wed May 27 20:21:37 MDT 2020)</item>
<item name = "Project">lab4_z4m_prj</item>
<item name = "Solution">sol1</item>
<item name = "Product family">artix7</item>
<item name = "Target device">xa7a12t-csg325-1Q</item>
</section>

<section name = "Performance Estimates" level="0">
<item name = "Timing">
<section name = "" level="1">
<item name = "Summary"><table name="" hasTotal="0">
<keys size="4">Clock, Target, Estimated, Uncertainty</keys>
<column name="clk">10.00 ns, 9.216 ns, 0.10 ns</column>
</table>
</item>
</section>
</item>
<item name = "Latency">
<section name = "" level="1">
<item name = "Summary"><table name="" hasTotal="0">
<keys size="8">, min, max, min, max, min, max, Type</keys>
<column name="">49167, 49167, 0.492 ms, 0.492 ms, 16389, 16389, dataflow</column>
</table>
</item>
<item name = "Detail">
<section name = "" level="1">
<item name = "Instance"><table name="" hasTotal="0">
<keys size="9">Instance, Module, min, max, min, max, min, max, Type</keys>
<column name="Loop_Loop1_proc_U0">Loop_Loop1_proc, 16388, 16388, 0.164 ms, 0.164 ms, 16388, 16388, none</column>
<column name="Loop_Loop2_proc_U0">Loop_Loop2_proc, 16388, 16388, 0.164 ms, 0.164 ms, 16388, 16388, none</column>
<column name="Loop_Loop3_proc_U0">Loop_Loop3_proc, 16386, 16386, 0.164 ms, 0.164 ms, 16386, 16386, none</column>
<column name="Block_codeRepl8_proc_U0">Block_codeRepl8_proc, 2, 2, 20.000 ns, 20.000 ns, 2, 2, none</column>
</table>
</item>
<item name = "Loop"><table name="" hasTotal="0">
<keys size="8">Loop Name, min, max, Latency, achieved, target, Count, Pipelined</keys>
</table>
</item>
</section>
</item>
</section>
</item>
</section>

<section name = "Utilization Estimates" level="0">
<item name = "Summary"><table name="" hasTotal="1">
<keys size="6">Name, BRAM_18K, DSP48E, FF, LUT, URAM</keys>
<column name="DSP">-, -, -, -, -</column>
<column name="Expression">-, -, 0, 66, -</column>
<column name="FIFO">0, -, 15, 126, -</column>
<column name="Instance">0, 9, 599, 586, -</column>
<column name="Memory">128, -, 0, 0, 0</column>
<column name="Multiplexer">-, -, -, 90, -</column>
<column name="Register">-, -, 12, -, -</column>
<specialColumn name="Available">40, 40, 16000, 8000, 0</specialColumn>
<specialColumn name="Utilization (%)">320, 22, 3, 10, 0</specialColumn>
</table>
</item>
<item name = "Detail">
<section name = "" level="1">
<item name = "Instance"><table name="" hasTotal="1">
<keys size="7">Instance, Module, BRAM_18K, DSP48E, FF, LUT, URAM</keys>
<column name="Block_codeRepl8_proc_U0">Block_codeRepl8_proc, 0, 0, 36, 56, 0</column>
<column name="Loop_Loop1_proc_U0">Loop_Loop1_proc, 0, 6, 263, 204, 0</column>
<column name="Loop_Loop2_proc_U0">Loop_Loop2_proc, 0, 3, 263, 192, 0</column>
<column name="Loop_Loop3_proc_U0">Loop_Loop3_proc, 0, 0, 37, 134, 0</column>
</table>
</item>
<item name = "DSP48E"><table name="" hasTotal="0">
<keys size="3">Instance, Module, Expression</keys>
</table>
</item>
<item name = "Memory"><table name="" hasTotal="1">
<keys size="10">Memory, Module, BRAM_18K, FF, LUT, URAM, Words, Bits, Banks, W*Bits*Banks</keys>
<column name="temp1_U">foo_m_temp1, 32, 0, 0, 0, 16384, 32, 2, 1048576</column>
<column name="temp2_U">foo_m_temp1, 32, 0, 0, 0, 16384, 32, 2, 1048576</column>
<column name="temp3_U">foo_m_temp1, 32, 0, 0, 0, 16384, 32, 2, 1048576</column>
<column name="temp4_U">foo_m_temp1, 32, 0, 0, 0, 16384, 32, 2, 1048576</column>
</table>
</item>
<item name = "FIFO"><table name="" hasTotal="1">
<keys size="8">Name, BRAM_18K, FF, LUT, URAM, Depth, Bits, Size:D*B</keys>
<column name="tmp1_loc_channel_U">0, 5, 0, -, 2, 32, 64</column>
<column name="tmp2_loc_channel_U">0, 5, 0, -, 2, 32, 64</column>
<column name="tmp3_loc_c_U">0, 5, 0, -, 3, 32, 96</column>
</table>
</item>
<item name = "Expression"><table name="" hasTotal="1">
<keys size="7">Variable Name, Operation, DSP48E, FF, LUT, Bitwidth P0, Bitwidth P1</keys>
<column name="Block_codeRepl8_proc_U0_ap_ready_count">+, 0, 0, 10, 2, 1</column>
<column name="Loop_Loop1_proc_U0_ap_ready_count">+, 0, 0, 10, 2, 1</column>
<column name="Block_codeRepl8_proc_U0_ap_continue">and, 0, 0, 2, 1, 1</column>
<column name="Block_codeRepl8_proc_U0_ap_start">and, 0, 0, 2, 1, 1</column>
<column name="Loop_Loop1_proc_U0_ap_continue">and, 0, 0, 2, 1, 1</column>
<column name="Loop_Loop1_proc_U0_ap_start">and, 0, 0, 2, 1, 1</column>
<column name="Loop_Loop2_proc_U0_ap_continue">and, 0, 0, 2, 1, 1</column>
<column name="Loop_Loop2_proc_U0_ap_start">and, 0, 0, 2, 1, 1</column>
<column name="Loop_Loop3_proc_U0_ap_start">and, 0, 0, 2, 1, 1</column>
<column name="ap_channel_done_temp1">and, 0, 0, 2, 1, 1</column>
<column name="ap_channel_done_temp2">and, 0, 0, 2, 1, 1</column>
<column name="ap_channel_done_temp3">and, 0, 0, 2, 1, 1</column>
<column name="ap_channel_done_temp4">and, 0, 0, 2, 1, 1</column>
<column name="ap_channel_done_tmp1_loc_channel">and, 0, 0, 2, 1, 1</column>
<column name="ap_channel_done_tmp2_loc_channel">and, 0, 0, 2, 1, 1</column>
<column name="ap_idle">and, 0, 0, 2, 1, 1</column>
<column name="ap_sync_ready">and, 0, 0, 2, 1, 1</column>
<column name="ap_sync_Block_codeRepl8_proc_U0_ap_ready">or, 0, 0, 2, 1, 1</column>
<column name="ap_sync_Loop_Loop1_proc_U0_ap_ready">or, 0, 0, 2, 1, 1</column>
<column name="ap_sync_channel_write_temp1">or, 0, 0, 2, 1, 1</column>
<column name="ap_sync_channel_write_temp2">or, 0, 0, 2, 1, 1</column>
<column name="ap_sync_channel_write_temp3">or, 0, 0, 2, 1, 1</column>
<column name="ap_sync_channel_write_temp4">or, 0, 0, 2, 1, 1</column>
<column name="ap_sync_channel_write_tmp1_loc_channel">or, 0, 0, 2, 1, 1</column>
<column name="ap_sync_channel_write_tmp2_loc_channel">or, 0, 0, 2, 1, 1</column>
</table>
</item>
<item name = "Multiplexer"><table name="" hasTotal="1">
<keys size="5">Name, LUT, Input Size, Bits, Total Bits</keys>
<column name="Block_codeRepl8_proc_U0_ap_ready_count">9, 2, 2, 4</column>
<column name="Loop_Loop1_proc_U0_ap_ready_count">9, 2, 2, 4</column>
<column name="ap_sync_reg_Block_codeRepl8_proc_U0_ap_ready">9, 2, 1, 2</column>
<column name="ap_sync_reg_Loop_Loop1_proc_U0_ap_ready">9, 2, 1, 2</column>
<column name="ap_sync_reg_channel_write_temp1">9, 2, 1, 2</column>
<column name="ap_sync_reg_channel_write_temp2">9, 2, 1, 2</column>
<column name="ap_sync_reg_channel_write_temp3">9, 2, 1, 2</column>
<column name="ap_sync_reg_channel_write_temp4">9, 2, 1, 2</column>
<column name="ap_sync_reg_channel_write_tmp1_loc_channel">9, 2, 1, 2</column>
<column name="ap_sync_reg_channel_write_tmp2_loc_channel">9, 2, 1, 2</column>
</table>
</item>
<item name = "Register"><table name="" hasTotal="1">
<keys size="5">Name, FF, LUT, Bits, Const Bits</keys>
<column name="Block_codeRepl8_proc_U0_ap_ready_count">2, 0, 2, 0</column>
<column name="Loop_Loop1_proc_U0_ap_ready_count">2, 0, 2, 0</column>
<column name="ap_sync_reg_Block_codeRepl8_proc_U0_ap_ready">1, 0, 1, 0</column>
<column name="ap_sync_reg_Loop_Loop1_proc_U0_ap_ready">1, 0, 1, 0</column>
<column name="ap_sync_reg_channel_write_temp1">1, 0, 1, 0</column>
<column name="ap_sync_reg_channel_write_temp2">1, 0, 1, 0</column>
<column name="ap_sync_reg_channel_write_temp3">1, 0, 1, 0</column>
<column name="ap_sync_reg_channel_write_temp4">1, 0, 1, 0</column>
<column name="ap_sync_reg_channel_write_tmp1_loc_channel">1, 0, 1, 0</column>
<column name="ap_sync_reg_channel_write_tmp2_loc_channel">1, 0, 1, 0</column>
</table>
</item>
</section>
</item>
</section>

<section name = "Interface" level="0">
<item name = "Summary"><table name="" hasTotal="0">
<keys size="6">RTL Ports, Dir, Bits, Protocol, Source Object, C Type</keys>
<column name="ap_clk">in, 1, ap_ctrl_hs, foo_m, return value</column>
<column name="ap_rst">in, 1, ap_ctrl_hs, foo_m, return value</column>
<column name="ap_start">in, 1, ap_ctrl_hs, foo_m, return value</column>
<column name="ap_done">out, 1, ap_ctrl_hs, foo_m, return value</column>
<column name="ap_ready">out, 1, ap_ctrl_hs, foo_m, return value</column>
<column name="ap_idle">out, 1, ap_ctrl_hs, foo_m, return value</column>
<column name="data_in_address0">out, 14, ap_memory, data_in, array</column>
<column name="data_in_ce0">out, 1, ap_memory, data_in, array</column>
<column name="data_in_d0">out, 32, ap_memory, data_in, array</column>
<column name="data_in_q0">in, 32, ap_memory, data_in, array</column>
<column name="data_in_we0">out, 1, ap_memory, data_in, array</column>
<column name="data_in_address1">out, 14, ap_memory, data_in, array</column>
<column name="data_in_ce1">out, 1, ap_memory, data_in, array</column>
<column name="data_in_d1">out, 32, ap_memory, data_in, array</column>
<column name="data_in_q1">in, 32, ap_memory, data_in, array</column>
<column name="data_in_we1">out, 1, ap_memory, data_in, array</column>
<column name="scale_address0">out, 2, ap_memory, scale, array</column>
<column name="scale_ce0">out, 1, ap_memory, scale, array</column>
<column name="scale_d0">out, 32, ap_memory, scale, array</column>
<column name="scale_q0">in, 32, ap_memory, scale, array</column>
<column name="scale_we0">out, 1, ap_memory, scale, array</column>
<column name="scale_address1">out, 2, ap_memory, scale, array</column>
<column name="scale_ce1">out, 1, ap_memory, scale, array</column>
<column name="scale_d1">out, 32, ap_memory, scale, array</column>
<column name="scale_q1">in, 32, ap_memory, scale, array</column>
<column name="scale_we1">out, 1, ap_memory, scale, array</column>
<column name="data_out_address0">out, 14, ap_memory, data_out, array</column>
<column name="data_out_ce0">out, 1, ap_memory, data_out, array</column>
<column name="data_out_d0">out, 32, ap_memory, data_out, array</column>
<column name="data_out_q0">in, 32, ap_memory, data_out, array</column>
<column name="data_out_we0">out, 1, ap_memory, data_out, array</column>
<column name="data_out_address1">out, 14, ap_memory, data_out, array</column>
<column name="data_out_ce1">out, 1, ap_memory, data_out, array</column>
<column name="data_out_d1">out, 32, ap_memory, data_out, array</column>
<column name="data_out_q1">in, 32, ap_memory, data_out, array</column>
<column name="data_out_we1">out, 1, ap_memory, data_out, array</column>
</table>
</item>
</section>
</profile>
