<annotationInfo>
<item  id="11" filename="./source/lab4_z4.c" linenumber="24" name="icmp_ln24" contextFuncName="foo_m" moduleName="Loop_Loop1_proc" rtlName="icmp_ln24_fu_104_p2" latency="0" BRAM="-1" DSP="-1" FF="0" LUT="13" fileDirectory="/home/sokrat/project/learn/Hybridsystem/homework/hw4+/lab4_z4"&gt;&lt;\/item&gt;
<item  id="13" filename="./source/lab4_z4.c" linenumber="24" name="i" contextFuncName="foo_m" moduleName="Loop_Loop1_proc" rtlName="i_fu_110_p2" latency="0" BRAM="-1" DSP="-1" FF="0" LUT="22" fileDirectory="/home/sokrat/project/learn/Hybridsystem/homework/hw4+/lab4_z4"&gt;&lt;\/item&gt;
<item  id="19" filename="./source/lab4_z4.c" linenumber="25" name="zext_ln25" contextFuncName="foo_m" moduleName="Loop_Loop1_proc" rtlName="zext_ln25_fu_116_p1" latency="0" BRAM="-1" DSP="-1" FF="-1" LUT="-1" fileDirectory="/home/sokrat/project/learn/Hybridsystem/homework/hw4+/lab4_z4"&gt;&lt;\/item&gt;
<item  id="22" filename="./source/lab4_z4.c" linenumber="25" name="mul_ln25" contextFuncName="foo_m" moduleName="Loop_Loop1_proc" rtlName="mul_ln25_fu_121_p2" latency="0" BRAM="-1" DSP="3" FF="0" LUT="21" fileDirectory="/home/sokrat/project/learn/Hybridsystem/homework/hw4+/lab4_z4"&gt;&lt;\/item&gt;
<item  id="25" filename="./source/lab4_z4.c" linenumber="26" name="mul_ln26" contextFuncName="foo_m" moduleName="Loop_Loop1_proc" rtlName="mul_ln26_fu_125_p2" latency="0" BRAM="-1" DSP="3" FF="0" LUT="21" fileDirectory="/home/sokrat/project/learn/Hybridsystem/homework/hw4+/lab4_z4"&gt;&lt;\/item&gt;
<item  id="11" filename="./source/lab4_z4.c" linenumber="28" name="icmp_ln28" contextFuncName="foo_m" moduleName="Loop_Loop2_proc" rtlName="icmp_ln28_fu_132_p2" latency="0" BRAM="-1" DSP="-1" FF="0" LUT="13" fileDirectory="/home/sokrat/project/learn/Hybridsystem/homework/hw4+/lab4_z4"&gt;&lt;\/item&gt;
<item  id="13" filename="./source/lab4_z4.c" linenumber="28" name="j" contextFuncName="foo_m" moduleName="Loop_Loop2_proc" rtlName="j_fu_138_p2" latency="0" BRAM="-1" DSP="-1" FF="0" LUT="22" fileDirectory="/home/sokrat/project/learn/Hybridsystem/homework/hw4+/lab4_z4"&gt;&lt;\/item&gt;
<item  id="19" filename="./source/lab4_z4.c" linenumber="29" name="zext_ln29" contextFuncName="foo_m" moduleName="Loop_Loop2_proc" rtlName="zext_ln29_fu_144_p1" latency="0" BRAM="-1" DSP="-1" FF="-1" LUT="-1" fileDirectory="/home/sokrat/project/learn/Hybridsystem/homework/hw4+/lab4_z4"&gt;&lt;\/item&gt;
<item  id="22" filename="./source/lab4_z4.c" linenumber="29" name="mul_ln29" contextFuncName="foo_m" moduleName="Loop_Loop2_proc" rtlName="mul_ln29_fu_150_p2" latency="0" BRAM="-1" DSP="3" FF="0" LUT="21" fileDirectory="/home/sokrat/project/learn/Hybridsystem/homework/hw4+/lab4_z4"&gt;&lt;\/item&gt;
<item  id="7" filename="./source/lab4_z4.c" linenumber="32" name="icmp_ln32" contextFuncName="foo_m" moduleName="Loop_Loop3_proc" rtlName="icmp_ln32_fu_86_p2" latency="0" BRAM="-1" DSP="-1" FF="0" LUT="13" fileDirectory="/home/sokrat/project/learn/Hybridsystem/homework/hw4+/lab4_z4"&gt;&lt;\/item&gt;
<item  id="9" filename="./source/lab4_z4.c" linenumber="32" name="k" contextFuncName="foo_m" moduleName="Loop_Loop3_proc" rtlName="k_fu_92_p2" latency="0" BRAM="-1" DSP="-1" FF="0" LUT="22" fileDirectory="/home/sokrat/project/learn/Hybridsystem/homework/hw4+/lab4_z4"&gt;&lt;\/item&gt;
<item  id="15" filename="./source/lab4_z4.c" linenumber="33" name="zext_ln33" contextFuncName="foo_m" moduleName="Loop_Loop3_proc" rtlName="zext_ln33_fu_98_p1" latency="0" BRAM="-1" DSP="-1" FF="-1" LUT="-1" fileDirectory="/home/sokrat/project/learn/Hybridsystem/homework/hw4+/lab4_z4"&gt;&lt;\/item&gt;
<item  id="20" filename="./source/lab4_z4.c" linenumber="33" name="add_ln33" contextFuncName="foo_m" moduleName="Loop_Loop3_proc" rtlName="data_out_d0" latency="0" BRAM="-1" DSP="-1" FF="0" LUT="39" fileDirectory="/home/sokrat/project/learn/Hybridsystem/homework/hw4+/lab4_z4"&gt;&lt;\/item&gt;
<item  id="10" filename="./source/lab4_z4.c" linenumber="22" name="temp1" contextFuncName="foo_m" moduleName="foo_m" rtlName="temp1_U" latency="0" BRAM="-1" DSP="-1" FF="-1" LUT="-1" fileDirectory="/home/sokrat/project/learn/Hybridsystem/homework/hw4+/lab4_z4"><\/item>
<item  id="11" filename="./source/lab4_z4.c" linenumber="22" name="temp2" contextFuncName="foo_m" moduleName="foo_m" rtlName="temp2_U" latency="0" BRAM="-1" DSP="-1" FF="-1" LUT="-1" fileDirectory="/home/sokrat/project/learn/Hybridsystem/homework/hw4+/lab4_z4"><\/item>
<item  id="12" filename="./source/lab4_z4.c" linenumber="22" name="temp3" contextFuncName="foo_m" moduleName="foo_m" rtlName="temp3_U" latency="0" BRAM="-1" DSP="-1" FF="-1" LUT="-1" fileDirectory="/home/sokrat/project/learn/Hybridsystem/homework/hw4+/lab4_z4"><\/item>
<item  id="13" filename="./source/lab4_z4.c" linenumber="22" name="temp4" contextFuncName="foo_m" moduleName="foo_m" rtlName="temp4_U" latency="0" BRAM="-1" DSP="-1" FF="-1" LUT="-1" fileDirectory="/home/sokrat/project/learn/Hybridsystem/homework/hw4+/lab4_z4"><\/item>
</annotationInfo>
