<stg><name>Loop_Loop1_proc</name>


<trans_list>

<trans id="31" from="1" to="2">
<condition id="-1">
<or_exp><and_exp></and_exp></or_exp>
</condition>
</trans>

<trans id="42" from="2" to="6">
<condition id="-1">
<or_exp><and_exp><literal name="icmp_ln24" val="1"/>
</and_exp></or_exp>
</condition>
</trans>

<trans id="43" from="2" to="3">
<condition id="-1">
<or_exp><and_exp><literal name="icmp_ln24" val="0"/>
</and_exp></or_exp>
</condition>
</trans>

<trans id="39" from="3" to="4">
<condition id="-1">
<or_exp><and_exp></and_exp></or_exp>
</condition>
</trans>

<trans id="40" from="4" to="5">
<condition id="-1">
<or_exp><and_exp></and_exp></or_exp>
</condition>
</trans>

<trans id="41" from="5" to="2">
<condition id="-1">
<or_exp><and_exp></and_exp></or_exp>
</condition>
</trans>
</trans_list>



<state_list>

<state id="1" st_id="1">

<operation id="7" st_id="1" stage="1" lat="1">
<core>NULL</core>
<MemPortIdVec></MemPortIdVec>
<condition id="-1">
<or_exp><and_exp></and_exp></or_exp>
</condition>

<Node id="6" bw="32" op_0_bw="32" op_1_bw="32">
<![CDATA[
entry:0  %p_read_1 = call i32 @_ssdm_op_Read.ap_auto.i32(i32 %p_read1)

]]></Node>
<StgValue><ssdm name="p_read_1"/></StgValue>
</operation>

<operation id="8" st_id="1" stage="1" lat="1">
<core>NULL</core>
<MemPortIdVec></MemPortIdVec>
<condition id="-1">
<or_exp><and_exp></and_exp></or_exp>
</condition>

<Node id="7" bw="32" op_0_bw="32" op_1_bw="32">
<![CDATA[
entry:1  %p_read_2 = call i32 @_ssdm_op_Read.ap_auto.i32(i32 %p_read)

]]></Node>
<StgValue><ssdm name="p_read_2"/></StgValue>
</operation>

<operation id="9" st_id="1" stage="1" lat="1">
<core>NULL</core>
<MemPortIdVec></MemPortIdVec>
<condition id="-1">
<or_exp><and_exp></and_exp></or_exp>
</condition>

<Node id="8" bw="0" op_0_bw="0">
<![CDATA[
entry:2  br label %0

]]></Node>
<StgValue><ssdm name="br_ln0"/></StgValue>
</operation>
</state>

<state id="2" st_id="2">

<operation id="10" st_id="2" stage="1" lat="1">
<core>NULL</core>
<MemPortIdVec></MemPortIdVec>
<condition id="-1">
<or_exp><and_exp></and_exp></or_exp>
</condition>

<Node id="10" bw="15" op_0_bw="15" op_1_bw="0" op_2_bw="15" op_3_bw="0">
<![CDATA[
:0  %i_0_i_i_i = phi i15 [ 0, %entry ], [ %i, %Loop1 ]

]]></Node>
<StgValue><ssdm name="i_0_i_i_i"/></StgValue>
</operation>

<operation id="11" st_id="2" stage="1" lat="1">
<core>Cmp</core>
<MemPortIdVec></MemPortIdVec>
<condition id="-1">
<or_exp><and_exp></and_exp></or_exp>
</condition>

<Node id="11" bw="1" op_0_bw="15" op_1_bw="15">
<![CDATA[
:1  %icmp_ln24 = icmp eq i15 %i_0_i_i_i, -16384

]]></Node>
<StgValue><ssdm name="icmp_ln24"/></StgValue>
</operation>

<operation id="12" st_id="2" stage="1" lat="1">
<core>NULL</core>
<MemPortIdVec></MemPortIdVec>
<condition id="-1">
<or_exp><and_exp></and_exp></or_exp>
</condition>

<Node id="12" bw="32" op_0_bw="32" op_1_bw="64" op_2_bw="64" op_3_bw="64">
<![CDATA[
:2  %empty = call i32 (...)* @_ssdm_op_SpecLoopTripCount(i64 16384, i64 16384, i64 16384) nounwind

]]></Node>
<StgValue><ssdm name="empty"/></StgValue>
</operation>

<operation id="13" st_id="2" stage="1" lat="1">
<core>AddSub</core>
<MemPortIdVec></MemPortIdVec>
<condition id="-1">
<or_exp><and_exp></and_exp></or_exp>
</condition>

<Node id="13" bw="15" op_0_bw="15" op_1_bw="15">
<![CDATA[
:3  %i = add i15 %i_0_i_i_i, 1

]]></Node>
<StgValue><ssdm name="i"/></StgValue>
</operation>

<operation id="14" st_id="2" stage="1" lat="1">
<core>NULL</core>
<MemPortIdVec></MemPortIdVec>
<condition id="-1">
<or_exp><and_exp></and_exp></or_exp>
</condition>

<Node id="14" bw="0" op_0_bw="1" op_1_bw="0" op_2_bw="0">
<![CDATA[
:4  br i1 %icmp_ln24, label %Loop_Loop1_proc.exit, label %Loop1

]]></Node>
<StgValue><ssdm name="br_ln24"/></StgValue>
</operation>

<operation id="15" st_id="2" stage="1" lat="1">
<core>NULL</core>
<MemPortIdVec></MemPortIdVec>
<condition id="-1">
<or_exp><and_exp><literal name="icmp_ln24" val="0"/>
</and_exp></or_exp>
</condition>

<Node id="19" bw="64" op_0_bw="15">
<![CDATA[
Loop1:3  %zext_ln25 = zext i15 %i_0_i_i_i to i64

]]></Node>
<StgValue><ssdm name="zext_ln25"/></StgValue>
</operation>

<operation id="16" st_id="2" stage="1" lat="1">
<core>NULL</core>
<MemPortIdVec></MemPortIdVec>
<condition id="-1">
<or_exp><and_exp><literal name="icmp_ln24" val="0"/>
</and_exp></or_exp>
</condition>

<Node id="20" bw="14" op_0_bw="32" op_1_bw="64" op_2_bw="64">
<![CDATA[
Loop1:4  %data_in_addr = getelementptr [16384 x i32]* %data_in, i64 0, i64 %zext_ln25

]]></Node>
<StgValue><ssdm name="data_in_addr"/></StgValue>
</operation>

<operation id="17" st_id="2" stage="2" lat="2">
<core>RAM</core>
<MemPortIdVec>0 </MemPortIdVec>
<condition id="-1">
<or_exp><and_exp><literal name="icmp_ln24" val="0"/>
</and_exp></or_exp>
</condition>

<Node id="21" bw="32" op_0_bw="14">
<![CDATA[
Loop1:5  %data_in_load = load i32* %data_in_addr, align 4

]]></Node>
<StgValue><ssdm name="data_in_load"/></StgValue>
</operation>
</state>

<state id="3" st_id="3">

<operation id="18" st_id="3" stage="1" lat="2">
<core>RAM</core>
<MemPortIdVec>0 </MemPortIdVec>
<condition id="-1">
<or_exp><and_exp><literal name="icmp_ln24" val="0"/>
</and_exp></or_exp>
</condition>

<Node id="21" bw="32" op_0_bw="14">
<![CDATA[
Loop1:5  %data_in_load = load i32* %data_in_addr, align 4

]]></Node>
<StgValue><ssdm name="data_in_load"/></StgValue>
</operation>
</state>

<state id="4" st_id="4">

<operation id="19" st_id="4" stage="1" lat="1">
<core>Mul</core>
<MemPortIdVec></MemPortIdVec>
<condition id="-1">
<or_exp><and_exp><literal name="icmp_ln24" val="0"/>
</and_exp></or_exp>
</condition>

<Node id="22" bw="32" op_0_bw="32" op_1_bw="32">
<![CDATA[
Loop1:6  %mul_ln25 = mul nsw i32 %data_in_load, %p_read_2

]]></Node>
<StgValue><ssdm name="mul_ln25"/></StgValue>
</operation>

<operation id="20" st_id="4" stage="1" lat="1">
<core>Mul</core>
<MemPortIdVec></MemPortIdVec>
<condition id="-1">
<or_exp><and_exp><literal name="icmp_ln24" val="0"/>
</and_exp></or_exp>
</condition>

<Node id="25" bw="32" op_0_bw="32" op_1_bw="32">
<![CDATA[
Loop1:9  %mul_ln26 = mul nsw i32 %data_in_load, %p_read_1

]]></Node>
<StgValue><ssdm name="mul_ln26"/></StgValue>
</operation>
</state>

<state id="5" st_id="5">

<operation id="21" st_id="5" stage="1" lat="1">
<core>NULL</core>
<MemPortIdVec></MemPortIdVec>
<condition id="-1">
<or_exp><and_exp><literal name="icmp_ln24" val="0"/>
</and_exp></or_exp>
</condition>

<Node id="16" bw="0" op_0_bw="0" op_1_bw="0">
<![CDATA[
Loop1:0  call void (...)* @_ssdm_op_SpecLoopName([6 x i8]* @p_str) nounwind

]]></Node>
<StgValue><ssdm name="specloopname_ln24"/></StgValue>
</operation>

<operation id="22" st_id="5" stage="1" lat="1">
<core>NULL</core>
<MemPortIdVec></MemPortIdVec>
<condition id="-1">
<or_exp><and_exp><literal name="icmp_ln24" val="0"/>
</and_exp></or_exp>
</condition>

<Node id="17" bw="32" op_0_bw="32" op_1_bw="0">
<![CDATA[
Loop1:1  %tmp_i = call i32 (...)* @_ssdm_op_SpecRegionBegin([6 x i8]* @p_str) nounwind

]]></Node>
<StgValue><ssdm name="tmp_i"/></StgValue>
</operation>

<operation id="23" st_id="5" stage="1" lat="1">
<core>NULL</core>
<MemPortIdVec></MemPortIdVec>
<condition id="-1">
<or_exp><and_exp><literal name="icmp_ln24" val="0"/>
</and_exp></or_exp>
</condition>

<Node id="18" bw="0" op_0_bw="0" op_1_bw="32" op_2_bw="32" op_3_bw="32" op_4_bw="32" op_5_bw="0">
<![CDATA[
Loop1:2  call void (...)* @_ssdm_op_SpecPipeline(i32 -1, i32 1, i32 1, i32 0, [1 x i8]* @p_str3) nounwind

]]></Node>
<StgValue><ssdm name="specpipeline_ln25"/></StgValue>
</operation>

<operation id="24" st_id="5" stage="1" lat="1">
<core>NULL</core>
<MemPortIdVec></MemPortIdVec>
<condition id="-1">
<or_exp><and_exp><literal name="icmp_ln24" val="0"/>
</and_exp></or_exp>
</condition>

<Node id="23" bw="14" op_0_bw="32" op_1_bw="64" op_2_bw="64">
<![CDATA[
Loop1:7  %temp1_addr = getelementptr inbounds [16384 x i32]* %temp1, i64 0, i64 %zext_ln25

]]></Node>
<StgValue><ssdm name="temp1_addr"/></StgValue>
</operation>

<operation id="25" st_id="5" stage="1" lat="1">
<core>RAM</core>
<MemPortIdVec>0 </MemPortIdVec>
<condition id="-1">
<or_exp><and_exp><literal name="icmp_ln24" val="0"/>
</and_exp></or_exp>
</condition>

<Node id="24" bw="0" op_0_bw="32" op_1_bw="14">
<![CDATA[
Loop1:8  store i32 %mul_ln25, i32* %temp1_addr, align 4

]]></Node>
<StgValue><ssdm name="store_ln25"/></StgValue>
</operation>

<operation id="26" st_id="5" stage="1" lat="1">
<core>NULL</core>
<MemPortIdVec></MemPortIdVec>
<condition id="-1">
<or_exp><and_exp><literal name="icmp_ln24" val="0"/>
</and_exp></or_exp>
</condition>

<Node id="26" bw="14" op_0_bw="32" op_1_bw="64" op_2_bw="64">
<![CDATA[
Loop1:10  %temp2_addr = getelementptr inbounds [16384 x i32]* %temp2, i64 0, i64 %zext_ln25

]]></Node>
<StgValue><ssdm name="temp2_addr"/></StgValue>
</operation>

<operation id="27" st_id="5" stage="1" lat="1">
<core>RAM</core>
<MemPortIdVec>0 </MemPortIdVec>
<condition id="-1">
<or_exp><and_exp><literal name="icmp_ln24" val="0"/>
</and_exp></or_exp>
</condition>

<Node id="27" bw="0" op_0_bw="32" op_1_bw="14">
<![CDATA[
Loop1:11  store i32 %mul_ln26, i32* %temp2_addr, align 4

]]></Node>
<StgValue><ssdm name="store_ln26"/></StgValue>
</operation>

<operation id="28" st_id="5" stage="1" lat="1">
<core>NULL</core>
<MemPortIdVec></MemPortIdVec>
<condition id="-1">
<or_exp><and_exp><literal name="icmp_ln24" val="0"/>
</and_exp></or_exp>
</condition>

<Node id="28" bw="32" op_0_bw="32" op_1_bw="0" op_2_bw="32">
<![CDATA[
Loop1:12  %empty_8 = call i32 (...)* @_ssdm_op_SpecRegionEnd([6 x i8]* @p_str, i32 %tmp_i) nounwind

]]></Node>
<StgValue><ssdm name="empty_8"/></StgValue>
</operation>

<operation id="29" st_id="5" stage="1" lat="1">
<core>NULL</core>
<MemPortIdVec></MemPortIdVec>
<condition id="-1">
<or_exp><and_exp><literal name="icmp_ln24" val="0"/>
</and_exp></or_exp>
</condition>

<Node id="29" bw="0" op_0_bw="0">
<![CDATA[
Loop1:13  br label %0

]]></Node>
<StgValue><ssdm name="br_ln24"/></StgValue>
</operation>
</state>

<state id="6" st_id="6">

<operation id="30" st_id="6" stage="1" lat="1">
<core>NULL</core>
<MemPortIdVec></MemPortIdVec>
<condition id="-1">
<or_exp><and_exp></and_exp></or_exp>
</condition>

<Node id="31" bw="0">
<![CDATA[
Loop_Loop1_proc.exit:0  ret void

]]></Node>
<StgValue><ssdm name="ret_ln0"/></StgValue>
</operation>
</state>
</state_list>


<ports>
<port id="44" name="data_in" dir="0" iftype="1">
<core>RAM</core><StgValue><ssdm name="data_in"/><MemPortTyVec>1 3 </MemPortTyVec>
</StgValue>
</port>
<port id="45" name="p_read" dir="0" iftype="0">
<core>NULL</core><StgValue><ssdm name="p_read"/></StgValue>
</port>
<port id="46" name="temp1" dir="1" iftype="1">
<core>RAM</core><StgValue><ssdm name="temp1"/><MemPortTyVec>0 3 </MemPortTyVec>
</StgValue>
</port>
<port id="47" name="p_read1" dir="0" iftype="0">
<core>NULL</core><StgValue><ssdm name="p_read1"/></StgValue>
</port>
<port id="48" name="temp2" dir="1" iftype="1">
<core>RAM</core><StgValue><ssdm name="temp2"/><MemPortTyVec>0 3 </MemPortTyVec>
</StgValue>
</port>
</ports>


<dataflows>
<dataflow id="50" from="_ssdm_op_Read.ap_auto.i32" to="p_read_1" fromId="49" toId="7">
</dataflow>
<dataflow id="51" from="p_read1" to="p_read_1" fromId="47" toId="7">
</dataflow>
<dataflow id="52" from="_ssdm_op_Read.ap_auto.i32" to="p_read_2" fromId="49" toId="8">
</dataflow>
<dataflow id="53" from="p_read" to="p_read_2" fromId="45" toId="8">
</dataflow>
<dataflow id="55" from="StgValue_54" to="i_0_i_i_i" fromId="54" toId="10">
<condition id="-1">
<or_exp><and_exp></and_exp></or_exp>
</condition>
</dataflow>
<dataflow id="56" from="br_ln0" to="i_0_i_i_i" fromId="9" toId="10">
</dataflow>
<dataflow id="57" from="i" to="i_0_i_i_i" fromId="13" toId="10">
<BackEdge/>
<condition id="-1">
<or_exp><and_exp><literal name="icmp_ln24" val="0"/>
</and_exp></or_exp>
</condition>
</dataflow>
<dataflow id="58" from="br_ln24" to="i_0_i_i_i" fromId="29" toId="10">
<BackEdge/>
</dataflow>
<dataflow id="59" from="i_0_i_i_i" to="icmp_ln24" fromId="10" toId="11">
</dataflow>
<dataflow id="61" from="StgValue_60" to="icmp_ln24" fromId="60" toId="11">
</dataflow>
<dataflow id="63" from="_ssdm_op_SpecLoopTripCount" to="empty" fromId="62" toId="12">
</dataflow>
<dataflow id="65" from="StgValue_64" to="empty" fromId="64" toId="12">
</dataflow>
<dataflow id="66" from="StgValue_64" to="empty" fromId="64" toId="12">
</dataflow>
<dataflow id="67" from="StgValue_64" to="empty" fromId="64" toId="12">
</dataflow>
<dataflow id="68" from="i_0_i_i_i" to="i" fromId="10" toId="13">
</dataflow>
<dataflow id="70" from="StgValue_69" to="i" fromId="69" toId="13">
</dataflow>
<dataflow id="71" from="icmp_ln24" to="br_ln24" fromId="11" toId="14">
</dataflow>
<dataflow id="72" from="i_0_i_i_i" to="zext_ln25" fromId="10" toId="15">
</dataflow>
<dataflow id="73" from="data_in" to="data_in_addr" fromId="44" toId="16">
</dataflow>
<dataflow id="75" from="StgValue_74" to="data_in_addr" fromId="74" toId="16">
</dataflow>
<dataflow id="76" from="zext_ln25" to="data_in_addr" fromId="15" toId="16">
</dataflow>
<dataflow id="77" from="data_in_addr" to="data_in_load" fromId="16" toId="17">
</dataflow>
<dataflow id="78" from="data_in_addr" to="data_in_load" fromId="16" toId="18">
</dataflow>
<dataflow id="79" from="data_in_load" to="mul_ln25" fromId="18" toId="19">
</dataflow>
<dataflow id="80" from="p_read_2" to="mul_ln25" fromId="8" toId="19">
</dataflow>
<dataflow id="81" from="data_in_load" to="mul_ln26" fromId="18" toId="20">
</dataflow>
<dataflow id="82" from="p_read_1" to="mul_ln26" fromId="7" toId="20">
</dataflow>
<dataflow id="84" from="_ssdm_op_SpecLoopName" to="specloopname_ln24" fromId="83" toId="21">
</dataflow>
<dataflow id="86" from="p_str" to="specloopname_ln24" fromId="85" toId="21">
</dataflow>
<dataflow id="88" from="_ssdm_op_SpecRegionBegin" to="tmp_i" fromId="87" toId="22">
</dataflow>
<dataflow id="89" from="p_str" to="tmp_i" fromId="85" toId="22">
</dataflow>
<dataflow id="91" from="_ssdm_op_SpecPipeline" to="specpipeline_ln25" fromId="90" toId="23">
</dataflow>
<dataflow id="93" from="StgValue_92" to="specpipeline_ln25" fromId="92" toId="23">
</dataflow>
<dataflow id="95" from="StgValue_94" to="specpipeline_ln25" fromId="94" toId="23">
</dataflow>
<dataflow id="96" from="StgValue_94" to="specpipeline_ln25" fromId="94" toId="23">
</dataflow>
<dataflow id="98" from="StgValue_97" to="specpipeline_ln25" fromId="97" toId="23">
</dataflow>
<dataflow id="100" from="p_str3" to="specpipeline_ln25" fromId="99" toId="23">
</dataflow>
<dataflow id="101" from="temp1" to="temp1_addr" fromId="46" toId="24">
</dataflow>
<dataflow id="102" from="StgValue_74" to="temp1_addr" fromId="74" toId="24">
</dataflow>
<dataflow id="103" from="zext_ln25" to="temp1_addr" fromId="15" toId="24">
</dataflow>
<dataflow id="104" from="mul_ln25" to="store_ln25" fromId="19" toId="25">
</dataflow>
<dataflow id="105" from="temp1_addr" to="store_ln25" fromId="24" toId="25">
</dataflow>
<dataflow id="106" from="temp2" to="temp2_addr" fromId="48" toId="26">
</dataflow>
<dataflow id="107" from="StgValue_74" to="temp2_addr" fromId="74" toId="26">
</dataflow>
<dataflow id="108" from="zext_ln25" to="temp2_addr" fromId="15" toId="26">
</dataflow>
<dataflow id="109" from="mul_ln26" to="store_ln26" fromId="20" toId="27">
</dataflow>
<dataflow id="110" from="temp2_addr" to="store_ln26" fromId="26" toId="27">
</dataflow>
<dataflow id="112" from="_ssdm_op_SpecRegionEnd" to="empty_8" fromId="111" toId="28">
</dataflow>
<dataflow id="113" from="p_str" to="empty_8" fromId="85" toId="28">
</dataflow>
<dataflow id="114" from="tmp_i" to="empty_8" fromId="22" toId="28">
</dataflow>
<dataflow id="115" from="icmp_ln24" to="StgValue_2" fromId="11" toId="2">
</dataflow>
<dataflow id="116" from="icmp_ln24" to="StgValue_3" fromId="11" toId="3">
</dataflow>
<dataflow id="117" from="icmp_ln24" to="StgValue_4" fromId="11" toId="4">
</dataflow>
<dataflow id="118" from="icmp_ln24" to="StgValue_5" fromId="11" toId="5">
</dataflow>
</dataflows>


</stg>
