<profile>

<section name = "Vivado HLS Report for 'Loop_Loop2_proc'" level="0">
<item name = "Date">Sun Nov  7 14:28:05 2021
</item>
<item name = "Version">2020.1 (Build 2897737 on Wed May 27 20:21:37 MDT 2020)</item>
<item name = "Project">lab4_z4m_prj</item>
<item name = "Solution">sol1</item>
<item name = "Product family">artix7</item>
<item name = "Target device">xa7a12t-csg325-1Q</item>
</section>

<section name = "Performance Estimates" level="0">
<item name = "Timing">
<section name = "" level="1">
<item name = "Summary"><table name="" hasTotal="0">
<keys size="4">Clock, Target, Estimated, Uncertainty</keys>
<column name="clk">10.00 ns, 8.470 ns, 0.10 ns</column>
</table>
</item>
</section>
</item>
<item name = "Latency">
<section name = "" level="1">
<item name = "Summary"><table name="" hasTotal="0">
<keys size="8">, min, max, min, max, min, max, Type</keys>
<column name="">16388, 16388, 0.164 ms, 0.164 ms, 16388, 16388, none</column>
</table>
</item>
<item name = "Detail">
<section name = "" level="1">
<item name = "Instance"><table name="" hasTotal="0">
<keys size="9">Instance, Module, min, max, min, max, min, max, Type</keys>
</table>
</item>
<item name = "Loop"><table name="" hasTotal="0">
<keys size="8">Loop Name, min, max, Latency, achieved, target, Count, Pipelined</keys>
<column name="- Loop2">16386, 16386, 4, 1, 1, 16384, yes</column>
</table>
</item>
</section>
</item>
</section>
</item>
</section>

<section name = "Utilization Estimates" level="0">
<item name = "Summary"><table name="" hasTotal="1">
<keys size="6">Name, BRAM_18K, DSP48E, FF, LUT, URAM</keys>
<column name="DSP">-, -, -, -, -</column>
<column name="Expression">-, 3, 0, 62, -</column>
<column name="FIFO">-, -, -, -, -</column>
<column name="Instance">-, -, -, -, -</column>
<column name="Memory">-, -, -, -, -</column>
<column name="Multiplexer">-, -, -, 66, -</column>
<column name="Register">0, -, 263, 64, -</column>
<specialColumn name="Available">40, 40, 16000, 8000, 0</specialColumn>
<specialColumn name="Utilization (%)">0, 7, 1, 2, 0</specialColumn>
</table>
</item>
<item name = "Detail">
<section name = "" level="1">
<item name = "Instance"><table name="" hasTotal="1">
<keys size="7">Instance, Module, BRAM_18K, DSP48E, FF, LUT, URAM</keys>
</table>
</item>
<item name = "DSP48E"><table name="" hasTotal="0">
<keys size="3">Instance, Module, Expression</keys>
</table>
</item>
<item name = "Memory"><table name="" hasTotal="1">
<keys size="10">Memory, Module, BRAM_18K, FF, LUT, URAM, Words, Bits, Banks, W*Bits*Banks</keys>
</table>
</item>
<item name = "FIFO"><table name="" hasTotal="1">
<keys size="8">Name, BRAM_18K, FF, LUT, URAM, Depth, Bits, Size:D*B</keys>
</table>
</item>
<item name = "Expression"><table name="" hasTotal="1">
<keys size="7">Variable Name, Operation, DSP48E, FF, LUT, Bitwidth P0, Bitwidth P1</keys>
<column name="mul_ln29_fu_150_p2">*, 3, 0, 21, 32, 32</column>
<column name="j_fu_138_p2">+, 0, 0, 22, 15, 1</column>
<column name="icmp_ln28_fu_132_p2">icmp, 0, 0, 13, 15, 16</column>
<column name="ap_block_state1">or, 0, 0, 2, 1, 1</column>
<column name="ap_enable_pp0">xor, 0, 0, 2, 1, 2</column>
<column name="ap_enable_reg_pp0_iter1">xor, 0, 0, 2, 2, 1</column>
</table>
</item>
<item name = "Multiplexer"><table name="" hasTotal="1">
<keys size="5">Name, LUT, Input Size, Bits, Total Bits</keys>
<column name="ap_NS_fsm">21, 4, 1, 4</column>
<column name="ap_done">9, 2, 1, 2</column>
<column name="ap_enable_reg_pp0_iter1">9, 2, 1, 2</column>
<column name="ap_enable_reg_pp0_iter3">9, 2, 1, 2</column>
<column name="j_0_i_i_reg_121">9, 2, 15, 30</column>
<column name="tmp3_loc_blk_n">9, 2, 1, 2</column>
</table>
</item>
<item name = "Register"><table name="" hasTotal="1">
<keys size="5">Name, FF, LUT, Bits, Const Bits</keys>
<column name="ap_CS_fsm">3, 0, 3, 0</column>
<column name="ap_done_reg">1, 0, 1, 0</column>
<column name="ap_enable_reg_pp0_iter0">1, 0, 1, 0</column>
<column name="ap_enable_reg_pp0_iter1">1, 0, 1, 0</column>
<column name="ap_enable_reg_pp0_iter2">1, 0, 1, 0</column>
<column name="ap_enable_reg_pp0_iter3">1, 0, 1, 0</column>
<column name="icmp_ln28_reg_159">1, 0, 1, 0</column>
<column name="j_0_i_i_reg_121">15, 0, 15, 0</column>
<column name="mul_ln29_reg_189">32, 0, 32, 0</column>
<column name="temp1_load_reg_184">32, 0, 32, 0</column>
<column name="tmp3_loc_read_reg_154">32, 0, 32, 0</column>
<column name="zext_ln29_reg_168">15, 0, 64, 49</column>
<column name="icmp_ln28_reg_159">64, 32, 1, 0</column>
<column name="zext_ln29_reg_168">64, 32, 64, 49</column>
</table>
</item>
</section>
</item>
</section>

<section name = "Interface" level="0">
<item name = "Summary"><table name="" hasTotal="0">
<keys size="6">RTL Ports, Dir, Bits, Protocol, Source Object, C Type</keys>
<column name="ap_clk">in, 1, ap_ctrl_hs, Loop_Loop2_proc, return value</column>
<column name="ap_rst">in, 1, ap_ctrl_hs, Loop_Loop2_proc, return value</column>
<column name="ap_start">in, 1, ap_ctrl_hs, Loop_Loop2_proc, return value</column>
<column name="ap_done">out, 1, ap_ctrl_hs, Loop_Loop2_proc, return value</column>
<column name="ap_continue">in, 1, ap_ctrl_hs, Loop_Loop2_proc, return value</column>
<column name="ap_idle">out, 1, ap_ctrl_hs, Loop_Loop2_proc, return value</column>
<column name="ap_ready">out, 1, ap_ctrl_hs, Loop_Loop2_proc, return value</column>
<column name="temp1_address0">out, 14, ap_memory, temp1, array</column>
<column name="temp1_ce0">out, 1, ap_memory, temp1, array</column>
<column name="temp1_q0">in, 32, ap_memory, temp1, array</column>
<column name="tmp3_loc_dout">in, 32, ap_fifo, tmp3_loc, pointer</column>
<column name="tmp3_loc_empty_n">in, 1, ap_fifo, tmp3_loc, pointer</column>
<column name="tmp3_loc_read">out, 1, ap_fifo, tmp3_loc, pointer</column>
<column name="temp3_address0">out, 14, ap_memory, temp3, array</column>
<column name="temp3_ce0">out, 1, ap_memory, temp3, array</column>
<column name="temp3_we0">out, 1, ap_memory, temp3, array</column>
<column name="temp3_d0">out, 32, ap_memory, temp3, array</column>
<column name="temp2_address0">out, 14, ap_memory, temp2, array</column>
<column name="temp2_ce0">out, 1, ap_memory, temp2, array</column>
<column name="temp2_q0">in, 32, ap_memory, temp2, array</column>
<column name="temp4_address0">out, 14, ap_memory, temp4, array</column>
<column name="temp4_ce0">out, 1, ap_memory, temp4, array</column>
<column name="temp4_we0">out, 1, ap_memory, temp4, array</column>
<column name="temp4_d0">out, 32, ap_memory, temp4, array</column>
</table>
</item>
</section>
</profile>
