<stg><name>Loop_Loop2_proc</name>


<trans_list>

<trans id="33" from="1" to="2">
<condition id="-1">
<or_exp><and_exp></and_exp></or_exp>
</condition>
</trans>

<trans id="44" from="2" to="6">
<condition id="-1">
<or_exp><and_exp><literal name="icmp_ln28" val="1"/>
</and_exp></or_exp>
</condition>
</trans>

<trans id="45" from="2" to="3">
<condition id="-1">
<or_exp><and_exp><literal name="icmp_ln28" val="0"/>
</and_exp></or_exp>
</condition>
</trans>

<trans id="41" from="3" to="4">
<condition id="-1">
<or_exp><and_exp></and_exp></or_exp>
</condition>
</trans>

<trans id="42" from="4" to="5">
<condition id="-1">
<or_exp><and_exp></and_exp></or_exp>
</condition>
</trans>

<trans id="43" from="5" to="2">
<condition id="-1">
<or_exp><and_exp></and_exp></or_exp>
</condition>
</trans>
</trans_list>



<state_list>

<state id="1" st_id="1">

<operation id="7" st_id="1" stage="1" lat="1">
<core>NULL</core>
<MemPortIdVec></MemPortIdVec>
<condition id="-1">
<or_exp><and_exp></and_exp></or_exp>
</condition>

<Node id="6" bw="32" op_0_bw="32" op_1_bw="32" op_2_bw="0" op_3_bw="32" op_4_bw="32" op_5_bw="0" op_6_bw="32" op_7_bw="32" op_8_bw="0" op_9_bw="0" op_10_bw="0" op_11_bw="32" op_12_bw="32" op_13_bw="32" op_14_bw="32" op_15_bw="0" op_16_bw="0">
<![CDATA[
entry:0  %empty = call i32 (...)* @_ssdm_op_SpecInterface(i32* %tmp3_loc, [8 x i8]* @ap_fifo_str, i32 0, i32 0, [1 x i8]* @p_str21, i32 0, i32 0, [1 x i8]* @p_str22, [1 x i8]* @p_str23, [1 x i8]* @p_str24, i32 2, i32 2, i32 16, i32 16, [1 x i8]* @p_str25, [11 x i8]* @ScalarProp_str)

]]></Node>
<StgValue><ssdm name="empty"/></StgValue>
</operation>

<operation id="8" st_id="1" stage="1" lat="1">
<core>FIFO</core>
<MemPortIdVec></MemPortIdVec>
<condition id="-1">
<or_exp><and_exp></and_exp></or_exp>
</condition>

<Node id="7" bw="32" op_0_bw="32" op_1_bw="32">
<![CDATA[
entry:1  %tmp3_loc_read = call i32 @_ssdm_op_Read.ap_fifo.i32P(i32* %tmp3_loc)

]]></Node>
<StgValue><ssdm name="tmp3_loc_read"/></StgValue>
</operation>

<operation id="9" st_id="1" stage="1" lat="1">
<core>NULL</core>
<MemPortIdVec></MemPortIdVec>
<condition id="-1">
<or_exp><and_exp></and_exp></or_exp>
</condition>

<Node id="8" bw="0" op_0_bw="0">
<![CDATA[
entry:2  br label %.preheader1.i.i

]]></Node>
<StgValue><ssdm name="br_ln0"/></StgValue>
</operation>
</state>

<state id="2" st_id="2">

<operation id="10" st_id="2" stage="1" lat="1">
<core>NULL</core>
<MemPortIdVec></MemPortIdVec>
<condition id="-1">
<or_exp><and_exp></and_exp></or_exp>
</condition>

<Node id="10" bw="15" op_0_bw="15" op_1_bw="0" op_2_bw="15" op_3_bw="0">
<![CDATA[
.preheader1.i.i:0  %j_0_i_i = phi i15 [ %j, %Loop2 ], [ 0, %entry ]

]]></Node>
<StgValue><ssdm name="j_0_i_i"/></StgValue>
</operation>

<operation id="11" st_id="2" stage="1" lat="1">
<core>Cmp</core>
<MemPortIdVec></MemPortIdVec>
<condition id="-1">
<or_exp><and_exp></and_exp></or_exp>
</condition>

<Node id="11" bw="1" op_0_bw="15" op_1_bw="15">
<![CDATA[
.preheader1.i.i:1  %icmp_ln28 = icmp eq i15 %j_0_i_i, -16384

]]></Node>
<StgValue><ssdm name="icmp_ln28"/></StgValue>
</operation>

<operation id="12" st_id="2" stage="1" lat="1">
<core>NULL</core>
<MemPortIdVec></MemPortIdVec>
<condition id="-1">
<or_exp><and_exp></and_exp></or_exp>
</condition>

<Node id="12" bw="32" op_0_bw="32" op_1_bw="64" op_2_bw="64" op_3_bw="64">
<![CDATA[
.preheader1.i.i:2  %empty_6 = call i32 (...)* @_ssdm_op_SpecLoopTripCount(i64 16384, i64 16384, i64 16384) nounwind

]]></Node>
<StgValue><ssdm name="empty_6"/></StgValue>
</operation>

<operation id="13" st_id="2" stage="1" lat="1">
<core>AddSub</core>
<MemPortIdVec></MemPortIdVec>
<condition id="-1">
<or_exp><and_exp></and_exp></or_exp>
</condition>

<Node id="13" bw="15" op_0_bw="15" op_1_bw="15">
<![CDATA[
.preheader1.i.i:3  %j = add i15 %j_0_i_i, 1

]]></Node>
<StgValue><ssdm name="j"/></StgValue>
</operation>

<operation id="14" st_id="2" stage="1" lat="1">
<core>NULL</core>
<MemPortIdVec></MemPortIdVec>
<condition id="-1">
<or_exp><and_exp></and_exp></or_exp>
</condition>

<Node id="14" bw="0" op_0_bw="1" op_1_bw="0" op_2_bw="0">
<![CDATA[
.preheader1.i.i:4  br i1 %icmp_ln28, label %.exit, label %Loop2

]]></Node>
<StgValue><ssdm name="br_ln28"/></StgValue>
</operation>

<operation id="15" st_id="2" stage="1" lat="1">
<core>NULL</core>
<MemPortIdVec></MemPortIdVec>
<condition id="-1">
<or_exp><and_exp><literal name="icmp_ln28" val="0"/>
</and_exp></or_exp>
</condition>

<Node id="19" bw="64" op_0_bw="15">
<![CDATA[
Loop2:3  %zext_ln29 = zext i15 %j_0_i_i to i64

]]></Node>
<StgValue><ssdm name="zext_ln29"/></StgValue>
</operation>

<operation id="16" st_id="2" stage="1" lat="1">
<core>NULL</core>
<MemPortIdVec></MemPortIdVec>
<condition id="-1">
<or_exp><and_exp><literal name="icmp_ln28" val="0"/>
</and_exp></or_exp>
</condition>

<Node id="20" bw="14" op_0_bw="32" op_1_bw="64" op_2_bw="64">
<![CDATA[
Loop2:4  %temp1_addr = getelementptr inbounds [16384 x i32]* %temp1, i64 0, i64 %zext_ln29

]]></Node>
<StgValue><ssdm name="temp1_addr"/></StgValue>
</operation>

<operation id="17" st_id="2" stage="2" lat="2">
<core>RAM</core>
<MemPortIdVec></MemPortIdVec>
<condition id="-1">
<or_exp><and_exp><literal name="icmp_ln28" val="0"/>
</and_exp></or_exp>
</condition>

<Node id="21" bw="32" op_0_bw="14">
<![CDATA[
Loop2:5  %temp1_load = load i32* %temp1_addr, align 4

]]></Node>
<StgValue><ssdm name="temp1_load"/></StgValue>
</operation>

<operation id="18" st_id="2" stage="1" lat="1">
<core>NULL</core>
<MemPortIdVec></MemPortIdVec>
<condition id="-1">
<or_exp><and_exp><literal name="icmp_ln28" val="0"/>
</and_exp></or_exp>
</condition>

<Node id="25" bw="14" op_0_bw="32" op_1_bw="64" op_2_bw="64">
<![CDATA[
Loop2:9  %temp2_addr = getelementptr inbounds [16384 x i32]* %temp2, i64 0, i64 %zext_ln29

]]></Node>
<StgValue><ssdm name="temp2_addr"/></StgValue>
</operation>

<operation id="19" st_id="2" stage="2" lat="2">
<core>RAM</core>
<MemPortIdVec></MemPortIdVec>
<condition id="-1">
<or_exp><and_exp><literal name="icmp_ln28" val="0"/>
</and_exp></or_exp>
</condition>

<Node id="26" bw="32" op_0_bw="14">
<![CDATA[
Loop2:10  %temp2_load = load i32* %temp2_addr, align 4

]]></Node>
<StgValue><ssdm name="temp2_load"/></StgValue>
</operation>
</state>

<state id="3" st_id="3">

<operation id="20" st_id="3" stage="1" lat="2">
<core>RAM</core>
<MemPortIdVec></MemPortIdVec>
<condition id="-1">
<or_exp><and_exp><literal name="icmp_ln28" val="0"/>
</and_exp></or_exp>
</condition>

<Node id="21" bw="32" op_0_bw="14">
<![CDATA[
Loop2:5  %temp1_load = load i32* %temp1_addr, align 4

]]></Node>
<StgValue><ssdm name="temp1_load"/></StgValue>
</operation>

<operation id="21" st_id="3" stage="1" lat="2">
<core>RAM</core>
<MemPortIdVec></MemPortIdVec>
<condition id="-1">
<or_exp><and_exp><literal name="icmp_ln28" val="0"/>
</and_exp></or_exp>
</condition>

<Node id="26" bw="32" op_0_bw="14">
<![CDATA[
Loop2:10  %temp2_load = load i32* %temp2_addr, align 4

]]></Node>
<StgValue><ssdm name="temp2_load"/></StgValue>
</operation>

<operation id="22" st_id="3" stage="1" lat="1">
<core>NULL</core>
<MemPortIdVec></MemPortIdVec>
<condition id="-1">
<or_exp><and_exp><literal name="icmp_ln28" val="0"/>
</and_exp></or_exp>
</condition>

<Node id="27" bw="14" op_0_bw="32" op_1_bw="64" op_2_bw="64">
<![CDATA[
Loop2:11  %temp4_addr = getelementptr inbounds [16384 x i32]* %temp4, i64 0, i64 %zext_ln29

]]></Node>
<StgValue><ssdm name="temp4_addr"/></StgValue>
</operation>

<operation id="23" st_id="3" stage="1" lat="1">
<core>RAM</core>
<MemPortIdVec></MemPortIdVec>
<condition id="-1">
<or_exp><and_exp><literal name="icmp_ln28" val="0"/>
</and_exp></or_exp>
</condition>

<Node id="28" bw="0" op_0_bw="32" op_1_bw="14">
<![CDATA[
Loop2:12  store i32 %temp2_load, i32* %temp4_addr, align 4

]]></Node>
<StgValue><ssdm name="store_ln30"/></StgValue>
</operation>
</state>

<state id="4" st_id="4">

<operation id="24" st_id="4" stage="1" lat="1">
<core>Mul</core>
<MemPortIdVec></MemPortIdVec>
<condition id="-1">
<or_exp><and_exp><literal name="icmp_ln28" val="0"/>
</and_exp></or_exp>
</condition>

<Node id="22" bw="32" op_0_bw="32" op_1_bw="32">
<![CDATA[
Loop2:6  %mul_ln29 = mul nsw i32 %tmp3_loc_read, %temp1_load

]]></Node>
<StgValue><ssdm name="mul_ln29"/></StgValue>
</operation>
</state>

<state id="5" st_id="5">

<operation id="25" st_id="5" stage="1" lat="1">
<core>NULL</core>
<MemPortIdVec></MemPortIdVec>
<condition id="-1">
<or_exp><and_exp><literal name="icmp_ln28" val="0"/>
</and_exp></or_exp>
</condition>

<Node id="16" bw="0" op_0_bw="0" op_1_bw="0">
<![CDATA[
Loop2:0  call void (...)* @_ssdm_op_SpecLoopName([6 x i8]* @p_str1) nounwind

]]></Node>
<StgValue><ssdm name="specloopname_ln28"/></StgValue>
</operation>

<operation id="26" st_id="5" stage="1" lat="1">
<core>NULL</core>
<MemPortIdVec></MemPortIdVec>
<condition id="-1">
<or_exp><and_exp><literal name="icmp_ln28" val="0"/>
</and_exp></or_exp>
</condition>

<Node id="17" bw="32" op_0_bw="32" op_1_bw="0">
<![CDATA[
Loop2:1  %tmp_1_i_i = call i32 (...)* @_ssdm_op_SpecRegionBegin([6 x i8]* @p_str1) nounwind

]]></Node>
<StgValue><ssdm name="tmp_1_i_i"/></StgValue>
</operation>

<operation id="27" st_id="5" stage="1" lat="1">
<core>NULL</core>
<MemPortIdVec></MemPortIdVec>
<condition id="-1">
<or_exp><and_exp><literal name="icmp_ln28" val="0"/>
</and_exp></or_exp>
</condition>

<Node id="18" bw="0" op_0_bw="0" op_1_bw="32" op_2_bw="32" op_3_bw="32" op_4_bw="32" op_5_bw="0">
<![CDATA[
Loop2:2  call void (...)* @_ssdm_op_SpecPipeline(i32 -1, i32 1, i32 1, i32 0, [1 x i8]* @p_str3) nounwind

]]></Node>
<StgValue><ssdm name="specpipeline_ln29"/></StgValue>
</operation>

<operation id="28" st_id="5" stage="1" lat="1">
<core>NULL</core>
<MemPortIdVec></MemPortIdVec>
<condition id="-1">
<or_exp><and_exp><literal name="icmp_ln28" val="0"/>
</and_exp></or_exp>
</condition>

<Node id="23" bw="14" op_0_bw="32" op_1_bw="64" op_2_bw="64">
<![CDATA[
Loop2:7  %temp3_addr = getelementptr inbounds [16384 x i32]* %temp3, i64 0, i64 %zext_ln29

]]></Node>
<StgValue><ssdm name="temp3_addr"/></StgValue>
</operation>

<operation id="29" st_id="5" stage="1" lat="1">
<core>RAM</core>
<MemPortIdVec></MemPortIdVec>
<condition id="-1">
<or_exp><and_exp><literal name="icmp_ln28" val="0"/>
</and_exp></or_exp>
</condition>

<Node id="24" bw="0" op_0_bw="32" op_1_bw="14">
<![CDATA[
Loop2:8  store i32 %mul_ln29, i32* %temp3_addr, align 4

]]></Node>
<StgValue><ssdm name="store_ln29"/></StgValue>
</operation>

<operation id="30" st_id="5" stage="1" lat="1">
<core>NULL</core>
<MemPortIdVec></MemPortIdVec>
<condition id="-1">
<or_exp><and_exp><literal name="icmp_ln28" val="0"/>
</and_exp></or_exp>
</condition>

<Node id="29" bw="32" op_0_bw="32" op_1_bw="0" op_2_bw="32">
<![CDATA[
Loop2:13  %empty_7 = call i32 (...)* @_ssdm_op_SpecRegionEnd([6 x i8]* @p_str1, i32 %tmp_1_i_i) nounwind

]]></Node>
<StgValue><ssdm name="empty_7"/></StgValue>
</operation>

<operation id="31" st_id="5" stage="1" lat="1">
<core>NULL</core>
<MemPortIdVec></MemPortIdVec>
<condition id="-1">
<or_exp><and_exp><literal name="icmp_ln28" val="0"/>
</and_exp></or_exp>
</condition>

<Node id="30" bw="0" op_0_bw="0">
<![CDATA[
Loop2:14  br label %.preheader1.i.i

]]></Node>
<StgValue><ssdm name="br_ln28"/></StgValue>
</operation>
</state>

<state id="6" st_id="6">

<operation id="32" st_id="6" stage="1" lat="1">
<core>NULL</core>
<MemPortIdVec></MemPortIdVec>
<condition id="-1">
<or_exp><and_exp></and_exp></or_exp>
</condition>

<Node id="32" bw="0">
<![CDATA[
.exit:0  ret void

]]></Node>
<StgValue><ssdm name="ret_ln0"/></StgValue>
</operation>
</state>
</state_list>


<ports>
</ports>


<dataflows>
</dataflows>


</stg>
