<profile>

<section name = "Vivado HLS Report for 'Loop_Loop3_proc'" level="0">
<item name = "Date">Sun Nov  7 14:28:05 2021
</item>
<item name = "Version">2020.1 (Build 2897737 on Wed May 27 20:21:37 MDT 2020)</item>
<item name = "Project">lab4_z4m_prj</item>
<item name = "Solution">sol1</item>
<item name = "Product family">artix7</item>
<item name = "Target device">xa7a12t-csg325-1Q</item>
</section>

<section name = "Performance Estimates" level="0">
<item name = "Timing">
<section name = "" level="1">
<item name = "Summary"><table name="" hasTotal="0">
<keys size="4">Clock, Target, Estimated, Uncertainty</keys>
<column name="clk">10.00 ns, 9.216 ns, 0.10 ns</column>
</table>
</item>
</section>
</item>
<item name = "Latency">
<section name = "" level="1">
<item name = "Summary"><table name="" hasTotal="0">
<keys size="8">, min, max, min, max, min, max, Type</keys>
<column name="">16386, 16386, 0.164 ms, 0.164 ms, 16386, 16386, none</column>
</table>
</item>
<item name = "Detail">
<section name = "" level="1">
<item name = "Instance"><table name="" hasTotal="0">
<keys size="9">Instance, Module, min, max, min, max, min, max, Type</keys>
</table>
</item>
<item name = "Loop"><table name="" hasTotal="0">
<keys size="8">Loop Name, min, max, Latency, achieved, target, Count, Pipelined</keys>
<column name="- Loop3">16384, 16384, 2, 1, 1, 16384, yes</column>
</table>
</item>
</section>
</item>
</section>
</item>
</section>

<section name = "Utilization Estimates" level="0">
<item name = "Summary"><table name="" hasTotal="1">
<keys size="6">Name, BRAM_18K, DSP48E, FF, LUT, URAM</keys>
<column name="DSP">-, -, -, -, -</column>
<column name="Expression">-, -, 0, 80, -</column>
<column name="FIFO">-, -, -, -, -</column>
<column name="Instance">-, -, -, -, -</column>
<column name="Memory">-, -, -, -, -</column>
<column name="Multiplexer">-, -, -, 54, -</column>
<column name="Register">-, -, 37, -, -</column>
<specialColumn name="Available">40, 40, 16000, 8000, 0</specialColumn>
<specialColumn name="Utilization (%)">0, 0, ~0, 1, 0</specialColumn>
</table>
</item>
<item name = "Detail">
<section name = "" level="1">
<item name = "Instance"><table name="" hasTotal="1">
<keys size="7">Instance, Module, BRAM_18K, DSP48E, FF, LUT, URAM</keys>
</table>
</item>
<item name = "DSP48E"><table name="" hasTotal="0">
<keys size="3">Instance, Module, Expression</keys>
</table>
</item>
<item name = "Memory"><table name="" hasTotal="1">
<keys size="10">Memory, Module, BRAM_18K, FF, LUT, URAM, Words, Bits, Banks, W*Bits*Banks</keys>
</table>
</item>
<item name = "FIFO"><table name="" hasTotal="1">
<keys size="8">Name, BRAM_18K, FF, LUT, URAM, Depth, Bits, Size:D*B</keys>
</table>
</item>
<item name = "Expression"><table name="" hasTotal="1">
<keys size="7">Variable Name, Operation, DSP48E, FF, LUT, Bitwidth P0, Bitwidth P1</keys>
<column name="data_out_d0">+, 0, 0, 39, 32, 32</column>
<column name="k_fu_92_p2">+, 0, 0, 22, 15, 1</column>
<column name="icmp_ln32_fu_86_p2">icmp, 0, 0, 13, 15, 16</column>
<column name="ap_block_state1">or, 0, 0, 2, 1, 1</column>
<column name="ap_enable_pp0">xor, 0, 0, 2, 1, 2</column>
<column name="ap_enable_reg_pp0_iter1">xor, 0, 0, 2, 2, 1</column>
</table>
</item>
<item name = "Multiplexer"><table name="" hasTotal="1">
<keys size="5">Name, LUT, Input Size, Bits, Total Bits</keys>
<column name="ap_NS_fsm">21, 4, 1, 4</column>
<column name="ap_done">9, 2, 1, 2</column>
<column name="ap_enable_reg_pp0_iter1">15, 3, 1, 3</column>
<column name="k_0_reg_75">9, 2, 15, 30</column>
</table>
</item>
<item name = "Register"><table name="" hasTotal="1">
<keys size="5">Name, FF, LUT, Bits, Const Bits</keys>
<column name="ap_CS_fsm">3, 0, 3, 0</column>
<column name="ap_done_reg">1, 0, 1, 0</column>
<column name="ap_enable_reg_pp0_iter0">1, 0, 1, 0</column>
<column name="ap_enable_reg_pp0_iter1">1, 0, 1, 0</column>
<column name="icmp_ln32_reg_111">1, 0, 1, 0</column>
<column name="k_0_reg_75">15, 0, 15, 0</column>
<column name="zext_ln33_reg_120">15, 0, 64, 49</column>
</table>
</item>
</section>
</item>
</section>

<section name = "Interface" level="0">
<item name = "Summary"><table name="" hasTotal="0">
<keys size="6">RTL Ports, Dir, Bits, Protocol, Source Object, C Type</keys>
<column name="ap_clk">in, 1, ap_ctrl_hs, Loop_Loop3_proc, return value</column>
<column name="ap_rst">in, 1, ap_ctrl_hs, Loop_Loop3_proc, return value</column>
<column name="ap_start">in, 1, ap_ctrl_hs, Loop_Loop3_proc, return value</column>
<column name="ap_done">out, 1, ap_ctrl_hs, Loop_Loop3_proc, return value</column>
<column name="ap_continue">in, 1, ap_ctrl_hs, Loop_Loop3_proc, return value</column>
<column name="ap_idle">out, 1, ap_ctrl_hs, Loop_Loop3_proc, return value</column>
<column name="ap_ready">out, 1, ap_ctrl_hs, Loop_Loop3_proc, return value</column>
<column name="temp4_address0">out, 14, ap_memory, temp4, array</column>
<column name="temp4_ce0">out, 1, ap_memory, temp4, array</column>
<column name="temp4_q0">in, 32, ap_memory, temp4, array</column>
<column name="temp3_address0">out, 14, ap_memory, temp3, array</column>
<column name="temp3_ce0">out, 1, ap_memory, temp3, array</column>
<column name="temp3_q0">in, 32, ap_memory, temp3, array</column>
<column name="data_out_address0">out, 14, ap_memory, data_out, array</column>
<column name="data_out_ce0">out, 1, ap_memory, data_out, array</column>
<column name="data_out_we0">out, 1, ap_memory, data_out, array</column>
<column name="data_out_d0">out, 32, ap_memory, data_out, array</column>
</table>
</item>
</section>
</profile>
