<stg><name>Loop_Loop3_proc</name>


<trans_list>

<trans id="27" from="1" to="2">
<condition id="-1">
<or_exp><and_exp></and_exp></or_exp>
</condition>
</trans>

<trans id="34" from="2" to="4">
<condition id="-1">
<or_exp><and_exp><literal name="icmp_ln32" val="1"/>
</and_exp></or_exp>
</condition>
</trans>

<trans id="35" from="2" to="3">
<condition id="-1">
<or_exp><and_exp><literal name="icmp_ln32" val="0"/>
</and_exp></or_exp>
</condition>
</trans>

<trans id="33" from="3" to="2">
<condition id="-1">
<or_exp><and_exp></and_exp></or_exp>
</condition>
</trans>
</trans_list>



<state_list>

<state id="1" st_id="1">

<operation id="5" st_id="1" stage="1" lat="1">
<core>NULL</core>
<MemPortIdVec></MemPortIdVec>
<condition id="-1">
<or_exp><and_exp></and_exp></or_exp>
</condition>

<Node id="4" bw="0" op_0_bw="0">
<![CDATA[
newFuncRoot:0  br label %.preheader

]]></Node>
<StgValue><ssdm name="br_ln0"/></StgValue>
</operation>
</state>

<state id="2" st_id="2">

<operation id="6" st_id="2" stage="1" lat="1">
<core>NULL</core>
<MemPortIdVec></MemPortIdVec>
<condition id="-1">
<or_exp><and_exp></and_exp></or_exp>
</condition>

<Node id="6" bw="15" op_0_bw="15" op_1_bw="0" op_2_bw="15" op_3_bw="0">
<![CDATA[
.preheader:0  %k_0 = phi i15 [ %k, %Loop3 ], [ 0, %newFuncRoot ]

]]></Node>
<StgValue><ssdm name="k_0"/></StgValue>
</operation>

<operation id="7" st_id="2" stage="1" lat="1">
<core>Cmp</core>
<MemPortIdVec></MemPortIdVec>
<condition id="-1">
<or_exp><and_exp></and_exp></or_exp>
</condition>

<Node id="7" bw="1" op_0_bw="15" op_1_bw="15">
<![CDATA[
.preheader:1  %icmp_ln32 = icmp eq i15 %k_0, -16384

]]></Node>
<StgValue><ssdm name="icmp_ln32"/></StgValue>
</operation>

<operation id="8" st_id="2" stage="1" lat="1">
<core>NULL</core>
<MemPortIdVec></MemPortIdVec>
<condition id="-1">
<or_exp><and_exp></and_exp></or_exp>
</condition>

<Node id="8" bw="32" op_0_bw="32" op_1_bw="64" op_2_bw="64" op_3_bw="64">
<![CDATA[
.preheader:2  %empty = call i32 (...)* @_ssdm_op_SpecLoopTripCount(i64 16384, i64 16384, i64 16384) nounwind

]]></Node>
<StgValue><ssdm name="empty"/></StgValue>
</operation>

<operation id="9" st_id="2" stage="1" lat="1">
<core>AddSub</core>
<MemPortIdVec></MemPortIdVec>
<condition id="-1">
<or_exp><and_exp></and_exp></or_exp>
</condition>

<Node id="9" bw="15" op_0_bw="15" op_1_bw="15">
<![CDATA[
.preheader:3  %k = add i15 %k_0, 1

]]></Node>
<StgValue><ssdm name="k"/></StgValue>
</operation>

<operation id="10" st_id="2" stage="1" lat="1">
<core>NULL</core>
<MemPortIdVec></MemPortIdVec>
<condition id="-1">
<or_exp><and_exp></and_exp></or_exp>
</condition>

<Node id="10" bw="0" op_0_bw="1" op_1_bw="0" op_2_bw="0">
<![CDATA[
.preheader:4  br i1 %icmp_ln32, label %.exitStub, label %Loop3

]]></Node>
<StgValue><ssdm name="br_ln32"/></StgValue>
</operation>

<operation id="11" st_id="2" stage="1" lat="1">
<core>NULL</core>
<MemPortIdVec></MemPortIdVec>
<condition id="-1">
<or_exp><and_exp><literal name="icmp_ln32" val="0"/>
</and_exp></or_exp>
</condition>

<Node id="15" bw="64" op_0_bw="15">
<![CDATA[
Loop3:3  %zext_ln33 = zext i15 %k_0 to i64

]]></Node>
<StgValue><ssdm name="zext_ln33"/></StgValue>
</operation>

<operation id="12" st_id="2" stage="1" lat="1">
<core>NULL</core>
<MemPortIdVec></MemPortIdVec>
<condition id="-1">
<or_exp><and_exp><literal name="icmp_ln32" val="0"/>
</and_exp></or_exp>
</condition>

<Node id="16" bw="14" op_0_bw="32" op_1_bw="64" op_2_bw="64">
<![CDATA[
Loop3:4  %temp4_addr = getelementptr inbounds [16384 x i32]* %temp4, i64 0, i64 %zext_ln33

]]></Node>
<StgValue><ssdm name="temp4_addr"/></StgValue>
</operation>

<operation id="13" st_id="2" stage="2" lat="2">
<core>RAM</core>
<MemPortIdVec></MemPortIdVec>
<condition id="-1">
<or_exp><and_exp><literal name="icmp_ln32" val="0"/>
</and_exp></or_exp>
</condition>

<Node id="17" bw="32" op_0_bw="14">
<![CDATA[
Loop3:5  %temp4_load = load i32* %temp4_addr, align 4

]]></Node>
<StgValue><ssdm name="temp4_load"/></StgValue>
</operation>

<operation id="14" st_id="2" stage="1" lat="1">
<core>NULL</core>
<MemPortIdVec></MemPortIdVec>
<condition id="-1">
<or_exp><and_exp><literal name="icmp_ln32" val="0"/>
</and_exp></or_exp>
</condition>

<Node id="18" bw="14" op_0_bw="32" op_1_bw="64" op_2_bw="64">
<![CDATA[
Loop3:6  %temp3_addr = getelementptr inbounds [16384 x i32]* %temp3, i64 0, i64 %zext_ln33

]]></Node>
<StgValue><ssdm name="temp3_addr"/></StgValue>
</operation>

<operation id="15" st_id="2" stage="2" lat="2">
<core>RAM</core>
<MemPortIdVec></MemPortIdVec>
<condition id="-1">
<or_exp><and_exp><literal name="icmp_ln32" val="0"/>
</and_exp></or_exp>
</condition>

<Node id="19" bw="32" op_0_bw="14">
<![CDATA[
Loop3:7  %temp3_load = load i32* %temp3_addr, align 4

]]></Node>
<StgValue><ssdm name="temp3_load"/></StgValue>
</operation>
</state>

<state id="3" st_id="3">

<operation id="16" st_id="3" stage="1" lat="1">
<core>NULL</core>
<MemPortIdVec></MemPortIdVec>
<condition id="-1">
<or_exp><and_exp><literal name="icmp_ln32" val="0"/>
</and_exp></or_exp>
</condition>

<Node id="12" bw="0" op_0_bw="0" op_1_bw="0">
<![CDATA[
Loop3:0  call void (...)* @_ssdm_op_SpecLoopName([6 x i8]* @p_str2) nounwind

]]></Node>
<StgValue><ssdm name="specloopname_ln32"/></StgValue>
</operation>

<operation id="17" st_id="3" stage="1" lat="1">
<core>NULL</core>
<MemPortIdVec></MemPortIdVec>
<condition id="-1">
<or_exp><and_exp><literal name="icmp_ln32" val="0"/>
</and_exp></or_exp>
</condition>

<Node id="13" bw="32" op_0_bw="32" op_1_bw="0">
<![CDATA[
Loop3:1  %tmp_2 = call i32 (...)* @_ssdm_op_SpecRegionBegin([6 x i8]* @p_str2) nounwind

]]></Node>
<StgValue><ssdm name="tmp_2"/></StgValue>
</operation>

<operation id="18" st_id="3" stage="1" lat="1">
<core>NULL</core>
<MemPortIdVec></MemPortIdVec>
<condition id="-1">
<or_exp><and_exp><literal name="icmp_ln32" val="0"/>
</and_exp></or_exp>
</condition>

<Node id="14" bw="0" op_0_bw="0" op_1_bw="32" op_2_bw="32" op_3_bw="32" op_4_bw="32" op_5_bw="0">
<![CDATA[
Loop3:2  call void (...)* @_ssdm_op_SpecPipeline(i32 -1, i32 1, i32 1, i32 0, [1 x i8]* @p_str3) nounwind

]]></Node>
<StgValue><ssdm name="specpipeline_ln33"/></StgValue>
</operation>

<operation id="19" st_id="3" stage="1" lat="2">
<core>RAM</core>
<MemPortIdVec></MemPortIdVec>
<condition id="-1">
<or_exp><and_exp><literal name="icmp_ln32" val="0"/>
</and_exp></or_exp>
</condition>

<Node id="17" bw="32" op_0_bw="14">
<![CDATA[
Loop3:5  %temp4_load = load i32* %temp4_addr, align 4

]]></Node>
<StgValue><ssdm name="temp4_load"/></StgValue>
</operation>

<operation id="20" st_id="3" stage="1" lat="2">
<core>RAM</core>
<MemPortIdVec></MemPortIdVec>
<condition id="-1">
<or_exp><and_exp><literal name="icmp_ln32" val="0"/>
</and_exp></or_exp>
</condition>

<Node id="19" bw="32" op_0_bw="14">
<![CDATA[
Loop3:7  %temp3_load = load i32* %temp3_addr, align 4

]]></Node>
<StgValue><ssdm name="temp3_load"/></StgValue>
</operation>

<operation id="21" st_id="3" stage="1" lat="1">
<core>AddSub</core>
<MemPortIdVec></MemPortIdVec>
<condition id="-1">
<or_exp><and_exp><literal name="icmp_ln32" val="0"/>
</and_exp></or_exp>
</condition>

<Node id="20" bw="32" op_0_bw="32" op_1_bw="32">
<![CDATA[
Loop3:8  %add_ln33 = add nsw i32 %temp4_load, %temp3_load

]]></Node>
<StgValue><ssdm name="add_ln33"/></StgValue>
</operation>

<operation id="22" st_id="3" stage="1" lat="1">
<core>NULL</core>
<MemPortIdVec></MemPortIdVec>
<condition id="-1">
<or_exp><and_exp><literal name="icmp_ln32" val="0"/>
</and_exp></or_exp>
</condition>

<Node id="21" bw="14" op_0_bw="32" op_1_bw="64" op_2_bw="64">
<![CDATA[
Loop3:9  %data_out_addr = getelementptr [16384 x i32]* %data_out, i64 0, i64 %zext_ln33

]]></Node>
<StgValue><ssdm name="data_out_addr"/></StgValue>
</operation>

<operation id="23" st_id="3" stage="1" lat="1">
<core>RAM</core>
<MemPortIdVec></MemPortIdVec>
<condition id="-1">
<or_exp><and_exp><literal name="icmp_ln32" val="0"/>
</and_exp></or_exp>
</condition>

<Node id="22" bw="0" op_0_bw="32" op_1_bw="14">
<![CDATA[
Loop3:10  store i32 %add_ln33, i32* %data_out_addr, align 4

]]></Node>
<StgValue><ssdm name="store_ln33"/></StgValue>
</operation>

<operation id="24" st_id="3" stage="1" lat="1">
<core>NULL</core>
<MemPortIdVec></MemPortIdVec>
<condition id="-1">
<or_exp><and_exp><literal name="icmp_ln32" val="0"/>
</and_exp></or_exp>
</condition>

<Node id="23" bw="32" op_0_bw="32" op_1_bw="0" op_2_bw="32">
<![CDATA[
Loop3:11  %empty_5 = call i32 (...)* @_ssdm_op_SpecRegionEnd([6 x i8]* @p_str2, i32 %tmp_2) nounwind

]]></Node>
<StgValue><ssdm name="empty_5"/></StgValue>
</operation>

<operation id="25" st_id="3" stage="1" lat="1">
<core>NULL</core>
<MemPortIdVec></MemPortIdVec>
<condition id="-1">
<or_exp><and_exp><literal name="icmp_ln32" val="0"/>
</and_exp></or_exp>
</condition>

<Node id="24" bw="0" op_0_bw="0">
<![CDATA[
Loop3:12  br label %.preheader

]]></Node>
<StgValue><ssdm name="br_ln32"/></StgValue>
</operation>
</state>

<state id="4" st_id="4">

<operation id="26" st_id="4" stage="1" lat="1">
<core>NULL</core>
<MemPortIdVec></MemPortIdVec>
<condition id="-1">
<or_exp><and_exp></and_exp></or_exp>
</condition>

<Node id="26" bw="0">
<![CDATA[
.exitStub:0  ret void

]]></Node>
<StgValue><ssdm name="ret_ln0"/></StgValue>
</operation>
</state>
</state_list>


<ports>
</ports>


<dataflows>
</dataflows>


</stg>
