{
  "Top": "gauss_blur",
  "RtlTop": "gauss_blur",
  "RtlPrefix": "",
  "SourceLanguage": "c",
  "ResetStyle": "control",
  "GenerateBdFiles": "0",
  "HostMachineBits": "64",
  "Target": {
    "Family": "aartix7",
    "Device": "xa7a12t",
    "Package": "-csg325",
    "Speed": "-1Q"
  },
  "HlsSolution": {
    
  },
  "Args": {
    "inImage": {
      "index": "0",
      "type": {
        "kinds": ["array"],
        "dataType": "unsigned",
        "dataWidth": "8",
        "arraySizes": [
          "640",
          "480"
        ],
        "multiInterfaceRef": [
          "inImage_address0",
          "inImage_q0"
        ]
      }
    },
    "gauss_kernel": {
      "index": "1",
      "type": {
        "kinds": ["array"],
        "dataType": "unsigned",
        "dataWidth": "8",
        "arraySizes": [
          "3",
          "3"
        ],
        "multiInterfaceRef": [
          "gauss_kernel_address0",
          "gauss_kernel_q0"
        ]
      }
    },
    "outImage": {
      "index": "2",
      "type": {
        "kinds": ["array"],
        "dataType": "unsigned",
        "dataWidth": "8",
        "arraySizes": [
          "640",
          "480"
        ],
        "multiInterfaceRef": [
          "outImage_address0",
          "outImage_d0"
        ]
      }
    }
  },
  "Return": {
    
  },
  "ClockInfo": {
    "ClockName": "ap_clk",
    "ClockPeriod": "6",
    "IsCombLogic": "0",
    "II": "x",
    "Latency": "3392839",
    "Uncertainty": "0.1"
  },
  "Xdc": {"OocClocks": ["create_clock -name ap_clk -period 6.000 [get_ports ap_clk]"]},
  "Ipx": {
    "Vendor": "xilinx.com",
    "Library": "hls",
    "Name": "gauss_blur",
    "Version": "1.0",
    "DisplayName": "Gauss_blur",
    "Revision": "",
    "Description": "An IP generated by Vivado HLS",
    "Taxonomy": "\/VIVADO_HLS_IP",
    "AutoFamilySupport": ""
  },
  "Files": {
    "CSource": [
      "..\/..\/.\/source\/course_prj.c",
      "..\/..\/source\/course_prj.c"
    ],
    "Vhdl": [
      "impl\/vhdl\/gauss_blur_kernel.vhd",
      "impl\/vhdl\/gauss_blur_mac_mudEe.vhd",
      "impl\/vhdl\/gauss_blur_part_bbkb.vhd",
      "impl\/vhdl\/gauss_blur_window.vhd",
      "impl\/vhdl\/gauss_blur.vhd"
    ],
    "Verilog": [
      "impl\/verilog\/gauss_blur_kernel.v",
      "impl\/verilog\/gauss_blur_mac_mudEe.v",
      "impl\/verilog\/gauss_blur_part_bbkb.v",
      "impl\/verilog\/gauss_blur_window.v",
      "impl\/verilog\/gauss_blur.v"
    ],
    "Misc": ["impl\/misc\/logo.png"],
    "DesignXml": "\/home\/sokrat\/project\/learn\/Hybridsystem\/KP_01502_10\/course_prj\/sol1\/.autopilot\/db\/gauss_blur.design.xml",
    "DebugDir": "\/home\/sokrat\/project\/learn\/Hybridsystem\/KP_01502_10\/course_prj\/sol1\/.debug",
    "ProtoInst": ["\/home\/sokrat\/project\/learn\/Hybridsystem\/KP_01502_10\/course_prj\/sol1\/.debug\/gauss_blur.protoinst"]
  },
  "SubcoreInfo": {
    "HasXpmMemory": false,
    "HasClockedDsp": false,
    "IP": []
  },
  "Interfaces": {
    "ap_clk": {
      "type": "clock",
      "ctype": {"CLK": {"Type": "bool"}},
      "bundle_name": "ap_clk",
      "bundle_role": "default",
      "reset": "ap_rst"
    },
    "ap_ctrl": {
      "type": "ap_ctrl",
      "ctrl_ports": "ap_start ap_done ap_idle ap_ready",
      "ctype": {
        "start": {"Type": "bool"},
        "done": {"Type": "bool"},
        "idle": {"Type": "bool"},
        "ready": {"Type": "bool"}
      }
    },
    "ap_rst": {
      "type": "reset",
      "polarity": "ACTIVE_HIGH",
      "ctype": {"RST": {"Type": "bool"}},
      "bundle_name": "ap_rst",
      "bundle_role": "default"
    },
    "gauss_kernel_address0": {
      "type": "data",
      "dir": "out",
      "width": "4",
      "ctype": {"DATA": {
          "Type": "null",
          "Width": "4"
        }},
      "bundle_name": "gauss_kernel",
      "bundle_role": "address0"
    },
    "gauss_kernel_q0": {
      "type": "data",
      "dir": "in",
      "width": "8",
      "ctype": {"DATA": {
          "Type": "integer unsigned",
          "Width": "8"
        }},
      "bundle_name": "gauss_kernel",
      "bundle_role": "q0"
    },
    "inImage_address0": {
      "type": "data",
      "dir": "out",
      "width": "19",
      "ctype": {"DATA": {
          "Type": "null",
          "Width": "19"
        }},
      "bundle_name": "inImage",
      "bundle_role": "address0"
    },
    "inImage_q0": {
      "type": "data",
      "dir": "in",
      "width": "8",
      "ctype": {"DATA": {
          "Type": "integer unsigned",
          "Width": "8"
        }},
      "bundle_name": "inImage",
      "bundle_role": "q0"
    },
    "outImage_address0": {
      "type": "data",
      "dir": "out",
      "width": "19",
      "ctype": {"DATA": {
          "Type": "null",
          "Width": "19"
        }},
      "bundle_name": "outImage",
      "bundle_role": "address0"
    },
    "outImage_d0": {
      "type": "data",
      "dir": "out",
      "width": "8",
      "ctype": {"DATA": {
          "Type": "integer unsigned",
          "Width": "8"
        }},
      "bundle_name": "outImage",
      "bundle_role": "d0"
    }
  },
  "RtlPorts": {
    "ap_clk": {
      "dir": "in",
      "width": "1"
    },
    "ap_rst": {
      "dir": "in",
      "width": "1"
    },
    "ap_start": {
      "dir": "in",
      "width": "1"
    },
    "ap_done": {
      "dir": "out",
      "width": "1"
    },
    "ap_idle": {
      "dir": "out",
      "width": "1"
    },
    "ap_ready": {
      "dir": "out",
      "width": "1"
    },
    "inImage_address0": {
      "dir": "out",
      "width": "19"
    },
    "inImage_ce0": {
      "dir": "out",
      "width": "1"
    },
    "inImage_q0": {
      "dir": "in",
      "width": "8"
    },
    "gauss_kernel_address0": {
      "dir": "out",
      "width": "4"
    },
    "gauss_kernel_ce0": {
      "dir": "out",
      "width": "1"
    },
    "gauss_kernel_q0": {
      "dir": "in",
      "width": "8"
    },
    "outImage_address0": {
      "dir": "out",
      "width": "19"
    },
    "outImage_ce0": {
      "dir": "out",
      "width": "1"
    },
    "outImage_we0": {
      "dir": "out",
      "width": "1"
    },
    "outImage_d0": {
      "dir": "out",
      "width": "8"
    }
  },
  "ModuleInfo": {
    "Hierarchy": {"ModuleName": "gauss_blur"},
    "Info": {"gauss_blur": {
        "FunctionProtocol": "ap_ctrl_hs",
        "isTaskLevelControl": "1",
        "isPipelined": "0",
        "isCombinational": "0",
        "isOneStateSeq": "0"
      }},
    "Metrics": {"gauss_blur": {
        "Latency": {
          "LatencyBest": "3392839",
          "LatencyAvg": "7092691",
          "LatencyWorst": "16958963",
          "PipelineIIMin": "3392840",
          "PipelineIIMax": "16958964",
          "PipelineII": "3392840 ~ 16958964",
          "PipelineDepth": "",
          "PipelineType": "none"
        },
        "Timing": {
          "Target": "6.00",
          "Uncertainty": "0.10",
          "Estimate": "5.790"
        },
        "Loops": [
          {
            "Name": "Loop 1",
            "TripCount": "3",
            "Latency": "24",
            "PipelineII": "",
            "PipelineDepth": "8",
            "Loops": [{
                "Name": "Loop 1.1",
                "TripCount": "3",
                "Latency": "6",
                "PipelineII": "",
                "PipelineDepth": "2"
              }]
          },
          {
            "Name": "L2",
            "TripCount": "641",
            "LatencyMin": "3392813",
            "LatencyMax": "16958937",
            "Latency": "3392813 ~ 16958937",
            "PipelineII": "",
            "PipelineDepthMin": "5293",
            "PipelineDepthMax": "26457",
            "PipelineDepth": "5293 ~ 26457",
            "Loops": [{
                "Name": "L1",
                "TripCount": "481",
                "LatencyMin": "5291",
                "LatencyMax": "26455",
                "Latency": "5291 ~ 26455",
                "PipelineII": "",
                "PipelineDepthMin": "11",
                "PipelineDepthMax": "55",
                "PipelineDepth": "11 ~ 55",
                "Loops": [
                  {
                    "Name": "L1.1",
                    "TripCount": "3",
                    "Latency": "6",
                    "PipelineII": "",
                    "PipelineDepth": "2"
                  },
                  {
                    "Name": "row_loop",
                    "TripCount": "3",
                    "Latency": "42",
                    "PipelineII": "",
                    "PipelineDepth": "14",
                    "Loops": [{
                        "Name": "col_loop",
                        "TripCount": "3",
                        "Latency": "12",
                        "PipelineII": "",
                        "PipelineDepth": "4"
                      }]
                  }
                ]
              }]
          }
        ],
        "Area": {
          "BRAM_18K": "3",
          "DSP48E": "1",
          "FF": "347",
          "LUT": "933",
          "URAM": "0"
        }
      }}
  },
  "Sdx": {
    "Target": "none",
    "ProfileOption": "0",
    "ProfileType": "none",
    "XO": "",
    "KernelName": "gauss_blur",
    "EnableXoSwEmu": "1"
  },
  "GenData": {
    "DataVersion": "0.2",
    "Time": "2021-11-29 16:18:33 MSK",
    "ToolName": "vivado_hls",
    "ToolVersion": "2020.1"
  }
}
