{
  "Top": "array_io",
  "RtlTop": "array_io",
  "RtlPrefix": "",
  "SourceLanguage": "c",
  "ResetStyle": "control",
  "GenerateBdFiles": "0",
  "HostMachineBits": "64",
  "Target": {
    "Family": "aartix7",
    "Device": "xa7a12t",
    "Package": "-csg325",
    "Speed": "-1Q"
  },
  "HlsSolution": {
    "DirectiveTcl": [
      "set_directive_interface array_io ",
      "set_directive_unroll array_io\/For_Loop ",
      "set_directive_resource array_io "
    ],
    "DirectiveInfo": [
      "interface array_io {{ap_fifo positionBoolean0mode} {port positionBooleanTextRequiredd_o}} {}",
      "unroll array_io\/For_Loop {} {}",
      "resource array_io {{variable positionBooleanTextRequiredd_i} {core RAM_2P_BRAM}} {}"
    ]
  },
  "Args": {
    "d_o": {
      "index": "0",
      "type": {
        "kinds": ["array"],
        "dataType": "short",
        "dataWidth": "16",
        "arraySizes": ["32"],
        "interfaceRef": "d_o"
      }
    },
    "d_i": {
      "index": "1",
      "type": {
        "kinds": ["array"],
        "dataType": "short",
        "dataWidth": "16",
        "arraySizes": ["32"],
        "multiInterfaceRef": [
          "d_i_address0",
          "d_i_address1",
          "d_i_q0",
          "d_i_q1"
        ]
      }
    }
  },
  "Return": {
    
  },
  "ClockInfo": {
    "ClockName": "ap_clk",
    "ClockPeriod": "8",
    "IsCombLogic": "0",
    "II": "x",
    "Latency": "33",
    "Uncertainty": "1"
  },
  "Xdc": {"OocClocks": ["create_clock -name ap_clk -period 8.000 [get_ports ap_clk]"]},
  "Ipx": {
    "Vendor": "xilinx.com",
    "Library": "hls",
    "Name": "array_io",
    "Version": "1.0",
    "DisplayName": "Array_io",
    "Revision": "",
    "Description": "An IP generated by Vivado HLS",
    "Taxonomy": "\/VIVADO_HLS_IP",
    "AutoFamilySupport": ""
  },
  "Files": {
    "CSource": ["..\/..\/source\/array_io.c"],
    "Vhdl": ["impl\/vhdl\/array_io.vhd"],
    "Verilog": ["impl\/verilog\/array_io.v"],
    "Misc": ["impl\/misc\/logo.png"],
    "DesignXml": "C:\/Xilinx_trn\/HLS_Baraev\/lab5_optimizing_array_structures\/array_io_prj\/solution1\/.autopilot\/db\/array_io.design.xml",
    "DebugDir": "C:\/Xilinx_trn\/HLS_Baraev\/lab5_optimizing_array_structures\/array_io_prj\/solution1\/.debug",
    "ProtoInst": ["C:\/Xilinx_trn\/HLS_Baraev\/lab5_optimizing_array_structures\/array_io_prj\/solution1\/.debug\/array_io.protoinst"]
  },
  "SubcoreInfo": {
    "HasXpmMemory": false,
    "HasClockedDsp": false,
    "IP": []
  },
  "Interfaces": {
    "ap_clk": {
      "type": "clock",
      "ctype": {"CLK": {"Type": "bool"}},
      "bundle_name": "ap_clk",
      "bundle_role": "default",
      "reset": "ap_rst"
    },
    "ap_ctrl": {
      "type": "ap_ctrl",
      "ctrl_ports": "ap_start ap_done ap_idle ap_ready",
      "ctype": {
        "start": {"Type": "bool"},
        "done": {"Type": "bool"},
        "idle": {"Type": "bool"},
        "ready": {"Type": "bool"}
      }
    },
    "ap_rst": {
      "type": "reset",
      "polarity": "ACTIVE_HIGH",
      "ctype": {"RST": {"Type": "bool"}},
      "bundle_name": "ap_rst",
      "bundle_role": "default"
    },
    "d_i_address0": {
      "type": "data",
      "dir": "out",
      "width": "5",
      "ctype": {"DATA": {
          "Type": "null",
          "Width": "5"
        }},
      "bundle_name": "d_i",
      "bundle_role": "address0"
    },
    "d_i_address1": {
      "type": "data",
      "dir": "out",
      "width": "5",
      "ctype": {"DATA": {
          "Type": "null",
          "Width": "5"
        }},
      "bundle_name": "d_i",
      "bundle_role": "address1"
    },
    "d_i_q0": {
      "type": "data",
      "dir": "in",
      "width": "16",
      "ctype": {"DATA": {
          "Type": "integer signed",
          "Width": "16"
        }},
      "bundle_name": "d_i",
      "bundle_role": "q0"
    },
    "d_i_q1": {
      "type": "data",
      "dir": "in",
      "width": "16",
      "ctype": {"DATA": {
          "Type": "integer signed",
          "Width": "16"
        }},
      "bundle_name": "d_i",
      "bundle_role": "q1"
    },
    "d_o": {
      "type": "ap_fifo",
      "fifo_width": "16",
      "fifo_type": "write",
      "ctype": {
        "WR_DATA": {
          "Type": "integer signed",
          "Width": "16"
        },
        "FULL_N": {"Type": "bool"},
        "WR_EN": {"Type": "bool"}
      }
    }
  },
  "RtlPorts": {
    "ap_clk": {
      "dir": "in",
      "width": "1"
    },
    "ap_rst": {
      "dir": "in",
      "width": "1"
    },
    "ap_start": {
      "dir": "in",
      "width": "1"
    },
    "ap_done": {
      "dir": "out",
      "width": "1"
    },
    "ap_idle": {
      "dir": "out",
      "width": "1"
    },
    "ap_ready": {
      "dir": "out",
      "width": "1"
    },
    "d_o_din": {
      "dir": "out",
      "width": "16"
    },
    "d_o_full_n": {
      "dir": "in",
      "width": "1"
    },
    "d_o_write": {
      "dir": "out",
      "width": "1"
    },
    "d_i_address0": {
      "dir": "out",
      "width": "5"
    },
    "d_i_ce0": {
      "dir": "out",
      "width": "1"
    },
    "d_i_q0": {
      "dir": "in",
      "width": "16"
    },
    "d_i_address1": {
      "dir": "out",
      "width": "5"
    },
    "d_i_ce1": {
      "dir": "out",
      "width": "1"
    },
    "d_i_q1": {
      "dir": "in",
      "width": "16"
    }
  },
  "ModuleInfo": {
    "Hierarchy": {"ModuleName": "array_io"},
    "Info": {"array_io": {
        "FunctionProtocol": "ap_ctrl_hs",
        "isTaskLevelControl": "1",
        "isPipelined": "0",
        "isCombinational": "0",
        "isOneStateSeq": "0"
      }},
    "Metrics": {"array_io": {
        "Latency": {
          "LatencyBest": "33",
          "LatencyAvg": "33",
          "LatencyWorst": "33",
          "PipelineII": "34",
          "PipelineDepth": "",
          "PipelineType": "none"
        },
        "Timing": {
          "Target": "8.00",
          "Uncertainty": "1.00",
          "Estimate": "6.686"
        },
        "Area": {
          "FF": "1274",
          "LUT": "2125",
          "BRAM_18K": "0",
          "DSP48E": "0",
          "URAM": "0"
        }
      }}
  },
  "Sdx": {
    "Target": "none",
    "ProfileOption": "0",
    "ProfileType": "none",
    "XO": "",
    "KernelName": "array_io",
    "EnableXoSwEmu": "1"
  },
  "GenData": {
    "DataVersion": "0.2",
    "Time": "2021-12-12 02:44:29 +0300",
    "ToolName": "vivado_hls",
    "ToolVersion": "2019.2"
  }
}
