<?xml version="1.0" encoding="UTF-8"?>
<vivadoHLSLog:LogRoot xmlns:vivadoHLSLog="www.xilinx.com/vivadoHLSLog">
  <errorLogs>
    <logs>
      <synLog/>
      <simLog/>
      <mgLog/>
      <packageLog/>
      <csimLog/>
    </logs>
  </errorLogs>
  <warningLogs>
    <logs>
      <synLog/>
      <simLog>
        <logs message="WARNING: [Simtcl 6-197] One or more HDL objects could not be logged because of object type or size limitations.  To see details please rerun the command with -verbose (-v).&#xA;## set designtopgroup [add_wave_group &quot;Design Top Signals&quot;]&#xA;## set coutputgroup [add_wave_group &quot;C Outputs&quot; -into $designtopgroup]&#xA;## set return_group [add_wave_group return(wire) -into $coutputgroup]&#xA;## add_wave /apatb_find_max_top/AESL_inst_find_max/ap_return -into $return_group -radix hex&#xA;## set cinputgroup [add_wave_group &quot;C Inputs&quot; -into $designtopgroup]&#xA;## set a_in_group [add_wave_group a_in(memory) -into $cinputgroup]&#xA;## add_wave /apatb_find_max_top/AESL_inst_find_max/a_in_q0 -into $a_in_group -radix hex&#xA;## add_wave /apatb_find_max_top/AESL_inst_find_max/a_in_ce0 -into $a_in_group -color #ffff00 -radix hex&#xA;## add_wave /apatb_find_max_top/AESL_inst_find_max/a_in_address0 -into $a_in_group -radix hex&#xA;## set blocksiggroup [add_wave_group &quot;Block-level IO Handshake&quot; -into $designtopgroup]&#xA;## add_wave /apatb_find_max_top/AESL_inst_find_max/ap_start -into $blocksiggroup&#xA;## add_wave /apatb_find_max_top/AESL_inst_find_max/ap_done -into $blocksiggroup&#xA;## add_wave /apatb_find_max_top/AESL_inst_find_max/ap_idle -into $blocksiggroup&#xA;## add_wave /apatb_find_max_top/AESL_inst_find_max/ap_ready -into $blocksiggroup&#xA;## set resetgroup [add_wave_group &quot;Reset&quot; -into $designtopgroup]&#xA;## add_wave /apatb_find_max_top/AESL_inst_find_max/ap_rst -into $resetgroup&#xA;## set clockgroup [add_wave_group &quot;Clock&quot; -into $designtopgroup]&#xA;## add_wave /apatb_find_max_top/AESL_inst_find_max/ap_clk -into $clockgroup&#xA;## set testbenchgroup [add_wave_group &quot;Test Bench Signals&quot;]&#xA;## set tbinternalsiggroup [add_wave_group &quot;Internal Signals&quot; -into $testbenchgroup]&#xA;## set tb_simstatus_group [add_wave_group &quot;Simulation Status&quot; -into $tbinternalsiggroup]&#xA;## set tb_portdepth_group [add_wave_group &quot;Port Depth&quot; -into $tbinternalsiggroup]&#xA;## add_wave /apatb_find_max_top/AUTOTB_TRANSACTION_NUM -into $tb_simstatus_group -radix hex&#xA;## add_wave /apatb_find_max_top/ready_cnt -into $tb_simstatus_group -radix hex&#xA;## add_wave /apatb_find_max_top/done_cnt -into $tb_simstatus_group -radix hex&#xA;## add_wave /apatb_find_max_top/LENGTH_a_in -into $tb_portdepth_group -radix hex&#xA;## add_wave /apatb_find_max_top/LENGTH_ap_return -into $tb_portdepth_group -radix hex&#xA;## set tbcoutputgroup [add_wave_group &quot;C Outputs&quot; -into $testbenchgroup]&#xA;## set tb_return_group [add_wave_group return(wire) -into $tbcoutputgroup]&#xA;## add_wave /apatb_find_max_top/ap_return -into $tb_return_group -radix hex&#xA;## set tbcinputgroup [add_wave_group &quot;C Inputs&quot; -into $testbenchgroup]&#xA;## set tb_a_in_group [add_wave_group a_in(memory) -into $tbcinputgroup]&#xA;## add_wave /apatb_find_max_top/a_in_q0 -into $tb_a_in_group -radix hex&#xA;## add_wave /apatb_find_max_top/a_in_ce0 -into $tb_a_in_group -color #ffff00 -radix hex&#xA;## add_wave /apatb_find_max_top/a_in_address0 -into $tb_a_in_group -radix hex&#xA;## save_wave_config find_max.wcfg&#xA;## run all&#xA;////////////////////////////////////////////////////////////////////////////////////&#xA;// Inter-Transaction Progress: Completed Transaction / Total Transaction&#xA;// Intra-Transaction Progress: Measured Latency / Latency Estimation * 100%&#xA;//&#xA;// RTL Simulation : &quot;Inter-Transaction Progress&quot; [&quot;Intra-Transaction Progress&quot;] @ &quot;Simulation Time&quot;&#xA;////////////////////////////////////////////////////////////////////////////////////&#xA;// RTL Simulation : 0 / 2 [0.00%] @ &quot;117000&quot;&#xA;// RTL Simulation : 1 / 2 [100.00%] @ &quot;2445000&quot;&#xA;// RTL Simulation : 2 / 2 [100.00%] @ &quot;4767000&quot;&#xA;////////////////////////////////////////////////////////////////////////////////////&#xA;$finish called at time : 4791 ns : File &quot;/home/sokrat/project/learn/Hybridsystem/homework/hw2/lab2_z1/lab2_1_prj/base/sim/verilog/find_max.autotb.v&quot; Line 251&#xA;## quit" projectName="lab2_1_prj" solutionName="base" date="2021-09-29T10:30:59.489+0300" type="Warning"/>
        <logs message="WARNING: [XSIM 43-3431] One or more environment variables have been detected which affect the operation of the C compiler. These are typically not set in standard installations and are not tested by Xilinx, however they may be appropriate for your system, so the flow will attempt to continue.  If errors occur, try running xelab with the &quot;-mt off -v 1&quot; switches to see more information from the C compiler. The following environment variables have been detected:&#xA;    LIBRARY_PATH" projectName="lab2_1_prj" solutionName="base" date="2021-09-29T10:30:13.311+0300" type="Warning"/>
      </simLog>
      <mgLog/>
      <packageLog/>
      <csimLog/>
    </logs>
  </warningLogs>
</vivadoHLSLog:LogRoot>
