<stg><name>foo_b</name>


<trans_list>

<trans id="94" from="1" to="2">
<condition id="-1">
<or_exp><and_exp></and_exp></or_exp>
</condition>
</trans>

<trans id="95" from="2" to="3">
<condition id="-1">
<or_exp><and_exp></and_exp></or_exp>
</condition>
</trans>

<trans id="119" from="3" to="7">
<condition id="-1">
<or_exp><and_exp><literal name="icmp_ln7" val="1"/>
</and_exp></or_exp>
</condition>
</trans>

<trans id="120" from="3" to="4">
<condition id="-1">
<or_exp><and_exp><literal name="icmp_ln7" val="0"/>
</and_exp></or_exp>
</condition>
</trans>

<trans id="116" from="4" to="5">
<condition id="-1">
<or_exp><and_exp></and_exp></or_exp>
</condition>
</trans>

<trans id="117" from="5" to="6">
<condition id="-1">
<or_exp><and_exp></and_exp></or_exp>
</condition>
</trans>

<trans id="118" from="6" to="3">
<condition id="-1">
<or_exp><and_exp></and_exp></or_exp>
</condition>
</trans>

<trans id="102" from="7" to="8">
<condition id="-1">
<or_exp><and_exp></and_exp></or_exp>
</condition>
</trans>

<trans id="103" from="8" to="9">
<condition id="-1">
<or_exp><and_exp></and_exp></or_exp>
</condition>
</trans>

<trans id="125" from="9" to="13">
<condition id="-1">
<or_exp><and_exp><literal name="icmp_ln11" val="1"/>
</and_exp></or_exp>
</condition>
</trans>

<trans id="126" from="9" to="10">
<condition id="-1">
<or_exp><and_exp><literal name="icmp_ln11" val="0"/>
</and_exp></or_exp>
</condition>
</trans>

<trans id="122" from="10" to="11">
<condition id="-1">
<or_exp><and_exp></and_exp></or_exp>
</condition>
</trans>

<trans id="123" from="11" to="12">
<condition id="-1">
<or_exp><and_exp></and_exp></or_exp>
</condition>
</trans>

<trans id="124" from="12" to="9">
<condition id="-1">
<or_exp><and_exp></and_exp></or_exp>
</condition>
</trans>

<trans id="110" from="13" to="14">
<condition id="-1">
<or_exp><and_exp></and_exp></or_exp>
</condition>
</trans>

<trans id="129" from="14" to="16">
<condition id="-1">
<or_exp><and_exp><literal name="icmp_ln14" val="1"/>
</and_exp></or_exp>
</condition>
</trans>

<trans id="130" from="14" to="15">
<condition id="-1">
<or_exp><and_exp><literal name="icmp_ln14" val="0"/>
</and_exp></or_exp>
</condition>
</trans>

<trans id="128" from="15" to="14">
<condition id="-1">
<or_exp><and_exp></and_exp></or_exp>
</condition>
</trans>
</trans_list>



<state_list>

<state id="1" st_id="1">

<operation id="17" st_id="1" stage="1" lat="1">
<core>NULL</core>
<MemPortIdVec></MemPortIdVec>
<condition id="-1">
<or_exp><and_exp></and_exp></or_exp>
</condition>

<Node id="7" bw="2" op_0_bw="32" op_1_bw="64" op_2_bw="64">
<![CDATA[
:3  %scale_addr = getelementptr [3 x i32]* %scale, i64 0, i64 0

]]></Node>
<StgValue><ssdm name="scale_addr"/></StgValue>
</operation>

<operation id="18" st_id="1" stage="1" lat="1">
<core>RAM</core>
<MemPortIdVec></MemPortIdVec>
<condition id="-1">
<or_exp><and_exp></and_exp></or_exp>
</condition>

<Node id="9" bw="32" op_0_bw="64">
<![CDATA[
:5  %temp1 = alloca [16384 x i32], align 16

]]></Node>
<StgValue><ssdm name="temp1"/><MemPortTyVec>2 3 </MemPortTyVec>
</StgValue>
</operation>

<operation id="19" st_id="1" stage="1" lat="1">
<core>RAM</core>
<MemPortIdVec></MemPortIdVec>
<condition id="-1">
<or_exp><and_exp></and_exp></or_exp>
</condition>

<Node id="10" bw="32" op_0_bw="64">
<![CDATA[
:6  %temp2 = alloca [16384 x i32], align 16

]]></Node>
<StgValue><ssdm name="temp2"/><MemPortTyVec>2 3 </MemPortTyVec>
</StgValue>
</operation>

<operation id="20" st_id="1" stage="1" lat="1">
<core>RAM</core>
<MemPortIdVec></MemPortIdVec>
<condition id="-1">
<or_exp><and_exp></and_exp></or_exp>
</condition>

<Node id="11" bw="32" op_0_bw="64">
<![CDATA[
:7  %temp3 = alloca [16384 x i32], align 16

]]></Node>
<StgValue><ssdm name="temp3"/><MemPortTyVec>2 3 </MemPortTyVec>
</StgValue>
</operation>

<operation id="21" st_id="1" stage="1" lat="1">
<core>NULL</core>
<MemPortIdVec></MemPortIdVec>
<condition id="-1">
<or_exp><and_exp></and_exp></or_exp>
</condition>

<Node id="12" bw="2" op_0_bw="32" op_1_bw="64" op_2_bw="64">
<![CDATA[
:8  %scale_addr_1 = getelementptr [3 x i32]* %scale, i64 0, i64 1

]]></Node>
<StgValue><ssdm name="scale_addr_1"/></StgValue>
</operation>

<operation id="22" st_id="1" stage="2" lat="2">
<core>RAM</core>
<MemPortIdVec>0 </MemPortIdVec>
<condition id="-1">
<or_exp><and_exp></and_exp></or_exp>
</condition>

<Node id="13" bw="32" op_0_bw="2">
<![CDATA[
:9  %scale_load = load i32* %scale_addr, align 4

]]></Node>
<StgValue><ssdm name="scale_load"/></StgValue>
</operation>

<operation id="23" st_id="1" stage="2" lat="2">
<core>RAM</core>
<MemPortIdVec>1 </MemPortIdVec>
<condition id="-1">
<or_exp><and_exp></and_exp></or_exp>
</condition>

<Node id="14" bw="32" op_0_bw="2">
<![CDATA[
:10  %scale_load_1 = load i32* %scale_addr_1, align 4

]]></Node>
<StgValue><ssdm name="scale_load_1"/></StgValue>
</operation>
</state>

<state id="2" st_id="2">

<operation id="24" st_id="2" stage="1" lat="1">
<core>NULL</core>
<MemPortIdVec></MemPortIdVec>
<condition id="-1">
<or_exp><and_exp></and_exp></or_exp>
</condition>

<Node id="4" bw="0" op_0_bw="0" op_1_bw="32">
<![CDATA[
:0  call void (...)* @_ssdm_op_SpecBitsMap([16384 x i32]* %data_in) nounwind, !map !7

]]></Node>
<StgValue><ssdm name="specbitsmap_ln0"/></StgValue>
</operation>

<operation id="25" st_id="2" stage="1" lat="1">
<core>NULL</core>
<MemPortIdVec></MemPortIdVec>
<condition id="-1">
<or_exp><and_exp></and_exp></or_exp>
</condition>

<Node id="5" bw="0" op_0_bw="0" op_1_bw="32">
<![CDATA[
:1  call void (...)* @_ssdm_op_SpecBitsMap([3 x i32]* %scale) nounwind, !map !13

]]></Node>
<StgValue><ssdm name="specbitsmap_ln0"/></StgValue>
</operation>

<operation id="26" st_id="2" stage="1" lat="1">
<core>NULL</core>
<MemPortIdVec></MemPortIdVec>
<condition id="-1">
<or_exp><and_exp></and_exp></or_exp>
</condition>

<Node id="6" bw="0" op_0_bw="0" op_1_bw="32">
<![CDATA[
:2  call void (...)* @_ssdm_op_SpecBitsMap([16384 x i32]* %data_out) nounwind, !map !19

]]></Node>
<StgValue><ssdm name="specbitsmap_ln0"/></StgValue>
</operation>

<operation id="27" st_id="2" stage="1" lat="1">
<core>NULL</core>
<MemPortIdVec></MemPortIdVec>
<condition id="-1">
<or_exp><and_exp></and_exp></or_exp>
</condition>

<Node id="8" bw="0" op_0_bw="0" op_1_bw="0">
<![CDATA[
:4  call void (...)* @_ssdm_op_SpecTopModule([6 x i8]* @foo_b_str) nounwind

]]></Node>
<StgValue><ssdm name="spectopmodule_ln0"/></StgValue>
</operation>

<operation id="28" st_id="2" stage="1" lat="2">
<core>RAM</core>
<MemPortIdVec>0 </MemPortIdVec>
<condition id="-1">
<or_exp><and_exp></and_exp></or_exp>
</condition>

<Node id="13" bw="32" op_0_bw="2">
<![CDATA[
:9  %scale_load = load i32* %scale_addr, align 4

]]></Node>
<StgValue><ssdm name="scale_load"/></StgValue>
</operation>

<operation id="29" st_id="2" stage="1" lat="2">
<core>RAM</core>
<MemPortIdVec>1 </MemPortIdVec>
<condition id="-1">
<or_exp><and_exp></and_exp></or_exp>
</condition>

<Node id="14" bw="32" op_0_bw="2">
<![CDATA[
:10  %scale_load_1 = load i32* %scale_addr_1, align 4

]]></Node>
<StgValue><ssdm name="scale_load_1"/></StgValue>
</operation>

<operation id="30" st_id="2" stage="1" lat="1">
<core>NULL</core>
<MemPortIdVec></MemPortIdVec>
<condition id="-1">
<or_exp><and_exp></and_exp></or_exp>
</condition>

<Node id="15" bw="0" op_0_bw="0">
<![CDATA[
:11  br label %1

]]></Node>
<StgValue><ssdm name="br_ln7"/></StgValue>
</operation>
</state>

<state id="3" st_id="3">

<operation id="31" st_id="3" stage="1" lat="1">
<core>NULL</core>
<MemPortIdVec></MemPortIdVec>
<condition id="-1">
<or_exp><and_exp></and_exp></or_exp>
</condition>

<Node id="17" bw="15" op_0_bw="15" op_1_bw="0" op_2_bw="15" op_3_bw="0">
<![CDATA[
:0  %i_0 = phi i15 [ 0, %0 ], [ %i, %Loop1 ]

]]></Node>
<StgValue><ssdm name="i_0"/></StgValue>
</operation>

<operation id="32" st_id="3" stage="1" lat="1">
<core>Cmp</core>
<MemPortIdVec></MemPortIdVec>
<condition id="-1">
<or_exp><and_exp></and_exp></or_exp>
</condition>

<Node id="18" bw="1" op_0_bw="15" op_1_bw="15">
<![CDATA[
:1  %icmp_ln7 = icmp eq i15 %i_0, -16384

]]></Node>
<StgValue><ssdm name="icmp_ln7"/></StgValue>
</operation>

<operation id="33" st_id="3" stage="1" lat="1">
<core>NULL</core>
<MemPortIdVec></MemPortIdVec>
<condition id="-1">
<or_exp><and_exp></and_exp></or_exp>
</condition>

<Node id="19" bw="32" op_0_bw="32" op_1_bw="64" op_2_bw="64" op_3_bw="64">
<![CDATA[
:2  %empty = call i32 (...)* @_ssdm_op_SpecLoopTripCount(i64 16384, i64 16384, i64 16384) nounwind

]]></Node>
<StgValue><ssdm name="empty"/></StgValue>
</operation>

<operation id="34" st_id="3" stage="1" lat="1">
<core>AddSub</core>
<MemPortIdVec></MemPortIdVec>
<condition id="-1">
<or_exp><and_exp></and_exp></or_exp>
</condition>

<Node id="20" bw="15" op_0_bw="15" op_1_bw="15">
<![CDATA[
:3  %i = add i15 %i_0, 1

]]></Node>
<StgValue><ssdm name="i"/></StgValue>
</operation>

<operation id="35" st_id="3" stage="1" lat="1">
<core>NULL</core>
<MemPortIdVec></MemPortIdVec>
<condition id="-1">
<or_exp><and_exp></and_exp></or_exp>
</condition>

<Node id="21" bw="0" op_0_bw="1" op_1_bw="0" op_2_bw="0">
<![CDATA[
:4  br i1 %icmp_ln7, label %.preheader1.preheader, label %Loop1

]]></Node>
<StgValue><ssdm name="br_ln7"/></StgValue>
</operation>

<operation id="36" st_id="3" stage="1" lat="1">
<core>NULL</core>
<MemPortIdVec></MemPortIdVec>
<condition id="-1">
<or_exp><and_exp><literal name="icmp_ln7" val="0"/>
</and_exp></or_exp>
</condition>

<Node id="26" bw="64" op_0_bw="15">
<![CDATA[
Loop1:3  %zext_ln8 = zext i15 %i_0 to i64

]]></Node>
<StgValue><ssdm name="zext_ln8"/></StgValue>
</operation>

<operation id="37" st_id="3" stage="1" lat="1">
<core>NULL</core>
<MemPortIdVec></MemPortIdVec>
<condition id="-1">
<or_exp><and_exp><literal name="icmp_ln7" val="0"/>
</and_exp></or_exp>
</condition>

<Node id="27" bw="14" op_0_bw="32" op_1_bw="64" op_2_bw="64">
<![CDATA[
Loop1:4  %data_in_addr = getelementptr [16384 x i32]* %data_in, i64 0, i64 %zext_ln8

]]></Node>
<StgValue><ssdm name="data_in_addr"/></StgValue>
</operation>

<operation id="38" st_id="3" stage="2" lat="2">
<core>RAM</core>
<MemPortIdVec>0 </MemPortIdVec>
<condition id="-1">
<or_exp><and_exp><literal name="icmp_ln7" val="0"/>
</and_exp></or_exp>
</condition>

<Node id="28" bw="32" op_0_bw="14">
<![CDATA[
Loop1:5  %data_in_load = load i32* %data_in_addr, align 4

]]></Node>
<StgValue><ssdm name="data_in_load"/></StgValue>
</operation>
</state>

<state id="4" st_id="4">

<operation id="39" st_id="4" stage="1" lat="2">
<core>RAM</core>
<MemPortIdVec>0 </MemPortIdVec>
<condition id="-1">
<or_exp><and_exp><literal name="icmp_ln7" val="0"/>
</and_exp></or_exp>
</condition>

<Node id="28" bw="32" op_0_bw="14">
<![CDATA[
Loop1:5  %data_in_load = load i32* %data_in_addr, align 4

]]></Node>
<StgValue><ssdm name="data_in_load"/></StgValue>
</operation>
</state>

<state id="5" st_id="5">

<operation id="40" st_id="5" stage="1" lat="1">
<core>Mul</core>
<MemPortIdVec></MemPortIdVec>
<condition id="-1">
<or_exp><and_exp><literal name="icmp_ln7" val="0"/>
</and_exp></or_exp>
</condition>

<Node id="29" bw="32" op_0_bw="32" op_1_bw="32">
<![CDATA[
Loop1:6  %mul_ln8 = mul nsw i32 %data_in_load, %scale_load

]]></Node>
<StgValue><ssdm name="mul_ln8"/></StgValue>
</operation>

<operation id="41" st_id="5" stage="1" lat="1">
<core>Mul</core>
<MemPortIdVec></MemPortIdVec>
<condition id="-1">
<or_exp><and_exp><literal name="icmp_ln7" val="0"/>
</and_exp></or_exp>
</condition>

<Node id="32" bw="32" op_0_bw="32" op_1_bw="32">
<![CDATA[
Loop1:9  %mul_ln9 = mul nsw i32 %data_in_load, %scale_load_1

]]></Node>
<StgValue><ssdm name="mul_ln9"/></StgValue>
</operation>
</state>

<state id="6" st_id="6">

<operation id="42" st_id="6" stage="1" lat="1">
<core>NULL</core>
<MemPortIdVec></MemPortIdVec>
<condition id="-1">
<or_exp><and_exp><literal name="icmp_ln7" val="0"/>
</and_exp></or_exp>
</condition>

<Node id="23" bw="0" op_0_bw="0" op_1_bw="0">
<![CDATA[
Loop1:0  call void (...)* @_ssdm_op_SpecLoopName([6 x i8]* @p_str) nounwind

]]></Node>
<StgValue><ssdm name="specloopname_ln7"/></StgValue>
</operation>

<operation id="43" st_id="6" stage="1" lat="1">
<core>NULL</core>
<MemPortIdVec></MemPortIdVec>
<condition id="-1">
<or_exp><and_exp><literal name="icmp_ln7" val="0"/>
</and_exp></or_exp>
</condition>

<Node id="24" bw="32" op_0_bw="32" op_1_bw="0">
<![CDATA[
Loop1:1  %tmp = call i32 (...)* @_ssdm_op_SpecRegionBegin([6 x i8]* @p_str) nounwind

]]></Node>
<StgValue><ssdm name="tmp"/></StgValue>
</operation>

<operation id="44" st_id="6" stage="1" lat="1">
<core>NULL</core>
<MemPortIdVec></MemPortIdVec>
<condition id="-1">
<or_exp><and_exp><literal name="icmp_ln7" val="0"/>
</and_exp></or_exp>
</condition>

<Node id="25" bw="0" op_0_bw="0" op_1_bw="32" op_2_bw="32" op_3_bw="32" op_4_bw="32" op_5_bw="0">
<![CDATA[
Loop1:2  call void (...)* @_ssdm_op_SpecPipeline(i32 -1, i32 1, i32 1, i32 0, [1 x i8]* @p_str1) nounwind

]]></Node>
<StgValue><ssdm name="specpipeline_ln8"/></StgValue>
</operation>

<operation id="45" st_id="6" stage="1" lat="1">
<core>NULL</core>
<MemPortIdVec></MemPortIdVec>
<condition id="-1">
<or_exp><and_exp><literal name="icmp_ln7" val="0"/>
</and_exp></or_exp>
</condition>

<Node id="30" bw="14" op_0_bw="32" op_1_bw="64" op_2_bw="64">
<![CDATA[
Loop1:7  %temp1_addr = getelementptr inbounds [16384 x i32]* %temp1, i64 0, i64 %zext_ln8

]]></Node>
<StgValue><ssdm name="temp1_addr"/></StgValue>
</operation>

<operation id="46" st_id="6" stage="1" lat="1">
<core>RAM</core>
<MemPortIdVec>0 </MemPortIdVec>
<condition id="-1">
<or_exp><and_exp><literal name="icmp_ln7" val="0"/>
</and_exp></or_exp>
</condition>

<Node id="31" bw="0" op_0_bw="32" op_1_bw="14">
<![CDATA[
Loop1:8  store i32 %mul_ln8, i32* %temp1_addr, align 4

]]></Node>
<StgValue><ssdm name="store_ln8"/></StgValue>
</operation>

<operation id="47" st_id="6" stage="1" lat="1">
<core>NULL</core>
<MemPortIdVec></MemPortIdVec>
<condition id="-1">
<or_exp><and_exp><literal name="icmp_ln7" val="0"/>
</and_exp></or_exp>
</condition>

<Node id="33" bw="14" op_0_bw="32" op_1_bw="64" op_2_bw="64">
<![CDATA[
Loop1:10  %temp2_addr = getelementptr inbounds [16384 x i32]* %temp2, i64 0, i64 %zext_ln8

]]></Node>
<StgValue><ssdm name="temp2_addr"/></StgValue>
</operation>

<operation id="48" st_id="6" stage="1" lat="1">
<core>RAM</core>
<MemPortIdVec>0 </MemPortIdVec>
<condition id="-1">
<or_exp><and_exp><literal name="icmp_ln7" val="0"/>
</and_exp></or_exp>
</condition>

<Node id="34" bw="0" op_0_bw="32" op_1_bw="14">
<![CDATA[
Loop1:11  store i32 %mul_ln9, i32* %temp2_addr, align 4

]]></Node>
<StgValue><ssdm name="store_ln9"/></StgValue>
</operation>

<operation id="49" st_id="6" stage="1" lat="1">
<core>NULL</core>
<MemPortIdVec></MemPortIdVec>
<condition id="-1">
<or_exp><and_exp><literal name="icmp_ln7" val="0"/>
</and_exp></or_exp>
</condition>

<Node id="35" bw="32" op_0_bw="32" op_1_bw="0" op_2_bw="32">
<![CDATA[
Loop1:12  %empty_3 = call i32 (...)* @_ssdm_op_SpecRegionEnd([6 x i8]* @p_str, i32 %tmp) nounwind

]]></Node>
<StgValue><ssdm name="empty_3"/></StgValue>
</operation>

<operation id="50" st_id="6" stage="1" lat="1">
<core>NULL</core>
<MemPortIdVec></MemPortIdVec>
<condition id="-1">
<or_exp><and_exp><literal name="icmp_ln7" val="0"/>
</and_exp></or_exp>
</condition>

<Node id="36" bw="0" op_0_bw="0">
<![CDATA[
Loop1:13  br label %1

]]></Node>
<StgValue><ssdm name="br_ln7"/></StgValue>
</operation>
</state>

<state id="7" st_id="7">

<operation id="51" st_id="7" stage="1" lat="1">
<core>NULL</core>
<MemPortIdVec></MemPortIdVec>
<condition id="-1">
<or_exp><and_exp></and_exp></or_exp>
</condition>

<Node id="38" bw="2" op_0_bw="32" op_1_bw="64" op_2_bw="64">
<![CDATA[
.preheader1.preheader:0  %scale_addr_2 = getelementptr [3 x i32]* %scale, i64 0, i64 2

]]></Node>
<StgValue><ssdm name="scale_addr_2"/></StgValue>
</operation>

<operation id="52" st_id="7" stage="2" lat="2">
<core>RAM</core>
<MemPortIdVec>0 </MemPortIdVec>
<condition id="-1">
<or_exp><and_exp></and_exp></or_exp>
</condition>

<Node id="39" bw="32" op_0_bw="2">
<![CDATA[
.preheader1.preheader:1  %scale_load_2 = load i32* %scale_addr_2, align 4

]]></Node>
<StgValue><ssdm name="scale_load_2"/></StgValue>
</operation>
</state>

<state id="8" st_id="8">

<operation id="53" st_id="8" stage="1" lat="2">
<core>RAM</core>
<MemPortIdVec>0 </MemPortIdVec>
<condition id="-1">
<or_exp><and_exp></and_exp></or_exp>
</condition>

<Node id="39" bw="32" op_0_bw="2">
<![CDATA[
.preheader1.preheader:1  %scale_load_2 = load i32* %scale_addr_2, align 4

]]></Node>
<StgValue><ssdm name="scale_load_2"/></StgValue>
</operation>

<operation id="54" st_id="8" stage="1" lat="1">
<core>NULL</core>
<MemPortIdVec></MemPortIdVec>
<condition id="-1">
<or_exp><and_exp></and_exp></or_exp>
</condition>

<Node id="40" bw="0" op_0_bw="0">
<![CDATA[
.preheader1.preheader:2  br label %.preheader1

]]></Node>
<StgValue><ssdm name="br_ln11"/></StgValue>
</operation>
</state>

<state id="9" st_id="9">

<operation id="55" st_id="9" stage="1" lat="1">
<core>NULL</core>
<MemPortIdVec></MemPortIdVec>
<condition id="-1">
<or_exp><and_exp></and_exp></or_exp>
</condition>

<Node id="42" bw="15" op_0_bw="15" op_1_bw="0" op_2_bw="15" op_3_bw="0">
<![CDATA[
.preheader1:0  %j_0 = phi i15 [ %j, %Loop2 ], [ 0, %.preheader1.preheader ]

]]></Node>
<StgValue><ssdm name="j_0"/></StgValue>
</operation>

<operation id="56" st_id="9" stage="1" lat="1">
<core>Cmp</core>
<MemPortIdVec></MemPortIdVec>
<condition id="-1">
<or_exp><and_exp></and_exp></or_exp>
</condition>

<Node id="43" bw="1" op_0_bw="15" op_1_bw="15">
<![CDATA[
.preheader1:1  %icmp_ln11 = icmp eq i15 %j_0, -16384

]]></Node>
<StgValue><ssdm name="icmp_ln11"/></StgValue>
</operation>

<operation id="57" st_id="9" stage="1" lat="1">
<core>NULL</core>
<MemPortIdVec></MemPortIdVec>
<condition id="-1">
<or_exp><and_exp></and_exp></or_exp>
</condition>

<Node id="44" bw="32" op_0_bw="32" op_1_bw="64" op_2_bw="64" op_3_bw="64">
<![CDATA[
.preheader1:2  %empty_4 = call i32 (...)* @_ssdm_op_SpecLoopTripCount(i64 16384, i64 16384, i64 16384) nounwind

]]></Node>
<StgValue><ssdm name="empty_4"/></StgValue>
</operation>

<operation id="58" st_id="9" stage="1" lat="1">
<core>AddSub</core>
<MemPortIdVec></MemPortIdVec>
<condition id="-1">
<or_exp><and_exp></and_exp></or_exp>
</condition>

<Node id="45" bw="15" op_0_bw="15" op_1_bw="15">
<![CDATA[
.preheader1:3  %j = add i15 %j_0, 1

]]></Node>
<StgValue><ssdm name="j"/></StgValue>
</operation>

<operation id="59" st_id="9" stage="1" lat="1">
<core>NULL</core>
<MemPortIdVec></MemPortIdVec>
<condition id="-1">
<or_exp><and_exp></and_exp></or_exp>
</condition>

<Node id="46" bw="0" op_0_bw="1" op_1_bw="0" op_2_bw="0">
<![CDATA[
.preheader1:4  br i1 %icmp_ln11, label %.preheader.preheader, label %Loop2

]]></Node>
<StgValue><ssdm name="br_ln11"/></StgValue>
</operation>

<operation id="60" st_id="9" stage="1" lat="1">
<core>NULL</core>
<MemPortIdVec></MemPortIdVec>
<condition id="-1">
<or_exp><and_exp><literal name="icmp_ln11" val="0"/>
</and_exp></or_exp>
</condition>

<Node id="51" bw="64" op_0_bw="15">
<![CDATA[
Loop2:3  %zext_ln12 = zext i15 %j_0 to i64

]]></Node>
<StgValue><ssdm name="zext_ln12"/></StgValue>
</operation>

<operation id="61" st_id="9" stage="1" lat="1">
<core>NULL</core>
<MemPortIdVec></MemPortIdVec>
<condition id="-1">
<or_exp><and_exp><literal name="icmp_ln11" val="0"/>
</and_exp></or_exp>
</condition>

<Node id="52" bw="14" op_0_bw="32" op_1_bw="64" op_2_bw="64">
<![CDATA[
Loop2:4  %temp1_addr_1 = getelementptr inbounds [16384 x i32]* %temp1, i64 0, i64 %zext_ln12

]]></Node>
<StgValue><ssdm name="temp1_addr_1"/></StgValue>
</operation>

<operation id="62" st_id="9" stage="2" lat="2">
<core>RAM</core>
<MemPortIdVec>0 </MemPortIdVec>
<condition id="-1">
<or_exp><and_exp><literal name="icmp_ln11" val="0"/>
</and_exp></or_exp>
</condition>

<Node id="53" bw="32" op_0_bw="14">
<![CDATA[
Loop2:5  %temp1_load = load i32* %temp1_addr_1, align 4

]]></Node>
<StgValue><ssdm name="temp1_load"/></StgValue>
</operation>
</state>

<state id="10" st_id="10">

<operation id="63" st_id="10" stage="1" lat="2">
<core>RAM</core>
<MemPortIdVec>0 </MemPortIdVec>
<condition id="-1">
<or_exp><and_exp><literal name="icmp_ln11" val="0"/>
</and_exp></or_exp>
</condition>

<Node id="53" bw="32" op_0_bw="14">
<![CDATA[
Loop2:5  %temp1_load = load i32* %temp1_addr_1, align 4

]]></Node>
<StgValue><ssdm name="temp1_load"/></StgValue>
</operation>
</state>

<state id="11" st_id="11">

<operation id="64" st_id="11" stage="1" lat="1">
<core>Mul</core>
<MemPortIdVec></MemPortIdVec>
<condition id="-1">
<or_exp><and_exp><literal name="icmp_ln11" val="0"/>
</and_exp></or_exp>
</condition>

<Node id="54" bw="32" op_0_bw="32" op_1_bw="32">
<![CDATA[
Loop2:6  %mul_ln12 = mul nsw i32 %temp1_load, %scale_load_2

]]></Node>
<StgValue><ssdm name="mul_ln12"/></StgValue>
</operation>
</state>

<state id="12" st_id="12">

<operation id="65" st_id="12" stage="1" lat="1">
<core>NULL</core>
<MemPortIdVec></MemPortIdVec>
<condition id="-1">
<or_exp><and_exp><literal name="icmp_ln11" val="0"/>
</and_exp></or_exp>
</condition>

<Node id="48" bw="0" op_0_bw="0" op_1_bw="0">
<![CDATA[
Loop2:0  call void (...)* @_ssdm_op_SpecLoopName([6 x i8]* @p_str2) nounwind

]]></Node>
<StgValue><ssdm name="specloopname_ln11"/></StgValue>
</operation>

<operation id="66" st_id="12" stage="1" lat="1">
<core>NULL</core>
<MemPortIdVec></MemPortIdVec>
<condition id="-1">
<or_exp><and_exp><literal name="icmp_ln11" val="0"/>
</and_exp></or_exp>
</condition>

<Node id="49" bw="32" op_0_bw="32" op_1_bw="0">
<![CDATA[
Loop2:1  %tmp_1 = call i32 (...)* @_ssdm_op_SpecRegionBegin([6 x i8]* @p_str2) nounwind

]]></Node>
<StgValue><ssdm name="tmp_1"/></StgValue>
</operation>

<operation id="67" st_id="12" stage="1" lat="1">
<core>NULL</core>
<MemPortIdVec></MemPortIdVec>
<condition id="-1">
<or_exp><and_exp><literal name="icmp_ln11" val="0"/>
</and_exp></or_exp>
</condition>

<Node id="50" bw="0" op_0_bw="0" op_1_bw="32" op_2_bw="32" op_3_bw="32" op_4_bw="32" op_5_bw="0">
<![CDATA[
Loop2:2  call void (...)* @_ssdm_op_SpecPipeline(i32 -1, i32 1, i32 1, i32 0, [1 x i8]* @p_str1) nounwind

]]></Node>
<StgValue><ssdm name="specpipeline_ln12"/></StgValue>
</operation>

<operation id="68" st_id="12" stage="1" lat="1">
<core>NULL</core>
<MemPortIdVec></MemPortIdVec>
<condition id="-1">
<or_exp><and_exp><literal name="icmp_ln11" val="0"/>
</and_exp></or_exp>
</condition>

<Node id="55" bw="14" op_0_bw="32" op_1_bw="64" op_2_bw="64">
<![CDATA[
Loop2:7  %temp3_addr = getelementptr inbounds [16384 x i32]* %temp3, i64 0, i64 %zext_ln12

]]></Node>
<StgValue><ssdm name="temp3_addr"/></StgValue>
</operation>

<operation id="69" st_id="12" stage="1" lat="1">
<core>RAM</core>
<MemPortIdVec>0 </MemPortIdVec>
<condition id="-1">
<or_exp><and_exp><literal name="icmp_ln11" val="0"/>
</and_exp></or_exp>
</condition>

<Node id="56" bw="0" op_0_bw="32" op_1_bw="14">
<![CDATA[
Loop2:8  store i32 %mul_ln12, i32* %temp3_addr, align 4

]]></Node>
<StgValue><ssdm name="store_ln12"/></StgValue>
</operation>

<operation id="70" st_id="12" stage="1" lat="1">
<core>NULL</core>
<MemPortIdVec></MemPortIdVec>
<condition id="-1">
<or_exp><and_exp><literal name="icmp_ln11" val="0"/>
</and_exp></or_exp>
</condition>

<Node id="57" bw="32" op_0_bw="32" op_1_bw="0" op_2_bw="32">
<![CDATA[
Loop2:9  %empty_5 = call i32 (...)* @_ssdm_op_SpecRegionEnd([6 x i8]* @p_str2, i32 %tmp_1) nounwind

]]></Node>
<StgValue><ssdm name="empty_5"/></StgValue>
</operation>

<operation id="71" st_id="12" stage="1" lat="1">
<core>NULL</core>
<MemPortIdVec></MemPortIdVec>
<condition id="-1">
<or_exp><and_exp><literal name="icmp_ln11" val="0"/>
</and_exp></or_exp>
</condition>

<Node id="58" bw="0" op_0_bw="0">
<![CDATA[
Loop2:10  br label %.preheader1

]]></Node>
<StgValue><ssdm name="br_ln11"/></StgValue>
</operation>
</state>

<state id="13" st_id="13">

<operation id="72" st_id="13" stage="1" lat="1">
<core>NULL</core>
<MemPortIdVec></MemPortIdVec>
<condition id="-1">
<or_exp><and_exp></and_exp></or_exp>
</condition>

<Node id="60" bw="0" op_0_bw="0">
<![CDATA[
.preheader.preheader:0  br label %.preheader

]]></Node>
<StgValue><ssdm name="br_ln14"/></StgValue>
</operation>
</state>

<state id="14" st_id="14">

<operation id="73" st_id="14" stage="1" lat="1">
<core>NULL</core>
<MemPortIdVec></MemPortIdVec>
<condition id="-1">
<or_exp><and_exp></and_exp></or_exp>
</condition>

<Node id="62" bw="15" op_0_bw="15" op_1_bw="0" op_2_bw="15" op_3_bw="0">
<![CDATA[
.preheader:0  %k_0 = phi i15 [ %k, %Loop3 ], [ 0, %.preheader.preheader ]

]]></Node>
<StgValue><ssdm name="k_0"/></StgValue>
</operation>

<operation id="74" st_id="14" stage="1" lat="1">
<core>Cmp</core>
<MemPortIdVec></MemPortIdVec>
<condition id="-1">
<or_exp><and_exp></and_exp></or_exp>
</condition>

<Node id="63" bw="1" op_0_bw="15" op_1_bw="15">
<![CDATA[
.preheader:1  %icmp_ln14 = icmp eq i15 %k_0, -16384

]]></Node>
<StgValue><ssdm name="icmp_ln14"/></StgValue>
</operation>

<operation id="75" st_id="14" stage="1" lat="1">
<core>NULL</core>
<MemPortIdVec></MemPortIdVec>
<condition id="-1">
<or_exp><and_exp></and_exp></or_exp>
</condition>

<Node id="64" bw="32" op_0_bw="32" op_1_bw="64" op_2_bw="64" op_3_bw="64">
<![CDATA[
.preheader:2  %empty_6 = call i32 (...)* @_ssdm_op_SpecLoopTripCount(i64 16384, i64 16384, i64 16384) nounwind

]]></Node>
<StgValue><ssdm name="empty_6"/></StgValue>
</operation>

<operation id="76" st_id="14" stage="1" lat="1">
<core>AddSub</core>
<MemPortIdVec></MemPortIdVec>
<condition id="-1">
<or_exp><and_exp></and_exp></or_exp>
</condition>

<Node id="65" bw="15" op_0_bw="15" op_1_bw="15">
<![CDATA[
.preheader:3  %k = add i15 %k_0, 1

]]></Node>
<StgValue><ssdm name="k"/></StgValue>
</operation>

<operation id="77" st_id="14" stage="1" lat="1">
<core>NULL</core>
<MemPortIdVec></MemPortIdVec>
<condition id="-1">
<or_exp><and_exp></and_exp></or_exp>
</condition>

<Node id="66" bw="0" op_0_bw="1" op_1_bw="0" op_2_bw="0">
<![CDATA[
.preheader:4  br i1 %icmp_ln14, label %2, label %Loop3

]]></Node>
<StgValue><ssdm name="br_ln14"/></StgValue>
</operation>

<operation id="78" st_id="14" stage="1" lat="1">
<core>NULL</core>
<MemPortIdVec></MemPortIdVec>
<condition id="-1">
<or_exp><and_exp><literal name="icmp_ln14" val="0"/>
</and_exp></or_exp>
</condition>

<Node id="71" bw="64" op_0_bw="15">
<![CDATA[
Loop3:3  %zext_ln15 = zext i15 %k_0 to i64

]]></Node>
<StgValue><ssdm name="zext_ln15"/></StgValue>
</operation>

<operation id="79" st_id="14" stage="1" lat="1">
<core>NULL</core>
<MemPortIdVec></MemPortIdVec>
<condition id="-1">
<or_exp><and_exp><literal name="icmp_ln14" val="0"/>
</and_exp></or_exp>
</condition>

<Node id="72" bw="14" op_0_bw="32" op_1_bw="64" op_2_bw="64">
<![CDATA[
Loop3:4  %temp2_addr_1 = getelementptr inbounds [16384 x i32]* %temp2, i64 0, i64 %zext_ln15

]]></Node>
<StgValue><ssdm name="temp2_addr_1"/></StgValue>
</operation>

<operation id="80" st_id="14" stage="2" lat="2">
<core>RAM</core>
<MemPortIdVec>0 </MemPortIdVec>
<condition id="-1">
<or_exp><and_exp><literal name="icmp_ln14" val="0"/>
</and_exp></or_exp>
</condition>

<Node id="73" bw="32" op_0_bw="14">
<![CDATA[
Loop3:5  %temp2_load = load i32* %temp2_addr_1, align 4

]]></Node>
<StgValue><ssdm name="temp2_load"/></StgValue>
</operation>

<operation id="81" st_id="14" stage="1" lat="1">
<core>NULL</core>
<MemPortIdVec></MemPortIdVec>
<condition id="-1">
<or_exp><and_exp><literal name="icmp_ln14" val="0"/>
</and_exp></or_exp>
</condition>

<Node id="74" bw="14" op_0_bw="32" op_1_bw="64" op_2_bw="64">
<![CDATA[
Loop3:6  %temp3_addr_1 = getelementptr inbounds [16384 x i32]* %temp3, i64 0, i64 %zext_ln15

]]></Node>
<StgValue><ssdm name="temp3_addr_1"/></StgValue>
</operation>

<operation id="82" st_id="14" stage="2" lat="2">
<core>RAM</core>
<MemPortIdVec>0 </MemPortIdVec>
<condition id="-1">
<or_exp><and_exp><literal name="icmp_ln14" val="0"/>
</and_exp></or_exp>
</condition>

<Node id="75" bw="32" op_0_bw="14">
<![CDATA[
Loop3:7  %temp3_load = load i32* %temp3_addr_1, align 4

]]></Node>
<StgValue><ssdm name="temp3_load"/></StgValue>
</operation>
</state>

<state id="15" st_id="15">

<operation id="83" st_id="15" stage="1" lat="1">
<core>NULL</core>
<MemPortIdVec></MemPortIdVec>
<condition id="-1">
<or_exp><and_exp><literal name="icmp_ln14" val="0"/>
</and_exp></or_exp>
</condition>

<Node id="68" bw="0" op_0_bw="0" op_1_bw="0">
<![CDATA[
Loop3:0  call void (...)* @_ssdm_op_SpecLoopName([6 x i8]* @p_str3) nounwind

]]></Node>
<StgValue><ssdm name="specloopname_ln14"/></StgValue>
</operation>

<operation id="84" st_id="15" stage="1" lat="1">
<core>NULL</core>
<MemPortIdVec></MemPortIdVec>
<condition id="-1">
<or_exp><and_exp><literal name="icmp_ln14" val="0"/>
</and_exp></or_exp>
</condition>

<Node id="69" bw="32" op_0_bw="32" op_1_bw="0">
<![CDATA[
Loop3:1  %tmp_2 = call i32 (...)* @_ssdm_op_SpecRegionBegin([6 x i8]* @p_str3) nounwind

]]></Node>
<StgValue><ssdm name="tmp_2"/></StgValue>
</operation>

<operation id="85" st_id="15" stage="1" lat="1">
<core>NULL</core>
<MemPortIdVec></MemPortIdVec>
<condition id="-1">
<or_exp><and_exp><literal name="icmp_ln14" val="0"/>
</and_exp></or_exp>
</condition>

<Node id="70" bw="0" op_0_bw="0" op_1_bw="32" op_2_bw="32" op_3_bw="32" op_4_bw="32" op_5_bw="0">
<![CDATA[
Loop3:2  call void (...)* @_ssdm_op_SpecPipeline(i32 -1, i32 1, i32 1, i32 0, [1 x i8]* @p_str1) nounwind

]]></Node>
<StgValue><ssdm name="specpipeline_ln15"/></StgValue>
</operation>

<operation id="86" st_id="15" stage="1" lat="2">
<core>RAM</core>
<MemPortIdVec>0 </MemPortIdVec>
<condition id="-1">
<or_exp><and_exp><literal name="icmp_ln14" val="0"/>
</and_exp></or_exp>
</condition>

<Node id="73" bw="32" op_0_bw="14">
<![CDATA[
Loop3:5  %temp2_load = load i32* %temp2_addr_1, align 4

]]></Node>
<StgValue><ssdm name="temp2_load"/></StgValue>
</operation>

<operation id="87" st_id="15" stage="1" lat="2">
<core>RAM</core>
<MemPortIdVec>0 </MemPortIdVec>
<condition id="-1">
<or_exp><and_exp><literal name="icmp_ln14" val="0"/>
</and_exp></or_exp>
</condition>

<Node id="75" bw="32" op_0_bw="14">
<![CDATA[
Loop3:7  %temp3_load = load i32* %temp3_addr_1, align 4

]]></Node>
<StgValue><ssdm name="temp3_load"/></StgValue>
</operation>

<operation id="88" st_id="15" stage="1" lat="1">
<core>AddSub</core>
<MemPortIdVec></MemPortIdVec>
<condition id="-1">
<or_exp><and_exp><literal name="icmp_ln14" val="0"/>
</and_exp></or_exp>
</condition>

<Node id="76" bw="32" op_0_bw="32" op_1_bw="32">
<![CDATA[
Loop3:8  %add_ln15 = add nsw i32 %temp2_load, %temp3_load

]]></Node>
<StgValue><ssdm name="add_ln15"/></StgValue>
</operation>

<operation id="89" st_id="15" stage="1" lat="1">
<core>NULL</core>
<MemPortIdVec></MemPortIdVec>
<condition id="-1">
<or_exp><and_exp><literal name="icmp_ln14" val="0"/>
</and_exp></or_exp>
</condition>

<Node id="77" bw="14" op_0_bw="32" op_1_bw="64" op_2_bw="64">
<![CDATA[
Loop3:9  %data_out_addr = getelementptr [16384 x i32]* %data_out, i64 0, i64 %zext_ln15

]]></Node>
<StgValue><ssdm name="data_out_addr"/></StgValue>
</operation>

<operation id="90" st_id="15" stage="1" lat="1">
<core>RAM</core>
<MemPortIdVec>0 </MemPortIdVec>
<condition id="-1">
<or_exp><and_exp><literal name="icmp_ln14" val="0"/>
</and_exp></or_exp>
</condition>

<Node id="78" bw="0" op_0_bw="32" op_1_bw="14">
<![CDATA[
Loop3:10  store i32 %add_ln15, i32* %data_out_addr, align 4

]]></Node>
<StgValue><ssdm name="store_ln15"/></StgValue>
</operation>

<operation id="91" st_id="15" stage="1" lat="1">
<core>NULL</core>
<MemPortIdVec></MemPortIdVec>
<condition id="-1">
<or_exp><and_exp><literal name="icmp_ln14" val="0"/>
</and_exp></or_exp>
</condition>

<Node id="79" bw="32" op_0_bw="32" op_1_bw="0" op_2_bw="32">
<![CDATA[
Loop3:11  %empty_7 = call i32 (...)* @_ssdm_op_SpecRegionEnd([6 x i8]* @p_str3, i32 %tmp_2) nounwind

]]></Node>
<StgValue><ssdm name="empty_7"/></StgValue>
</operation>

<operation id="92" st_id="15" stage="1" lat="1">
<core>NULL</core>
<MemPortIdVec></MemPortIdVec>
<condition id="-1">
<or_exp><and_exp><literal name="icmp_ln14" val="0"/>
</and_exp></or_exp>
</condition>

<Node id="80" bw="0" op_0_bw="0">
<![CDATA[
Loop3:12  br label %.preheader

]]></Node>
<StgValue><ssdm name="br_ln14"/></StgValue>
</operation>
</state>

<state id="16" st_id="16">

<operation id="93" st_id="16" stage="1" lat="1">
<core>NULL</core>
<MemPortIdVec></MemPortIdVec>
<condition id="-1">
<or_exp><and_exp></and_exp></or_exp>
</condition>

<Node id="82" bw="0">
<![CDATA[
:0  ret void

]]></Node>
<StgValue><ssdm name="ret_ln17"/></StgValue>
</operation>
</state>
</state_list>


<ports>
<port id="131" name="data_in" dir="0" iftype="1">
<core>RAM</core><StgValue><ssdm name="data_in"/><MemPortTyVec>1 3 </MemPortTyVec>
</StgValue>
</port>
<port id="132" name="scale" dir="0" iftype="1">
<core>RAM</core><StgValue><ssdm name="scale"/><MemPortTyVec>1 1 </MemPortTyVec>
</StgValue>
</port>
<port id="133" name="data_out" dir="1" iftype="1">
<core>RAM</core><StgValue><ssdm name="data_out"/><MemPortTyVec>0 3 </MemPortTyVec>
</StgValue>
</port>
</ports>


<dataflows>
<dataflow id="134" from="scale" to="scale_addr" fromId="132" toId="17">
</dataflow>
<dataflow id="136" from="StgValue_135" to="scale_addr" fromId="135" toId="17">
</dataflow>
<dataflow id="137" from="StgValue_135" to="scale_addr" fromId="135" toId="17">
</dataflow>
<dataflow id="139" from="StgValue_138" to="temp1" fromId="138" toId="18">
</dataflow>
<dataflow id="140" from="StgValue_138" to="temp2" fromId="138" toId="19">
</dataflow>
<dataflow id="141" from="StgValue_138" to="temp3" fromId="138" toId="20">
</dataflow>
<dataflow id="142" from="scale" to="scale_addr_1" fromId="132" toId="21">
</dataflow>
<dataflow id="143" from="StgValue_135" to="scale_addr_1" fromId="135" toId="21">
</dataflow>
<dataflow id="144" from="StgValue_138" to="scale_addr_1" fromId="138" toId="21">
</dataflow>
<dataflow id="145" from="scale_addr" to="scale_load" fromId="17" toId="22">
</dataflow>
<dataflow id="146" from="scale_addr_1" to="scale_load_1" fromId="21" toId="23">
</dataflow>
<dataflow id="148" from="_ssdm_op_SpecBitsMap" to="specbitsmap_ln0" fromId="147" toId="24">
</dataflow>
<dataflow id="149" from="data_in" to="specbitsmap_ln0" fromId="131" toId="24">
</dataflow>
<dataflow id="150" from="_ssdm_op_SpecBitsMap" to="specbitsmap_ln0" fromId="147" toId="25">
</dataflow>
<dataflow id="151" from="scale" to="specbitsmap_ln0" fromId="132" toId="25">
</dataflow>
<dataflow id="152" from="_ssdm_op_SpecBitsMap" to="specbitsmap_ln0" fromId="147" toId="26">
</dataflow>
<dataflow id="153" from="data_out" to="specbitsmap_ln0" fromId="133" toId="26">
</dataflow>
<dataflow id="155" from="_ssdm_op_SpecTopModule" to="spectopmodule_ln0" fromId="154" toId="27">
</dataflow>
<dataflow id="157" from="foo_b_str" to="spectopmodule_ln0" fromId="156" toId="27">
</dataflow>
<dataflow id="158" from="scale_addr" to="scale_load" fromId="17" toId="28">
</dataflow>
<dataflow id="159" from="scale_addr_1" to="scale_load_1" fromId="21" toId="29">
</dataflow>
<dataflow id="161" from="StgValue_160" to="i_0" fromId="160" toId="31">
<condition id="-1">
<or_exp><and_exp></and_exp></or_exp>
</condition>
</dataflow>
<dataflow id="162" from="br_ln7" to="i_0" fromId="30" toId="31">
</dataflow>
<dataflow id="163" from="i" to="i_0" fromId="34" toId="31">
<BackEdge/>
<condition id="-1">
<or_exp><and_exp><literal name="icmp_ln7" val="0"/>
</and_exp></or_exp>
</condition>
</dataflow>
<dataflow id="164" from="br_ln7" to="i_0" fromId="50" toId="31">
<BackEdge/>
</dataflow>
<dataflow id="165" from="i_0" to="icmp_ln7" fromId="31" toId="32">
</dataflow>
<dataflow id="167" from="StgValue_166" to="icmp_ln7" fromId="166" toId="32">
</dataflow>
<dataflow id="169" from="_ssdm_op_SpecLoopTripCount" to="empty" fromId="168" toId="33">
</dataflow>
<dataflow id="171" from="StgValue_170" to="empty" fromId="170" toId="33">
</dataflow>
<dataflow id="172" from="StgValue_170" to="empty" fromId="170" toId="33">
</dataflow>
<dataflow id="173" from="StgValue_170" to="empty" fromId="170" toId="33">
</dataflow>
<dataflow id="174" from="i_0" to="i" fromId="31" toId="34">
</dataflow>
<dataflow id="176" from="StgValue_175" to="i" fromId="175" toId="34">
</dataflow>
<dataflow id="177" from="icmp_ln7" to="br_ln7" fromId="32" toId="35">
</dataflow>
<dataflow id="178" from="i_0" to="zext_ln8" fromId="31" toId="36">
</dataflow>
<dataflow id="179" from="data_in" to="data_in_addr" fromId="131" toId="37">
</dataflow>
<dataflow id="180" from="StgValue_135" to="data_in_addr" fromId="135" toId="37">
</dataflow>
<dataflow id="181" from="zext_ln8" to="data_in_addr" fromId="36" toId="37">
</dataflow>
<dataflow id="182" from="data_in_addr" to="data_in_load" fromId="37" toId="38">
</dataflow>
<dataflow id="183" from="data_in_addr" to="data_in_load" fromId="37" toId="39">
</dataflow>
<dataflow id="184" from="data_in_load" to="mul_ln8" fromId="39" toId="40">
</dataflow>
<dataflow id="185" from="scale_load" to="mul_ln8" fromId="28" toId="40">
</dataflow>
<dataflow id="186" from="data_in_load" to="mul_ln9" fromId="39" toId="41">
</dataflow>
<dataflow id="187" from="scale_load_1" to="mul_ln9" fromId="29" toId="41">
</dataflow>
<dataflow id="189" from="_ssdm_op_SpecLoopName" to="specloopname_ln7" fromId="188" toId="42">
</dataflow>
<dataflow id="191" from="p_str" to="specloopname_ln7" fromId="190" toId="42">
</dataflow>
<dataflow id="193" from="_ssdm_op_SpecRegionBegin" to="tmp" fromId="192" toId="43">
</dataflow>
<dataflow id="194" from="p_str" to="tmp" fromId="190" toId="43">
</dataflow>
<dataflow id="196" from="_ssdm_op_SpecPipeline" to="specpipeline_ln8" fromId="195" toId="44">
</dataflow>
<dataflow id="198" from="StgValue_197" to="specpipeline_ln8" fromId="197" toId="44">
</dataflow>
<dataflow id="200" from="StgValue_199" to="specpipeline_ln8" fromId="199" toId="44">
</dataflow>
<dataflow id="201" from="StgValue_199" to="specpipeline_ln8" fromId="199" toId="44">
</dataflow>
<dataflow id="203" from="StgValue_202" to="specpipeline_ln8" fromId="202" toId="44">
</dataflow>
<dataflow id="205" from="p_str1" to="specpipeline_ln8" fromId="204" toId="44">
</dataflow>
<dataflow id="206" from="temp1" to="temp1_addr" fromId="18" toId="45">
</dataflow>
<dataflow id="207" from="StgValue_135" to="temp1_addr" fromId="135" toId="45">
</dataflow>
<dataflow id="208" from="zext_ln8" to="temp1_addr" fromId="36" toId="45">
</dataflow>
<dataflow id="209" from="mul_ln8" to="store_ln8" fromId="40" toId="46">
</dataflow>
<dataflow id="210" from="temp1_addr" to="store_ln8" fromId="45" toId="46">
</dataflow>
<dataflow id="211" from="temp2" to="temp2_addr" fromId="19" toId="47">
</dataflow>
<dataflow id="212" from="StgValue_135" to="temp2_addr" fromId="135" toId="47">
</dataflow>
<dataflow id="213" from="zext_ln8" to="temp2_addr" fromId="36" toId="47">
</dataflow>
<dataflow id="214" from="mul_ln9" to="store_ln9" fromId="41" toId="48">
</dataflow>
<dataflow id="215" from="temp2_addr" to="store_ln9" fromId="47" toId="48">
</dataflow>
<dataflow id="217" from="_ssdm_op_SpecRegionEnd" to="empty_3" fromId="216" toId="49">
</dataflow>
<dataflow id="218" from="p_str" to="empty_3" fromId="190" toId="49">
</dataflow>
<dataflow id="219" from="tmp" to="empty_3" fromId="43" toId="49">
</dataflow>
<dataflow id="220" from="scale" to="scale_addr_2" fromId="132" toId="51">
</dataflow>
<dataflow id="221" from="StgValue_135" to="scale_addr_2" fromId="135" toId="51">
</dataflow>
<dataflow id="223" from="StgValue_222" to="scale_addr_2" fromId="222" toId="51">
</dataflow>
<dataflow id="224" from="scale_addr_2" to="scale_load_2" fromId="51" toId="52">
</dataflow>
<dataflow id="225" from="scale_addr_2" to="scale_load_2" fromId="51" toId="53">
</dataflow>
<dataflow id="226" from="j" to="j_0" fromId="58" toId="55">
<BackEdge/>
<condition id="-1">
<or_exp><and_exp><literal name="icmp_ln11" val="0"/>
</and_exp></or_exp>
</condition>
</dataflow>
<dataflow id="227" from="br_ln11" to="j_0" fromId="71" toId="55">
<BackEdge/>
</dataflow>
<dataflow id="228" from="StgValue_160" to="j_0" fromId="160" toId="55">
<condition id="-1">
<or_exp><and_exp></and_exp></or_exp>
</condition>
</dataflow>
<dataflow id="229" from="br_ln11" to="j_0" fromId="54" toId="55">
</dataflow>
<dataflow id="230" from="j_0" to="icmp_ln11" fromId="55" toId="56">
</dataflow>
<dataflow id="231" from="StgValue_166" to="icmp_ln11" fromId="166" toId="56">
</dataflow>
<dataflow id="232" from="_ssdm_op_SpecLoopTripCount" to="empty_4" fromId="168" toId="57">
</dataflow>
<dataflow id="233" from="StgValue_170" to="empty_4" fromId="170" toId="57">
</dataflow>
<dataflow id="234" from="StgValue_170" to="empty_4" fromId="170" toId="57">
</dataflow>
<dataflow id="235" from="StgValue_170" to="empty_4" fromId="170" toId="57">
</dataflow>
<dataflow id="236" from="j_0" to="j" fromId="55" toId="58">
</dataflow>
<dataflow id="237" from="StgValue_175" to="j" fromId="175" toId="58">
</dataflow>
<dataflow id="238" from="icmp_ln11" to="br_ln11" fromId="56" toId="59">
</dataflow>
<dataflow id="239" from="j_0" to="zext_ln12" fromId="55" toId="60">
</dataflow>
<dataflow id="240" from="temp1" to="temp1_addr_1" fromId="18" toId="61">
</dataflow>
<dataflow id="241" from="StgValue_135" to="temp1_addr_1" fromId="135" toId="61">
</dataflow>
<dataflow id="242" from="zext_ln12" to="temp1_addr_1" fromId="60" toId="61">
</dataflow>
<dataflow id="243" from="temp1_addr_1" to="temp1_load" fromId="61" toId="62">
</dataflow>
<dataflow id="244" from="temp1_addr_1" to="temp1_load" fromId="61" toId="63">
</dataflow>
<dataflow id="245" from="temp1_load" to="mul_ln12" fromId="63" toId="64">
</dataflow>
<dataflow id="246" from="scale_load_2" to="mul_ln12" fromId="53" toId="64">
</dataflow>
<dataflow id="247" from="_ssdm_op_SpecLoopName" to="specloopname_ln11" fromId="188" toId="65">
</dataflow>
<dataflow id="249" from="p_str2" to="specloopname_ln11" fromId="248" toId="65">
</dataflow>
<dataflow id="250" from="_ssdm_op_SpecRegionBegin" to="tmp_1" fromId="192" toId="66">
</dataflow>
<dataflow id="251" from="p_str2" to="tmp_1" fromId="248" toId="66">
</dataflow>
<dataflow id="252" from="_ssdm_op_SpecPipeline" to="specpipeline_ln12" fromId="195" toId="67">
</dataflow>
<dataflow id="253" from="StgValue_197" to="specpipeline_ln12" fromId="197" toId="67">
</dataflow>
<dataflow id="254" from="StgValue_199" to="specpipeline_ln12" fromId="199" toId="67">
</dataflow>
<dataflow id="255" from="StgValue_199" to="specpipeline_ln12" fromId="199" toId="67">
</dataflow>
<dataflow id="256" from="StgValue_202" to="specpipeline_ln12" fromId="202" toId="67">
</dataflow>
<dataflow id="257" from="p_str1" to="specpipeline_ln12" fromId="204" toId="67">
</dataflow>
<dataflow id="258" from="temp3" to="temp3_addr" fromId="20" toId="68">
</dataflow>
<dataflow id="259" from="StgValue_135" to="temp3_addr" fromId="135" toId="68">
</dataflow>
<dataflow id="260" from="zext_ln12" to="temp3_addr" fromId="60" toId="68">
</dataflow>
<dataflow id="261" from="mul_ln12" to="store_ln12" fromId="64" toId="69">
</dataflow>
<dataflow id="262" from="temp3_addr" to="store_ln12" fromId="68" toId="69">
</dataflow>
<dataflow id="263" from="_ssdm_op_SpecRegionEnd" to="empty_5" fromId="216" toId="70">
</dataflow>
<dataflow id="264" from="p_str2" to="empty_5" fromId="248" toId="70">
</dataflow>
<dataflow id="265" from="tmp_1" to="empty_5" fromId="66" toId="70">
</dataflow>
<dataflow id="266" from="k" to="k_0" fromId="76" toId="73">
<BackEdge/>
<condition id="-1">
<or_exp><and_exp><literal name="icmp_ln14" val="0"/>
</and_exp></or_exp>
</condition>
</dataflow>
<dataflow id="267" from="br_ln14" to="k_0" fromId="92" toId="73">
<BackEdge/>
</dataflow>
<dataflow id="268" from="StgValue_160" to="k_0" fromId="160" toId="73">
<condition id="-1">
<or_exp><and_exp></and_exp></or_exp>
</condition>
</dataflow>
<dataflow id="269" from="br_ln14" to="k_0" fromId="72" toId="73">
</dataflow>
<dataflow id="270" from="k_0" to="icmp_ln14" fromId="73" toId="74">
</dataflow>
<dataflow id="271" from="StgValue_166" to="icmp_ln14" fromId="166" toId="74">
</dataflow>
<dataflow id="272" from="_ssdm_op_SpecLoopTripCount" to="empty_6" fromId="168" toId="75">
</dataflow>
<dataflow id="273" from="StgValue_170" to="empty_6" fromId="170" toId="75">
</dataflow>
<dataflow id="274" from="StgValue_170" to="empty_6" fromId="170" toId="75">
</dataflow>
<dataflow id="275" from="StgValue_170" to="empty_6" fromId="170" toId="75">
</dataflow>
<dataflow id="276" from="k_0" to="k" fromId="73" toId="76">
</dataflow>
<dataflow id="277" from="StgValue_175" to="k" fromId="175" toId="76">
</dataflow>
<dataflow id="278" from="icmp_ln14" to="br_ln14" fromId="74" toId="77">
</dataflow>
<dataflow id="279" from="k_0" to="zext_ln15" fromId="73" toId="78">
</dataflow>
<dataflow id="280" from="temp2" to="temp2_addr_1" fromId="19" toId="79">
</dataflow>
<dataflow id="281" from="StgValue_135" to="temp2_addr_1" fromId="135" toId="79">
</dataflow>
<dataflow id="282" from="zext_ln15" to="temp2_addr_1" fromId="78" toId="79">
</dataflow>
<dataflow id="283" from="temp2_addr_1" to="temp2_load" fromId="79" toId="80">
</dataflow>
<dataflow id="284" from="temp3" to="temp3_addr_1" fromId="20" toId="81">
</dataflow>
<dataflow id="285" from="StgValue_135" to="temp3_addr_1" fromId="135" toId="81">
</dataflow>
<dataflow id="286" from="zext_ln15" to="temp3_addr_1" fromId="78" toId="81">
</dataflow>
<dataflow id="287" from="temp3_addr_1" to="temp3_load" fromId="81" toId="82">
</dataflow>
<dataflow id="288" from="_ssdm_op_SpecLoopName" to="specloopname_ln14" fromId="188" toId="83">
</dataflow>
<dataflow id="290" from="p_str3" to="specloopname_ln14" fromId="289" toId="83">
</dataflow>
<dataflow id="291" from="_ssdm_op_SpecRegionBegin" to="tmp_2" fromId="192" toId="84">
</dataflow>
<dataflow id="292" from="p_str3" to="tmp_2" fromId="289" toId="84">
</dataflow>
<dataflow id="293" from="_ssdm_op_SpecPipeline" to="specpipeline_ln15" fromId="195" toId="85">
</dataflow>
<dataflow id="294" from="StgValue_197" to="specpipeline_ln15" fromId="197" toId="85">
</dataflow>
<dataflow id="295" from="StgValue_199" to="specpipeline_ln15" fromId="199" toId="85">
</dataflow>
<dataflow id="296" from="StgValue_199" to="specpipeline_ln15" fromId="199" toId="85">
</dataflow>
<dataflow id="297" from="StgValue_202" to="specpipeline_ln15" fromId="202" toId="85">
</dataflow>
<dataflow id="298" from="p_str1" to="specpipeline_ln15" fromId="204" toId="85">
</dataflow>
<dataflow id="299" from="temp2_addr_1" to="temp2_load" fromId="79" toId="86">
</dataflow>
<dataflow id="300" from="temp3_addr_1" to="temp3_load" fromId="81" toId="87">
</dataflow>
<dataflow id="301" from="temp2_load" to="add_ln15" fromId="86" toId="88">
</dataflow>
<dataflow id="302" from="temp3_load" to="add_ln15" fromId="87" toId="88">
</dataflow>
<dataflow id="303" from="data_out" to="data_out_addr" fromId="133" toId="89">
</dataflow>
<dataflow id="304" from="StgValue_135" to="data_out_addr" fromId="135" toId="89">
</dataflow>
<dataflow id="305" from="zext_ln15" to="data_out_addr" fromId="78" toId="89">
</dataflow>
<dataflow id="306" from="add_ln15" to="store_ln15" fromId="88" toId="90">
</dataflow>
<dataflow id="307" from="data_out_addr" to="store_ln15" fromId="89" toId="90">
</dataflow>
<dataflow id="308" from="_ssdm_op_SpecRegionEnd" to="empty_7" fromId="216" toId="91">
</dataflow>
<dataflow id="309" from="p_str3" to="empty_7" fromId="289" toId="91">
</dataflow>
<dataflow id="310" from="tmp_2" to="empty_7" fromId="84" toId="91">
</dataflow>
<dataflow id="311" from="icmp_ln7" to="StgValue_3" fromId="32" toId="3">
</dataflow>
<dataflow id="312" from="icmp_ln7" to="StgValue_4" fromId="32" toId="4">
</dataflow>
<dataflow id="313" from="icmp_ln7" to="StgValue_5" fromId="32" toId="5">
</dataflow>
<dataflow id="314" from="icmp_ln7" to="StgValue_6" fromId="32" toId="6">
</dataflow>
<dataflow id="315" from="icmp_ln11" to="StgValue_9" fromId="56" toId="9">
</dataflow>
<dataflow id="316" from="icmp_ln11" to="StgValue_10" fromId="56" toId="10">
</dataflow>
<dataflow id="317" from="icmp_ln11" to="StgValue_11" fromId="56" toId="11">
</dataflow>
<dataflow id="318" from="icmp_ln11" to="StgValue_12" fromId="56" toId="12">
</dataflow>
<dataflow id="319" from="icmp_ln14" to="StgValue_14" fromId="74" toId="14">
</dataflow>
<dataflow id="320" from="icmp_ln14" to="StgValue_15" fromId="74" toId="15">
</dataflow>
</dataflows>


</stg>
