<profile>

<section name = "Vivado HLS Report for 'foo_b'" level="0">
<item name = "Date">Sun Nov  7 14:13:01 2021
</item>
<item name = "Version">2020.1 (Build 2897737 on Wed May 27 20:21:37 MDT 2020)</item>
<item name = "Project">lab4_z4b_prj</item>
<item name = "Solution">sol1</item>
<item name = "Product family">artix7</item>
<item name = "Target device">xa7a12t-csg325-1Q</item>
</section>

<section name = "Performance Estimates" level="0">
<item name = "Timing">
<section name = "" level="1">
<item name = "Summary"><table name="" hasTotal="0">
<keys size="4">Clock, Target, Estimated, Uncertainty</keys>
<column name="clk">10.00 ns, 9.216 ns, 0.10 ns</column>
</table>
</item>
</section>
</item>
<item name = "Latency">
<section name = "" level="1">
<item name = "Summary"><table name="" hasTotal="0">
<keys size="8">, min, max, min, max, min, max, Type</keys>
<column name="">49164, 49164, 0.492 ms, 0.492 ms, 49164, 49164, none</column>
</table>
</item>
<item name = "Detail">
<section name = "" level="1">
<item name = "Instance"><table name="" hasTotal="0">
<keys size="9">Instance, Module, min, max, min, max, min, max, Type</keys>
</table>
</item>
<item name = "Loop"><table name="" hasTotal="0">
<keys size="8">Loop Name, min, max, Latency, achieved, target, Count, Pipelined</keys>
<column name="- Loop1">16386, 16386, 4, 1, 1, 16384, yes</column>
<column name="- Loop2">16386, 16386, 4, 1, 1, 16384, yes</column>
<column name="- Loop3">16384, 16384, 2, 1, 1, 16384, yes</column>
</table>
</item>
</section>
</item>
</section>
</item>
</section>

<section name = "Utilization Estimates" level="0">
<item name = "Summary"><table name="" hasTotal="1">
<keys size="6">Name, BRAM_18K, DSP48E, FF, LUT, URAM</keys>
<column name="DSP">-, -, -, -, -</column>
<column name="Expression">-, 9, 0, 219, -</column>
<column name="FIFO">-, -, -, -, -</column>
<column name="Instance">-, -, -, -, -</column>
<column name="Memory">96, -, 0, 0, 0</column>
<column name="Multiplexer">-, -, -, 185, -</column>
<column name="Register">0, -, 592, 128, -</column>
<specialColumn name="Available">40, 40, 16000, 8000, 0</specialColumn>
<specialColumn name="Utilization (%)">240, 22, 3, 6, 0</specialColumn>
</table>
</item>
<item name = "Detail">
<section name = "" level="1">
<item name = "Instance"><table name="" hasTotal="1">
<keys size="7">Instance, Module, BRAM_18K, DSP48E, FF, LUT, URAM</keys>
</table>
</item>
<item name = "DSP48E"><table name="" hasTotal="0">
<keys size="3">Instance, Module, Expression</keys>
</table>
</item>
<item name = "Memory"><table name="" hasTotal="1">
<keys size="10">Memory, Module, BRAM_18K, FF, LUT, URAM, Words, Bits, Banks, W*Bits*Banks</keys>
<column name="temp1_U">foo_b_temp1, 32, 0, 0, 0, 16384, 32, 1, 524288</column>
<column name="temp2_U">foo_b_temp1, 32, 0, 0, 0, 16384, 32, 1, 524288</column>
<column name="temp3_U">foo_b_temp1, 32, 0, 0, 0, 16384, 32, 1, 524288</column>
</table>
</item>
<item name = "FIFO"><table name="" hasTotal="1">
<keys size="8">Name, BRAM_18K, FF, LUT, URAM, Depth, Bits, Size:D*B</keys>
</table>
</item>
<item name = "Expression"><table name="" hasTotal="1">
<keys size="7">Variable Name, Operation, DSP48E, FF, LUT, Bitwidth P0, Bitwidth P1</keys>
<column name="mul_ln12_fu_261_p2">*, 3, 0, 21, 32, 32</column>
<column name="mul_ln8_fu_235_p2">*, 3, 0, 21, 32, 32</column>
<column name="mul_ln9_fu_240_p2">*, 3, 0, 21, 32, 32</column>
<column name="data_out_d0">+, 0, 0, 39, 32, 32</column>
<column name="i_fu_224_p2">+, 0, 0, 22, 15, 1</column>
<column name="j_fu_250_p2">+, 0, 0, 22, 15, 1</column>
<column name="k_fu_272_p2">+, 0, 0, 22, 15, 1</column>
<column name="icmp_ln11_fu_244_p2">icmp, 0, 0, 13, 15, 16</column>
<column name="icmp_ln14_fu_266_p2">icmp, 0, 0, 13, 15, 16</column>
<column name="icmp_ln7_fu_218_p2">icmp, 0, 0, 13, 15, 16</column>
<column name="ap_enable_pp0">xor, 0, 0, 2, 1, 2</column>
<column name="ap_enable_pp1">xor, 0, 0, 2, 1, 2</column>
<column name="ap_enable_pp2">xor, 0, 0, 2, 1, 2</column>
<column name="ap_enable_reg_pp0_iter1">xor, 0, 0, 2, 2, 1</column>
<column name="ap_enable_reg_pp1_iter1">xor, 0, 0, 2, 2, 1</column>
<column name="ap_enable_reg_pp2_iter1">xor, 0, 0, 2, 2, 1</column>
</table>
</item>
<item name = "Multiplexer"><table name="" hasTotal="1">
<keys size="5">Name, LUT, Input Size, Bits, Total Bits</keys>
<column name="ap_NS_fsm">47, 10, 1, 10</column>
<column name="ap_enable_reg_pp0_iter1">9, 2, 1, 2</column>
<column name="ap_enable_reg_pp0_iter3">9, 2, 1, 2</column>
<column name="ap_enable_reg_pp1_iter1">9, 2, 1, 2</column>
<column name="ap_enable_reg_pp1_iter3">9, 2, 1, 2</column>
<column name="ap_enable_reg_pp2_iter1">15, 3, 1, 3</column>
<column name="i_0_reg_181">9, 2, 15, 30</column>
<column name="j_0_reg_192">9, 2, 15, 30</column>
<column name="k_0_reg_203">9, 2, 15, 30</column>
<column name="scale_address0">15, 3, 2, 6</column>
<column name="temp1_address0">15, 3, 14, 42</column>
<column name="temp2_address0">15, 3, 14, 42</column>
<column name="temp3_address0">15, 3, 14, 42</column>
</table>
</item>
<item name = "Register"><table name="" hasTotal="1">
<keys size="5">Name, FF, LUT, Bits, Const Bits</keys>
<column name="ap_CS_fsm">9, 0, 9, 0</column>
<column name="ap_enable_reg_pp0_iter0">1, 0, 1, 0</column>
<column name="ap_enable_reg_pp0_iter1">1, 0, 1, 0</column>
<column name="ap_enable_reg_pp0_iter2">1, 0, 1, 0</column>
<column name="ap_enable_reg_pp0_iter3">1, 0, 1, 0</column>
<column name="ap_enable_reg_pp1_iter0">1, 0, 1, 0</column>
<column name="ap_enable_reg_pp1_iter1">1, 0, 1, 0</column>
<column name="ap_enable_reg_pp1_iter2">1, 0, 1, 0</column>
<column name="ap_enable_reg_pp1_iter3">1, 0, 1, 0</column>
<column name="ap_enable_reg_pp2_iter0">1, 0, 1, 0</column>
<column name="ap_enable_reg_pp2_iter1">1, 0, 1, 0</column>
<column name="data_in_load_reg_326">32, 0, 32, 0</column>
<column name="i_0_reg_181">15, 0, 15, 0</column>
<column name="icmp_ln11_reg_347">1, 0, 1, 0</column>
<column name="icmp_ln14_reg_376">1, 0, 1, 0</column>
<column name="icmp_ln7_reg_306">1, 0, 1, 0</column>
<column name="j_0_reg_192">15, 0, 15, 0</column>
<column name="k_0_reg_203">15, 0, 15, 0</column>
<column name="mul_ln12_reg_371">32, 0, 32, 0</column>
<column name="mul_ln8_reg_332">32, 0, 32, 0</column>
<column name="mul_ln9_reg_337">32, 0, 32, 0</column>
<column name="reg_214">32, 0, 32, 0</column>
<column name="scale_load_1_reg_301">32, 0, 32, 0</column>
<column name="temp1_load_reg_366">32, 0, 32, 0</column>
<column name="zext_ln12_reg_356">15, 0, 64, 49</column>
<column name="zext_ln15_reg_385">15, 0, 64, 49</column>
<column name="zext_ln8_reg_315">15, 0, 64, 49</column>
<column name="icmp_ln11_reg_347">64, 32, 1, 0</column>
<column name="icmp_ln7_reg_306">64, 32, 1, 0</column>
<column name="zext_ln12_reg_356">64, 32, 64, 49</column>
<column name="zext_ln8_reg_315">64, 32, 64, 49</column>
</table>
</item>
</section>
</item>
</section>

<section name = "Interface" level="0">
<item name = "Summary"><table name="" hasTotal="0">
<keys size="6">RTL Ports, Dir, Bits, Protocol, Source Object, C Type</keys>
<column name="ap_clk">in, 1, ap_ctrl_hs, foo_b, return value</column>
<column name="ap_rst">in, 1, ap_ctrl_hs, foo_b, return value</column>
<column name="ap_start">in, 1, ap_ctrl_hs, foo_b, return value</column>
<column name="ap_done">out, 1, ap_ctrl_hs, foo_b, return value</column>
<column name="ap_idle">out, 1, ap_ctrl_hs, foo_b, return value</column>
<column name="ap_ready">out, 1, ap_ctrl_hs, foo_b, return value</column>
<column name="data_in_address0">out, 14, ap_memory, data_in, array</column>
<column name="data_in_ce0">out, 1, ap_memory, data_in, array</column>
<column name="data_in_q0">in, 32, ap_memory, data_in, array</column>
<column name="scale_address0">out, 2, ap_memory, scale, array</column>
<column name="scale_ce0">out, 1, ap_memory, scale, array</column>
<column name="scale_q0">in, 32, ap_memory, scale, array</column>
<column name="scale_address1">out, 2, ap_memory, scale, array</column>
<column name="scale_ce1">out, 1, ap_memory, scale, array</column>
<column name="scale_q1">in, 32, ap_memory, scale, array</column>
<column name="data_out_address0">out, 14, ap_memory, data_out, array</column>
<column name="data_out_ce0">out, 1, ap_memory, data_out, array</column>
<column name="data_out_we0">out, 1, ap_memory, data_out, array</column>
<column name="data_out_d0">out, 32, ap_memory, data_out, array</column>
</table>
</item>
</section>
</profile>
