<stg><name>foo_b</name>


<trans_list>

<trans id="94" from="1" to="2">
<condition id="-1">
<or_exp><and_exp></and_exp></or_exp>
</condition>
</trans>

<trans id="95" from="2" to="3">
<condition id="-1">
<or_exp><and_exp></and_exp></or_exp>
</condition>
</trans>

<trans id="119" from="3" to="7">
<condition id="-1">
<or_exp><and_exp><literal name="icmp_ln7" val="1"/>
</and_exp></or_exp>
</condition>
</trans>

<trans id="120" from="3" to="4">
<condition id="-1">
<or_exp><and_exp><literal name="icmp_ln7" val="0"/>
</and_exp></or_exp>
</condition>
</trans>

<trans id="116" from="4" to="5">
<condition id="-1">
<or_exp><and_exp></and_exp></or_exp>
</condition>
</trans>

<trans id="117" from="5" to="6">
<condition id="-1">
<or_exp><and_exp></and_exp></or_exp>
</condition>
</trans>

<trans id="118" from="6" to="3">
<condition id="-1">
<or_exp><and_exp></and_exp></or_exp>
</condition>
</trans>

<trans id="102" from="7" to="8">
<condition id="-1">
<or_exp><and_exp></and_exp></or_exp>
</condition>
</trans>

<trans id="103" from="8" to="9">
<condition id="-1">
<or_exp><and_exp></and_exp></or_exp>
</condition>
</trans>

<trans id="125" from="9" to="13">
<condition id="-1">
<or_exp><and_exp><literal name="icmp_ln11" val="1"/>
</and_exp></or_exp>
</condition>
</trans>

<trans id="126" from="9" to="10">
<condition id="-1">
<or_exp><and_exp><literal name="icmp_ln11" val="0"/>
</and_exp></or_exp>
</condition>
</trans>

<trans id="122" from="10" to="11">
<condition id="-1">
<or_exp><and_exp></and_exp></or_exp>
</condition>
</trans>

<trans id="123" from="11" to="12">
<condition id="-1">
<or_exp><and_exp></and_exp></or_exp>
</condition>
</trans>

<trans id="124" from="12" to="9">
<condition id="-1">
<or_exp><and_exp></and_exp></or_exp>
</condition>
</trans>

<trans id="110" from="13" to="14">
<condition id="-1">
<or_exp><and_exp></and_exp></or_exp>
</condition>
</trans>

<trans id="129" from="14" to="16">
<condition id="-1">
<or_exp><and_exp><literal name="icmp_ln14" val="1"/>
</and_exp></or_exp>
</condition>
</trans>

<trans id="130" from="14" to="15">
<condition id="-1">
<or_exp><and_exp><literal name="icmp_ln14" val="0"/>
</and_exp></or_exp>
</condition>
</trans>

<trans id="128" from="15" to="14">
<condition id="-1">
<or_exp><and_exp></and_exp></or_exp>
</condition>
</trans>
</trans_list>



<state_list>

<state id="1" st_id="1">

<operation id="17" st_id="1" stage="1" lat="1">
<core>NULL</core>
<MemPortIdVec></MemPortIdVec>
<condition id="-1">
<or_exp><and_exp></and_exp></or_exp>
</condition>

<Node id="7" bw="2" op_0_bw="32" op_1_bw="64" op_2_bw="64">
<![CDATA[
:3  %scale_addr = getelementptr [3 x i32]* %scale, i64 0, i64 0

]]></Node>
<StgValue><ssdm name="scale_addr"/></StgValue>
</operation>

<operation id="18" st_id="1" stage="1" lat="1">
<core>RAM</core>
<MemPortIdVec></MemPortIdVec>
<condition id="-1">
<or_exp><and_exp></and_exp></or_exp>
</condition>

<Node id="9" bw="32" op_0_bw="64">
<![CDATA[
:5  %temp1 = alloca [16384 x i32], align 16

]]></Node>
<StgValue><ssdm name="temp1"/></StgValue>
</operation>

<operation id="19" st_id="1" stage="1" lat="1">
<core>RAM</core>
<MemPortIdVec></MemPortIdVec>
<condition id="-1">
<or_exp><and_exp></and_exp></or_exp>
</condition>

<Node id="10" bw="32" op_0_bw="64">
<![CDATA[
:6  %temp2 = alloca [16384 x i32], align 16

]]></Node>
<StgValue><ssdm name="temp2"/></StgValue>
</operation>

<operation id="20" st_id="1" stage="1" lat="1">
<core>RAM</core>
<MemPortIdVec></MemPortIdVec>
<condition id="-1">
<or_exp><and_exp></and_exp></or_exp>
</condition>

<Node id="11" bw="32" op_0_bw="64">
<![CDATA[
:7  %temp3 = alloca [16384 x i32], align 16

]]></Node>
<StgValue><ssdm name="temp3"/></StgValue>
</operation>

<operation id="21" st_id="1" stage="1" lat="1">
<core>NULL</core>
<MemPortIdVec></MemPortIdVec>
<condition id="-1">
<or_exp><and_exp></and_exp></or_exp>
</condition>

<Node id="12" bw="2" op_0_bw="32" op_1_bw="64" op_2_bw="64">
<![CDATA[
:8  %scale_addr_1 = getelementptr [3 x i32]* %scale, i64 0, i64 1

]]></Node>
<StgValue><ssdm name="scale_addr_1"/></StgValue>
</operation>

<operation id="22" st_id="1" stage="2" lat="2">
<core>RAM</core>
<MemPortIdVec></MemPortIdVec>
<condition id="-1">
<or_exp><and_exp></and_exp></or_exp>
</condition>

<Node id="13" bw="32" op_0_bw="2">
<![CDATA[
:9  %scale_load = load i32* %scale_addr, align 4

]]></Node>
<StgValue><ssdm name="scale_load"/></StgValue>
</operation>

<operation id="23" st_id="1" stage="2" lat="2">
<core>RAM</core>
<MemPortIdVec></MemPortIdVec>
<condition id="-1">
<or_exp><and_exp></and_exp></or_exp>
</condition>

<Node id="14" bw="32" op_0_bw="2">
<![CDATA[
:10  %scale_load_1 = load i32* %scale_addr_1, align 4

]]></Node>
<StgValue><ssdm name="scale_load_1"/></StgValue>
</operation>
</state>

<state id="2" st_id="2">

<operation id="24" st_id="2" stage="1" lat="1">
<core>NULL</core>
<MemPortIdVec></MemPortIdVec>
<condition id="-1">
<or_exp><and_exp></and_exp></or_exp>
</condition>

<Node id="4" bw="0" op_0_bw="0" op_1_bw="32">
<![CDATA[
:0  call void (...)* @_ssdm_op_SpecBitsMap([16384 x i32]* %data_in) nounwind, !map !7

]]></Node>
<StgValue><ssdm name="specbitsmap_ln0"/></StgValue>
</operation>

<operation id="25" st_id="2" stage="1" lat="1">
<core>NULL</core>
<MemPortIdVec></MemPortIdVec>
<condition id="-1">
<or_exp><and_exp></and_exp></or_exp>
</condition>

<Node id="5" bw="0" op_0_bw="0" op_1_bw="32">
<![CDATA[
:1  call void (...)* @_ssdm_op_SpecBitsMap([3 x i32]* %scale) nounwind, !map !13

]]></Node>
<StgValue><ssdm name="specbitsmap_ln0"/></StgValue>
</operation>

<operation id="26" st_id="2" stage="1" lat="1">
<core>NULL</core>
<MemPortIdVec></MemPortIdVec>
<condition id="-1">
<or_exp><and_exp></and_exp></or_exp>
</condition>

<Node id="6" bw="0" op_0_bw="0" op_1_bw="32">
<![CDATA[
:2  call void (...)* @_ssdm_op_SpecBitsMap([16384 x i32]* %data_out) nounwind, !map !19

]]></Node>
<StgValue><ssdm name="specbitsmap_ln0"/></StgValue>
</operation>

<operation id="27" st_id="2" stage="1" lat="1">
<core>NULL</core>
<MemPortIdVec></MemPortIdVec>
<condition id="-1">
<or_exp><and_exp></and_exp></or_exp>
</condition>

<Node id="8" bw="0" op_0_bw="0" op_1_bw="0">
<![CDATA[
:4  call void (...)* @_ssdm_op_SpecTopModule([6 x i8]* @foo_b_str) nounwind

]]></Node>
<StgValue><ssdm name="spectopmodule_ln0"/></StgValue>
</operation>

<operation id="28" st_id="2" stage="1" lat="2">
<core>RAM</core>
<MemPortIdVec></MemPortIdVec>
<condition id="-1">
<or_exp><and_exp></and_exp></or_exp>
</condition>

<Node id="13" bw="32" op_0_bw="2">
<![CDATA[
:9  %scale_load = load i32* %scale_addr, align 4

]]></Node>
<StgValue><ssdm name="scale_load"/></StgValue>
</operation>

<operation id="29" st_id="2" stage="1" lat="2">
<core>RAM</core>
<MemPortIdVec></MemPortIdVec>
<condition id="-1">
<or_exp><and_exp></and_exp></or_exp>
</condition>

<Node id="14" bw="32" op_0_bw="2">
<![CDATA[
:10  %scale_load_1 = load i32* %scale_addr_1, align 4

]]></Node>
<StgValue><ssdm name="scale_load_1"/></StgValue>
</operation>

<operation id="30" st_id="2" stage="1" lat="1">
<core>NULL</core>
<MemPortIdVec></MemPortIdVec>
<condition id="-1">
<or_exp><and_exp></and_exp></or_exp>
</condition>

<Node id="15" bw="0" op_0_bw="0">
<![CDATA[
:11  br label %1

]]></Node>
<StgValue><ssdm name="br_ln7"/></StgValue>
</operation>
</state>

<state id="3" st_id="3">

<operation id="31" st_id="3" stage="1" lat="1">
<core>NULL</core>
<MemPortIdVec></MemPortIdVec>
<condition id="-1">
<or_exp><and_exp></and_exp></or_exp>
</condition>

<Node id="17" bw="15" op_0_bw="15" op_1_bw="0" op_2_bw="15" op_3_bw="0">
<![CDATA[
:0  %i_0 = phi i15 [ 0, %0 ], [ %i, %Loop1 ]

]]></Node>
<StgValue><ssdm name="i_0"/></StgValue>
</operation>

<operation id="32" st_id="3" stage="1" lat="1">
<core>Cmp</core>
<MemPortIdVec></MemPortIdVec>
<condition id="-1">
<or_exp><and_exp></and_exp></or_exp>
</condition>

<Node id="18" bw="1" op_0_bw="15" op_1_bw="15">
<![CDATA[
:1  %icmp_ln7 = icmp eq i15 %i_0, -16384

]]></Node>
<StgValue><ssdm name="icmp_ln7"/></StgValue>
</operation>

<operation id="33" st_id="3" stage="1" lat="1">
<core>NULL</core>
<MemPortIdVec></MemPortIdVec>
<condition id="-1">
<or_exp><and_exp></and_exp></or_exp>
</condition>

<Node id="19" bw="32" op_0_bw="32" op_1_bw="64" op_2_bw="64" op_3_bw="64">
<![CDATA[
:2  %empty = call i32 (...)* @_ssdm_op_SpecLoopTripCount(i64 16384, i64 16384, i64 16384) nounwind

]]></Node>
<StgValue><ssdm name="empty"/></StgValue>
</operation>

<operation id="34" st_id="3" stage="1" lat="1">
<core>AddSub</core>
<MemPortIdVec></MemPortIdVec>
<condition id="-1">
<or_exp><and_exp></and_exp></or_exp>
</condition>

<Node id="20" bw="15" op_0_bw="15" op_1_bw="15">
<![CDATA[
:3  %i = add i15 %i_0, 1

]]></Node>
<StgValue><ssdm name="i"/></StgValue>
</operation>

<operation id="35" st_id="3" stage="1" lat="1">
<core>NULL</core>
<MemPortIdVec></MemPortIdVec>
<condition id="-1">
<or_exp><and_exp></and_exp></or_exp>
</condition>

<Node id="21" bw="0" op_0_bw="1" op_1_bw="0" op_2_bw="0">
<![CDATA[
:4  br i1 %icmp_ln7, label %.preheader1.preheader, label %Loop1

]]></Node>
<StgValue><ssdm name="br_ln7"/></StgValue>
</operation>

<operation id="36" st_id="3" stage="1" lat="1">
<core>NULL</core>
<MemPortIdVec></MemPortIdVec>
<condition id="-1">
<or_exp><and_exp><literal name="icmp_ln7" val="0"/>
</and_exp></or_exp>
</condition>

<Node id="26" bw="64" op_0_bw="15">
<![CDATA[
Loop1:3  %zext_ln8 = zext i15 %i_0 to i64

]]></Node>
<StgValue><ssdm name="zext_ln8"/></StgValue>
</operation>

<operation id="37" st_id="3" stage="1" lat="1">
<core>NULL</core>
<MemPortIdVec></MemPortIdVec>
<condition id="-1">
<or_exp><and_exp><literal name="icmp_ln7" val="0"/>
</and_exp></or_exp>
</condition>

<Node id="27" bw="14" op_0_bw="32" op_1_bw="64" op_2_bw="64">
<![CDATA[
Loop1:4  %data_in_addr = getelementptr [16384 x i32]* %data_in, i64 0, i64 %zext_ln8

]]></Node>
<StgValue><ssdm name="data_in_addr"/></StgValue>
</operation>

<operation id="38" st_id="3" stage="2" lat="2">
<core>RAM</core>
<MemPortIdVec></MemPortIdVec>
<condition id="-1">
<or_exp><and_exp><literal name="icmp_ln7" val="0"/>
</and_exp></or_exp>
</condition>

<Node id="28" bw="32" op_0_bw="14">
<![CDATA[
Loop1:5  %data_in_load = load i32* %data_in_addr, align 4

]]></Node>
<StgValue><ssdm name="data_in_load"/></StgValue>
</operation>
</state>

<state id="4" st_id="4">

<operation id="39" st_id="4" stage="1" lat="2">
<core>RAM</core>
<MemPortIdVec></MemPortIdVec>
<condition id="-1">
<or_exp><and_exp><literal name="icmp_ln7" val="0"/>
</and_exp></or_exp>
</condition>

<Node id="28" bw="32" op_0_bw="14">
<![CDATA[
Loop1:5  %data_in_load = load i32* %data_in_addr, align 4

]]></Node>
<StgValue><ssdm name="data_in_load"/></StgValue>
</operation>
</state>

<state id="5" st_id="5">

<operation id="40" st_id="5" stage="1" lat="1">
<core>Mul</core>
<MemPortIdVec></MemPortIdVec>
<condition id="-1">
<or_exp><and_exp><literal name="icmp_ln7" val="0"/>
</and_exp></or_exp>
</condition>

<Node id="29" bw="32" op_0_bw="32" op_1_bw="32">
<![CDATA[
Loop1:6  %mul_ln8 = mul nsw i32 %data_in_load, %scale_load

]]></Node>
<StgValue><ssdm name="mul_ln8"/></StgValue>
</operation>

<operation id="41" st_id="5" stage="1" lat="1">
<core>Mul</core>
<MemPortIdVec></MemPortIdVec>
<condition id="-1">
<or_exp><and_exp><literal name="icmp_ln7" val="0"/>
</and_exp></or_exp>
</condition>

<Node id="32" bw="32" op_0_bw="32" op_1_bw="32">
<![CDATA[
Loop1:9  %mul_ln9 = mul nsw i32 %data_in_load, %scale_load_1

]]></Node>
<StgValue><ssdm name="mul_ln9"/></StgValue>
</operation>
</state>

<state id="6" st_id="6">

<operation id="42" st_id="6" stage="1" lat="1">
<core>NULL</core>
<MemPortIdVec></MemPortIdVec>
<condition id="-1">
<or_exp><and_exp><literal name="icmp_ln7" val="0"/>
</and_exp></or_exp>
</condition>

<Node id="23" bw="0" op_0_bw="0" op_1_bw="0">
<![CDATA[
Loop1:0  call void (...)* @_ssdm_op_SpecLoopName([6 x i8]* @p_str) nounwind

]]></Node>
<StgValue><ssdm name="specloopname_ln7"/></StgValue>
</operation>

<operation id="43" st_id="6" stage="1" lat="1">
<core>NULL</core>
<MemPortIdVec></MemPortIdVec>
<condition id="-1">
<or_exp><and_exp><literal name="icmp_ln7" val="0"/>
</and_exp></or_exp>
</condition>

<Node id="24" bw="32" op_0_bw="32" op_1_bw="0">
<![CDATA[
Loop1:1  %tmp = call i32 (...)* @_ssdm_op_SpecRegionBegin([6 x i8]* @p_str) nounwind

]]></Node>
<StgValue><ssdm name="tmp"/></StgValue>
</operation>

<operation id="44" st_id="6" stage="1" lat="1">
<core>NULL</core>
<MemPortIdVec></MemPortIdVec>
<condition id="-1">
<or_exp><and_exp><literal name="icmp_ln7" val="0"/>
</and_exp></or_exp>
</condition>

<Node id="25" bw="0" op_0_bw="0" op_1_bw="32" op_2_bw="32" op_3_bw="32" op_4_bw="32" op_5_bw="0">
<![CDATA[
Loop1:2  call void (...)* @_ssdm_op_SpecPipeline(i32 -1, i32 1, i32 1, i32 0, [1 x i8]* @p_str1) nounwind

]]></Node>
<StgValue><ssdm name="specpipeline_ln8"/></StgValue>
</operation>

<operation id="45" st_id="6" stage="1" lat="1">
<core>NULL</core>
<MemPortIdVec></MemPortIdVec>
<condition id="-1">
<or_exp><and_exp><literal name="icmp_ln7" val="0"/>
</and_exp></or_exp>
</condition>

<Node id="30" bw="14" op_0_bw="32" op_1_bw="64" op_2_bw="64">
<![CDATA[
Loop1:7  %temp1_addr = getelementptr inbounds [16384 x i32]* %temp1, i64 0, i64 %zext_ln8

]]></Node>
<StgValue><ssdm name="temp1_addr"/></StgValue>
</operation>

<operation id="46" st_id="6" stage="1" lat="1">
<core>RAM</core>
<MemPortIdVec></MemPortIdVec>
<condition id="-1">
<or_exp><and_exp><literal name="icmp_ln7" val="0"/>
</and_exp></or_exp>
</condition>

<Node id="31" bw="0" op_0_bw="32" op_1_bw="14">
<![CDATA[
Loop1:8  store i32 %mul_ln8, i32* %temp1_addr, align 4

]]></Node>
<StgValue><ssdm name="store_ln8"/></StgValue>
</operation>

<operation id="47" st_id="6" stage="1" lat="1">
<core>NULL</core>
<MemPortIdVec></MemPortIdVec>
<condition id="-1">
<or_exp><and_exp><literal name="icmp_ln7" val="0"/>
</and_exp></or_exp>
</condition>

<Node id="33" bw="14" op_0_bw="32" op_1_bw="64" op_2_bw="64">
<![CDATA[
Loop1:10  %temp2_addr = getelementptr inbounds [16384 x i32]* %temp2, i64 0, i64 %zext_ln8

]]></Node>
<StgValue><ssdm name="temp2_addr"/></StgValue>
</operation>

<operation id="48" st_id="6" stage="1" lat="1">
<core>RAM</core>
<MemPortIdVec></MemPortIdVec>
<condition id="-1">
<or_exp><and_exp><literal name="icmp_ln7" val="0"/>
</and_exp></or_exp>
</condition>

<Node id="34" bw="0" op_0_bw="32" op_1_bw="14">
<![CDATA[
Loop1:11  store i32 %mul_ln9, i32* %temp2_addr, align 4

]]></Node>
<StgValue><ssdm name="store_ln9"/></StgValue>
</operation>

<operation id="49" st_id="6" stage="1" lat="1">
<core>NULL</core>
<MemPortIdVec></MemPortIdVec>
<condition id="-1">
<or_exp><and_exp><literal name="icmp_ln7" val="0"/>
</and_exp></or_exp>
</condition>

<Node id="35" bw="32" op_0_bw="32" op_1_bw="0" op_2_bw="32">
<![CDATA[
Loop1:12  %empty_3 = call i32 (...)* @_ssdm_op_SpecRegionEnd([6 x i8]* @p_str, i32 %tmp) nounwind

]]></Node>
<StgValue><ssdm name="empty_3"/></StgValue>
</operation>

<operation id="50" st_id="6" stage="1" lat="1">
<core>NULL</core>
<MemPortIdVec></MemPortIdVec>
<condition id="-1">
<or_exp><and_exp><literal name="icmp_ln7" val="0"/>
</and_exp></or_exp>
</condition>

<Node id="36" bw="0" op_0_bw="0">
<![CDATA[
Loop1:13  br label %1

]]></Node>
<StgValue><ssdm name="br_ln7"/></StgValue>
</operation>
</state>

<state id="7" st_id="7">

<operation id="51" st_id="7" stage="1" lat="1">
<core>NULL</core>
<MemPortIdVec></MemPortIdVec>
<condition id="-1">
<or_exp><and_exp></and_exp></or_exp>
</condition>

<Node id="38" bw="2" op_0_bw="32" op_1_bw="64" op_2_bw="64">
<![CDATA[
.preheader1.preheader:0  %scale_addr_2 = getelementptr [3 x i32]* %scale, i64 0, i64 2

]]></Node>
<StgValue><ssdm name="scale_addr_2"/></StgValue>
</operation>

<operation id="52" st_id="7" stage="2" lat="2">
<core>RAM</core>
<MemPortIdVec></MemPortIdVec>
<condition id="-1">
<or_exp><and_exp></and_exp></or_exp>
</condition>

<Node id="39" bw="32" op_0_bw="2">
<![CDATA[
.preheader1.preheader:1  %scale_load_2 = load i32* %scale_addr_2, align 4

]]></Node>
<StgValue><ssdm name="scale_load_2"/></StgValue>
</operation>
</state>

<state id="8" st_id="8">

<operation id="53" st_id="8" stage="1" lat="2">
<core>RAM</core>
<MemPortIdVec></MemPortIdVec>
<condition id="-1">
<or_exp><and_exp></and_exp></or_exp>
</condition>

<Node id="39" bw="32" op_0_bw="2">
<![CDATA[
.preheader1.preheader:1  %scale_load_2 = load i32* %scale_addr_2, align 4

]]></Node>
<StgValue><ssdm name="scale_load_2"/></StgValue>
</operation>

<operation id="54" st_id="8" stage="1" lat="1">
<core>NULL</core>
<MemPortIdVec></MemPortIdVec>
<condition id="-1">
<or_exp><and_exp></and_exp></or_exp>
</condition>

<Node id="40" bw="0" op_0_bw="0">
<![CDATA[
.preheader1.preheader:2  br label %.preheader1

]]></Node>
<StgValue><ssdm name="br_ln11"/></StgValue>
</operation>
</state>

<state id="9" st_id="9">

<operation id="55" st_id="9" stage="1" lat="1">
<core>NULL</core>
<MemPortIdVec></MemPortIdVec>
<condition id="-1">
<or_exp><and_exp></and_exp></or_exp>
</condition>

<Node id="42" bw="15" op_0_bw="15" op_1_bw="0" op_2_bw="15" op_3_bw="0">
<![CDATA[
.preheader1:0  %j_0 = phi i15 [ %j, %Loop2 ], [ 0, %.preheader1.preheader ]

]]></Node>
<StgValue><ssdm name="j_0"/></StgValue>
</operation>

<operation id="56" st_id="9" stage="1" lat="1">
<core>Cmp</core>
<MemPortIdVec></MemPortIdVec>
<condition id="-1">
<or_exp><and_exp></and_exp></or_exp>
</condition>

<Node id="43" bw="1" op_0_bw="15" op_1_bw="15">
<![CDATA[
.preheader1:1  %icmp_ln11 = icmp eq i15 %j_0, -16384

]]></Node>
<StgValue><ssdm name="icmp_ln11"/></StgValue>
</operation>

<operation id="57" st_id="9" stage="1" lat="1">
<core>NULL</core>
<MemPortIdVec></MemPortIdVec>
<condition id="-1">
<or_exp><and_exp></and_exp></or_exp>
</condition>

<Node id="44" bw="32" op_0_bw="32" op_1_bw="64" op_2_bw="64" op_3_bw="64">
<![CDATA[
.preheader1:2  %empty_4 = call i32 (...)* @_ssdm_op_SpecLoopTripCount(i64 16384, i64 16384, i64 16384) nounwind

]]></Node>
<StgValue><ssdm name="empty_4"/></StgValue>
</operation>

<operation id="58" st_id="9" stage="1" lat="1">
<core>AddSub</core>
<MemPortIdVec></MemPortIdVec>
<condition id="-1">
<or_exp><and_exp></and_exp></or_exp>
</condition>

<Node id="45" bw="15" op_0_bw="15" op_1_bw="15">
<![CDATA[
.preheader1:3  %j = add i15 %j_0, 1

]]></Node>
<StgValue><ssdm name="j"/></StgValue>
</operation>

<operation id="59" st_id="9" stage="1" lat="1">
<core>NULL</core>
<MemPortIdVec></MemPortIdVec>
<condition id="-1">
<or_exp><and_exp></and_exp></or_exp>
</condition>

<Node id="46" bw="0" op_0_bw="1" op_1_bw="0" op_2_bw="0">
<![CDATA[
.preheader1:4  br i1 %icmp_ln11, label %.preheader.preheader, label %Loop2

]]></Node>
<StgValue><ssdm name="br_ln11"/></StgValue>
</operation>

<operation id="60" st_id="9" stage="1" lat="1">
<core>NULL</core>
<MemPortIdVec></MemPortIdVec>
<condition id="-1">
<or_exp><and_exp><literal name="icmp_ln11" val="0"/>
</and_exp></or_exp>
</condition>

<Node id="51" bw="64" op_0_bw="15">
<![CDATA[
Loop2:3  %zext_ln12 = zext i15 %j_0 to i64

]]></Node>
<StgValue><ssdm name="zext_ln12"/></StgValue>
</operation>

<operation id="61" st_id="9" stage="1" lat="1">
<core>NULL</core>
<MemPortIdVec></MemPortIdVec>
<condition id="-1">
<or_exp><and_exp><literal name="icmp_ln11" val="0"/>
</and_exp></or_exp>
</condition>

<Node id="52" bw="14" op_0_bw="32" op_1_bw="64" op_2_bw="64">
<![CDATA[
Loop2:4  %temp1_addr_1 = getelementptr inbounds [16384 x i32]* %temp1, i64 0, i64 %zext_ln12

]]></Node>
<StgValue><ssdm name="temp1_addr_1"/></StgValue>
</operation>

<operation id="62" st_id="9" stage="2" lat="2">
<core>RAM</core>
<MemPortIdVec></MemPortIdVec>
<condition id="-1">
<or_exp><and_exp><literal name="icmp_ln11" val="0"/>
</and_exp></or_exp>
</condition>

<Node id="53" bw="32" op_0_bw="14">
<![CDATA[
Loop2:5  %temp1_load = load i32* %temp1_addr_1, align 4

]]></Node>
<StgValue><ssdm name="temp1_load"/></StgValue>
</operation>
</state>

<state id="10" st_id="10">

<operation id="63" st_id="10" stage="1" lat="2">
<core>RAM</core>
<MemPortIdVec></MemPortIdVec>
<condition id="-1">
<or_exp><and_exp><literal name="icmp_ln11" val="0"/>
</and_exp></or_exp>
</condition>

<Node id="53" bw="32" op_0_bw="14">
<![CDATA[
Loop2:5  %temp1_load = load i32* %temp1_addr_1, align 4

]]></Node>
<StgValue><ssdm name="temp1_load"/></StgValue>
</operation>
</state>

<state id="11" st_id="11">

<operation id="64" st_id="11" stage="1" lat="1">
<core>Mul</core>
<MemPortIdVec></MemPortIdVec>
<condition id="-1">
<or_exp><and_exp><literal name="icmp_ln11" val="0"/>
</and_exp></or_exp>
</condition>

<Node id="54" bw="32" op_0_bw="32" op_1_bw="32">
<![CDATA[
Loop2:6  %mul_ln12 = mul nsw i32 %temp1_load, %scale_load_2

]]></Node>
<StgValue><ssdm name="mul_ln12"/></StgValue>
</operation>
</state>

<state id="12" st_id="12">

<operation id="65" st_id="12" stage="1" lat="1">
<core>NULL</core>
<MemPortIdVec></MemPortIdVec>
<condition id="-1">
<or_exp><and_exp><literal name="icmp_ln11" val="0"/>
</and_exp></or_exp>
</condition>

<Node id="48" bw="0" op_0_bw="0" op_1_bw="0">
<![CDATA[
Loop2:0  call void (...)* @_ssdm_op_SpecLoopName([6 x i8]* @p_str2) nounwind

]]></Node>
<StgValue><ssdm name="specloopname_ln11"/></StgValue>
</operation>

<operation id="66" st_id="12" stage="1" lat="1">
<core>NULL</core>
<MemPortIdVec></MemPortIdVec>
<condition id="-1">
<or_exp><and_exp><literal name="icmp_ln11" val="0"/>
</and_exp></or_exp>
</condition>

<Node id="49" bw="32" op_0_bw="32" op_1_bw="0">
<![CDATA[
Loop2:1  %tmp_1 = call i32 (...)* @_ssdm_op_SpecRegionBegin([6 x i8]* @p_str2) nounwind

]]></Node>
<StgValue><ssdm name="tmp_1"/></StgValue>
</operation>

<operation id="67" st_id="12" stage="1" lat="1">
<core>NULL</core>
<MemPortIdVec></MemPortIdVec>
<condition id="-1">
<or_exp><and_exp><literal name="icmp_ln11" val="0"/>
</and_exp></or_exp>
</condition>

<Node id="50" bw="0" op_0_bw="0" op_1_bw="32" op_2_bw="32" op_3_bw="32" op_4_bw="32" op_5_bw="0">
<![CDATA[
Loop2:2  call void (...)* @_ssdm_op_SpecPipeline(i32 -1, i32 1, i32 1, i32 0, [1 x i8]* @p_str1) nounwind

]]></Node>
<StgValue><ssdm name="specpipeline_ln12"/></StgValue>
</operation>

<operation id="68" st_id="12" stage="1" lat="1">
<core>NULL</core>
<MemPortIdVec></MemPortIdVec>
<condition id="-1">
<or_exp><and_exp><literal name="icmp_ln11" val="0"/>
</and_exp></or_exp>
</condition>

<Node id="55" bw="14" op_0_bw="32" op_1_bw="64" op_2_bw="64">
<![CDATA[
Loop2:7  %temp3_addr = getelementptr inbounds [16384 x i32]* %temp3, i64 0, i64 %zext_ln12

]]></Node>
<StgValue><ssdm name="temp3_addr"/></StgValue>
</operation>

<operation id="69" st_id="12" stage="1" lat="1">
<core>RAM</core>
<MemPortIdVec></MemPortIdVec>
<condition id="-1">
<or_exp><and_exp><literal name="icmp_ln11" val="0"/>
</and_exp></or_exp>
</condition>

<Node id="56" bw="0" op_0_bw="32" op_1_bw="14">
<![CDATA[
Loop2:8  store i32 %mul_ln12, i32* %temp3_addr, align 4

]]></Node>
<StgValue><ssdm name="store_ln12"/></StgValue>
</operation>

<operation id="70" st_id="12" stage="1" lat="1">
<core>NULL</core>
<MemPortIdVec></MemPortIdVec>
<condition id="-1">
<or_exp><and_exp><literal name="icmp_ln11" val="0"/>
</and_exp></or_exp>
</condition>

<Node id="57" bw="32" op_0_bw="32" op_1_bw="0" op_2_bw="32">
<![CDATA[
Loop2:9  %empty_5 = call i32 (...)* @_ssdm_op_SpecRegionEnd([6 x i8]* @p_str2, i32 %tmp_1) nounwind

]]></Node>
<StgValue><ssdm name="empty_5"/></StgValue>
</operation>

<operation id="71" st_id="12" stage="1" lat="1">
<core>NULL</core>
<MemPortIdVec></MemPortIdVec>
<condition id="-1">
<or_exp><and_exp><literal name="icmp_ln11" val="0"/>
</and_exp></or_exp>
</condition>

<Node id="58" bw="0" op_0_bw="0">
<![CDATA[
Loop2:10  br label %.preheader1

]]></Node>
<StgValue><ssdm name="br_ln11"/></StgValue>
</operation>
</state>

<state id="13" st_id="13">

<operation id="72" st_id="13" stage="1" lat="1">
<core>NULL</core>
<MemPortIdVec></MemPortIdVec>
<condition id="-1">
<or_exp><and_exp></and_exp></or_exp>
</condition>

<Node id="60" bw="0" op_0_bw="0">
<![CDATA[
.preheader.preheader:0  br label %.preheader

]]></Node>
<StgValue><ssdm name="br_ln14"/></StgValue>
</operation>
</state>

<state id="14" st_id="14">

<operation id="73" st_id="14" stage="1" lat="1">
<core>NULL</core>
<MemPortIdVec></MemPortIdVec>
<condition id="-1">
<or_exp><and_exp></and_exp></or_exp>
</condition>

<Node id="62" bw="15" op_0_bw="15" op_1_bw="0" op_2_bw="15" op_3_bw="0">
<![CDATA[
.preheader:0  %k_0 = phi i15 [ %k, %Loop3 ], [ 0, %.preheader.preheader ]

]]></Node>
<StgValue><ssdm name="k_0"/></StgValue>
</operation>

<operation id="74" st_id="14" stage="1" lat="1">
<core>Cmp</core>
<MemPortIdVec></MemPortIdVec>
<condition id="-1">
<or_exp><and_exp></and_exp></or_exp>
</condition>

<Node id="63" bw="1" op_0_bw="15" op_1_bw="15">
<![CDATA[
.preheader:1  %icmp_ln14 = icmp eq i15 %k_0, -16384

]]></Node>
<StgValue><ssdm name="icmp_ln14"/></StgValue>
</operation>

<operation id="75" st_id="14" stage="1" lat="1">
<core>NULL</core>
<MemPortIdVec></MemPortIdVec>
<condition id="-1">
<or_exp><and_exp></and_exp></or_exp>
</condition>

<Node id="64" bw="32" op_0_bw="32" op_1_bw="64" op_2_bw="64" op_3_bw="64">
<![CDATA[
.preheader:2  %empty_6 = call i32 (...)* @_ssdm_op_SpecLoopTripCount(i64 16384, i64 16384, i64 16384) nounwind

]]></Node>
<StgValue><ssdm name="empty_6"/></StgValue>
</operation>

<operation id="76" st_id="14" stage="1" lat="1">
<core>AddSub</core>
<MemPortIdVec></MemPortIdVec>
<condition id="-1">
<or_exp><and_exp></and_exp></or_exp>
</condition>

<Node id="65" bw="15" op_0_bw="15" op_1_bw="15">
<![CDATA[
.preheader:3  %k = add i15 %k_0, 1

]]></Node>
<StgValue><ssdm name="k"/></StgValue>
</operation>

<operation id="77" st_id="14" stage="1" lat="1">
<core>NULL</core>
<MemPortIdVec></MemPortIdVec>
<condition id="-1">
<or_exp><and_exp></and_exp></or_exp>
</condition>

<Node id="66" bw="0" op_0_bw="1" op_1_bw="0" op_2_bw="0">
<![CDATA[
.preheader:4  br i1 %icmp_ln14, label %2, label %Loop3

]]></Node>
<StgValue><ssdm name="br_ln14"/></StgValue>
</operation>

<operation id="78" st_id="14" stage="1" lat="1">
<core>NULL</core>
<MemPortIdVec></MemPortIdVec>
<condition id="-1">
<or_exp><and_exp><literal name="icmp_ln14" val="0"/>
</and_exp></or_exp>
</condition>

<Node id="71" bw="64" op_0_bw="15">
<![CDATA[
Loop3:3  %zext_ln15 = zext i15 %k_0 to i64

]]></Node>
<StgValue><ssdm name="zext_ln15"/></StgValue>
</operation>

<operation id="79" st_id="14" stage="1" lat="1">
<core>NULL</core>
<MemPortIdVec></MemPortIdVec>
<condition id="-1">
<or_exp><and_exp><literal name="icmp_ln14" val="0"/>
</and_exp></or_exp>
</condition>

<Node id="72" bw="14" op_0_bw="32" op_1_bw="64" op_2_bw="64">
<![CDATA[
Loop3:4  %temp2_addr_1 = getelementptr inbounds [16384 x i32]* %temp2, i64 0, i64 %zext_ln15

]]></Node>
<StgValue><ssdm name="temp2_addr_1"/></StgValue>
</operation>

<operation id="80" st_id="14" stage="2" lat="2">
<core>RAM</core>
<MemPortIdVec></MemPortIdVec>
<condition id="-1">
<or_exp><and_exp><literal name="icmp_ln14" val="0"/>
</and_exp></or_exp>
</condition>

<Node id="73" bw="32" op_0_bw="14">
<![CDATA[
Loop3:5  %temp2_load = load i32* %temp2_addr_1, align 4

]]></Node>
<StgValue><ssdm name="temp2_load"/></StgValue>
</operation>

<operation id="81" st_id="14" stage="1" lat="1">
<core>NULL</core>
<MemPortIdVec></MemPortIdVec>
<condition id="-1">
<or_exp><and_exp><literal name="icmp_ln14" val="0"/>
</and_exp></or_exp>
</condition>

<Node id="74" bw="14" op_0_bw="32" op_1_bw="64" op_2_bw="64">
<![CDATA[
Loop3:6  %temp3_addr_1 = getelementptr inbounds [16384 x i32]* %temp3, i64 0, i64 %zext_ln15

]]></Node>
<StgValue><ssdm name="temp3_addr_1"/></StgValue>
</operation>

<operation id="82" st_id="14" stage="2" lat="2">
<core>RAM</core>
<MemPortIdVec></MemPortIdVec>
<condition id="-1">
<or_exp><and_exp><literal name="icmp_ln14" val="0"/>
</and_exp></or_exp>
</condition>

<Node id="75" bw="32" op_0_bw="14">
<![CDATA[
Loop3:7  %temp3_load = load i32* %temp3_addr_1, align 4

]]></Node>
<StgValue><ssdm name="temp3_load"/></StgValue>
</operation>
</state>

<state id="15" st_id="15">

<operation id="83" st_id="15" stage="1" lat="1">
<core>NULL</core>
<MemPortIdVec></MemPortIdVec>
<condition id="-1">
<or_exp><and_exp><literal name="icmp_ln14" val="0"/>
</and_exp></or_exp>
</condition>

<Node id="68" bw="0" op_0_bw="0" op_1_bw="0">
<![CDATA[
Loop3:0  call void (...)* @_ssdm_op_SpecLoopName([6 x i8]* @p_str3) nounwind

]]></Node>
<StgValue><ssdm name="specloopname_ln14"/></StgValue>
</operation>

<operation id="84" st_id="15" stage="1" lat="1">
<core>NULL</core>
<MemPortIdVec></MemPortIdVec>
<condition id="-1">
<or_exp><and_exp><literal name="icmp_ln14" val="0"/>
</and_exp></or_exp>
</condition>

<Node id="69" bw="32" op_0_bw="32" op_1_bw="0">
<![CDATA[
Loop3:1  %tmp_2 = call i32 (...)* @_ssdm_op_SpecRegionBegin([6 x i8]* @p_str3) nounwind

]]></Node>
<StgValue><ssdm name="tmp_2"/></StgValue>
</operation>

<operation id="85" st_id="15" stage="1" lat="1">
<core>NULL</core>
<MemPortIdVec></MemPortIdVec>
<condition id="-1">
<or_exp><and_exp><literal name="icmp_ln14" val="0"/>
</and_exp></or_exp>
</condition>

<Node id="70" bw="0" op_0_bw="0" op_1_bw="32" op_2_bw="32" op_3_bw="32" op_4_bw="32" op_5_bw="0">
<![CDATA[
Loop3:2  call void (...)* @_ssdm_op_SpecPipeline(i32 -1, i32 1, i32 1, i32 0, [1 x i8]* @p_str1) nounwind

]]></Node>
<StgValue><ssdm name="specpipeline_ln15"/></StgValue>
</operation>

<operation id="86" st_id="15" stage="1" lat="2">
<core>RAM</core>
<MemPortIdVec></MemPortIdVec>
<condition id="-1">
<or_exp><and_exp><literal name="icmp_ln14" val="0"/>
</and_exp></or_exp>
</condition>

<Node id="73" bw="32" op_0_bw="14">
<![CDATA[
Loop3:5  %temp2_load = load i32* %temp2_addr_1, align 4

]]></Node>
<StgValue><ssdm name="temp2_load"/></StgValue>
</operation>

<operation id="87" st_id="15" stage="1" lat="2">
<core>RAM</core>
<MemPortIdVec></MemPortIdVec>
<condition id="-1">
<or_exp><and_exp><literal name="icmp_ln14" val="0"/>
</and_exp></or_exp>
</condition>

<Node id="75" bw="32" op_0_bw="14">
<![CDATA[
Loop3:7  %temp3_load = load i32* %temp3_addr_1, align 4

]]></Node>
<StgValue><ssdm name="temp3_load"/></StgValue>
</operation>

<operation id="88" st_id="15" stage="1" lat="1">
<core>AddSub</core>
<MemPortIdVec></MemPortIdVec>
<condition id="-1">
<or_exp><and_exp><literal name="icmp_ln14" val="0"/>
</and_exp></or_exp>
</condition>

<Node id="76" bw="32" op_0_bw="32" op_1_bw="32">
<![CDATA[
Loop3:8  %add_ln15 = add nsw i32 %temp2_load, %temp3_load

]]></Node>
<StgValue><ssdm name="add_ln15"/></StgValue>
</operation>

<operation id="89" st_id="15" stage="1" lat="1">
<core>NULL</core>
<MemPortIdVec></MemPortIdVec>
<condition id="-1">
<or_exp><and_exp><literal name="icmp_ln14" val="0"/>
</and_exp></or_exp>
</condition>

<Node id="77" bw="14" op_0_bw="32" op_1_bw="64" op_2_bw="64">
<![CDATA[
Loop3:9  %data_out_addr = getelementptr [16384 x i32]* %data_out, i64 0, i64 %zext_ln15

]]></Node>
<StgValue><ssdm name="data_out_addr"/></StgValue>
</operation>

<operation id="90" st_id="15" stage="1" lat="1">
<core>RAM</core>
<MemPortIdVec></MemPortIdVec>
<condition id="-1">
<or_exp><and_exp><literal name="icmp_ln14" val="0"/>
</and_exp></or_exp>
</condition>

<Node id="78" bw="0" op_0_bw="32" op_1_bw="14">
<![CDATA[
Loop3:10  store i32 %add_ln15, i32* %data_out_addr, align 4

]]></Node>
<StgValue><ssdm name="store_ln15"/></StgValue>
</operation>

<operation id="91" st_id="15" stage="1" lat="1">
<core>NULL</core>
<MemPortIdVec></MemPortIdVec>
<condition id="-1">
<or_exp><and_exp><literal name="icmp_ln14" val="0"/>
</and_exp></or_exp>
</condition>

<Node id="79" bw="32" op_0_bw="32" op_1_bw="0" op_2_bw="32">
<![CDATA[
Loop3:11  %empty_7 = call i32 (...)* @_ssdm_op_SpecRegionEnd([6 x i8]* @p_str3, i32 %tmp_2) nounwind

]]></Node>
<StgValue><ssdm name="empty_7"/></StgValue>
</operation>

<operation id="92" st_id="15" stage="1" lat="1">
<core>NULL</core>
<MemPortIdVec></MemPortIdVec>
<condition id="-1">
<or_exp><and_exp><literal name="icmp_ln14" val="0"/>
</and_exp></or_exp>
</condition>

<Node id="80" bw="0" op_0_bw="0">
<![CDATA[
Loop3:12  br label %.preheader

]]></Node>
<StgValue><ssdm name="br_ln14"/></StgValue>
</operation>
</state>

<state id="16" st_id="16">

<operation id="93" st_id="16" stage="1" lat="1">
<core>NULL</core>
<MemPortIdVec></MemPortIdVec>
<condition id="-1">
<or_exp><and_exp></and_exp></or_exp>
</condition>

<Node id="82" bw="0">
<![CDATA[
:0  ret void

]]></Node>
<StgValue><ssdm name="ret_ln17"/></StgValue>
</operation>
</state>
</state_list>


<ports>
</ports>


<dataflows>
</dataflows>


</stg>
