<profile>

<section name = "Vivado HLS Report for 'foo_b'" level="0">
<item name = "Date">Sun Nov  7 14:13:01 2021
</item>
<item name = "Version">2020.1 (Build 2897737 on Wed May 27 20:21:37 MDT 2020)</item>
<item name = "Project">lab4_z4b_prj</item>
<item name = "Solution">sol1</item>
<item name = "Product family">artix7</item>
<item name = "Target device">xa7a12t-csg325-1Q</item>
</section>

<section name = "Performance Estimates" level="0">
<item name = "Timing">
<section name = "" level="1">
<item name = "Summary"><table name="" hasTotal="0">
<keys size="4">Clock, Target, Estimated, Uncertainty</keys>
<column name="clk">10.00 ns, 9.216 ns, 0.10 ns</column>
</table>
</item>
</section>
</item>
<item name = "Latency">
<section name = "" level="1">
<item name = "Summary"><table name="" hasTotal="0">
<keys size="8">, min, max, min, max, min, max, Type</keys>
<column name="">49164, 49164, 0.492 ms, 0.492 ms, 49164, 49164, none</column>
</table>
</item>
<item name = "Detail">
<section name = "" level="1">
<item name = "Instance"><table name="" hasTotal="0">
<keys size="9">Instance, Module, min, max, min, max, min, max, Type</keys>
</table>
</item>
<item name = "Loop"><table name="" hasTotal="0">
<keys size="8">Loop Name, min, max, Latency, achieved, target, Count, Pipelined</keys>
<column name="- Loop1">16386, 16386, 4, 1, 1, 16384, yes</column>
<column name="- Loop2">16386, 16386, 4, 1, 1, 16384, yes</column>
<column name="- Loop3">16384, 16384, 2, 1, 1, 16384, yes</column>
</table>
</item>
</section>
</item>
</section>
</item>
</section>
</profile>
