<annotationInfo>
<item  id="9" filename="./source/lab4_z4.c" linenumber="6" name="temp1" contextFuncName="foo_b" moduleName="foo_b" rtlName="temp1_U" latency="0" BRAM="-1" DSP="-1" FF="-1" LUT="-1" fileDirectory="/home/sokrat/project/learn/Hybridsystem/homework/hw4+/lab4_z4"><\/item>
<item  id="10" filename="./source/lab4_z4.c" linenumber="6" name="temp2" contextFuncName="foo_b" moduleName="foo_b" rtlName="temp2_U" latency="0" BRAM="-1" DSP="-1" FF="-1" LUT="-1" fileDirectory="/home/sokrat/project/learn/Hybridsystem/homework/hw4+/lab4_z4"><\/item>
<item  id="11" filename="./source/lab4_z4.c" linenumber="6" name="temp3" contextFuncName="foo_b" moduleName="foo_b" rtlName="temp3_U" latency="0" BRAM="-1" DSP="-1" FF="-1" LUT="-1" fileDirectory="/home/sokrat/project/learn/Hybridsystem/homework/hw4+/lab4_z4"><\/item>
<item  id="18" filename="./source/lab4_z4.c" linenumber="7" name="icmp_ln7" contextFuncName="foo_b" moduleName="foo_b" rtlName="icmp_ln7_fu_218_p2" latency="0" BRAM="-1" DSP="-1" FF="0" LUT="13" fileDirectory="/home/sokrat/project/learn/Hybridsystem/homework/hw4+/lab4_z4"><\/item>
<item  id="20" filename="./source/lab4_z4.c" linenumber="7" name="i" contextFuncName="foo_b" moduleName="foo_b" rtlName="i_fu_224_p2" latency="0" BRAM="-1" DSP="-1" FF="0" LUT="22" fileDirectory="/home/sokrat/project/learn/Hybridsystem/homework/hw4+/lab4_z4"><\/item>
<item  id="26" filename="./source/lab4_z4.c" linenumber="8" name="zext_ln8" contextFuncName="foo_b" moduleName="foo_b" rtlName="zext_ln8_fu_230_p1" latency="0" BRAM="-1" DSP="-1" FF="-1" LUT="-1" fileDirectory="/home/sokrat/project/learn/Hybridsystem/homework/hw4+/lab4_z4"><\/item>
<item  id="29" filename="./source/lab4_z4.c" linenumber="8" name="mul_ln8" contextFuncName="foo_b" moduleName="foo_b" rtlName="mul_ln8_fu_235_p2" latency="0" BRAM="-1" DSP="3" FF="0" LUT="21" fileDirectory="/home/sokrat/project/learn/Hybridsystem/homework/hw4+/lab4_z4"><\/item>
<item  id="32" filename="./source/lab4_z4.c" linenumber="9" name="mul_ln9" contextFuncName="foo_b" moduleName="foo_b" rtlName="mul_ln9_fu_240_p2" latency="0" BRAM="-1" DSP="3" FF="0" LUT="21" fileDirectory="/home/sokrat/project/learn/Hybridsystem/homework/hw4+/lab4_z4"><\/item>
<item  id="43" filename="./source/lab4_z4.c" linenumber="11" name="icmp_ln11" contextFuncName="foo_b" moduleName="foo_b" rtlName="icmp_ln11_fu_244_p2" latency="0" BRAM="-1" DSP="-1" FF="0" LUT="13" fileDirectory="/home/sokrat/project/learn/Hybridsystem/homework/hw4+/lab4_z4"><\/item>
<item  id="45" filename="./source/lab4_z4.c" linenumber="11" name="j" contextFuncName="foo_b" moduleName="foo_b" rtlName="j_fu_250_p2" latency="0" BRAM="-1" DSP="-1" FF="0" LUT="22" fileDirectory="/home/sokrat/project/learn/Hybridsystem/homework/hw4+/lab4_z4"><\/item>
<item  id="51" filename="./source/lab4_z4.c" linenumber="12" name="zext_ln12" contextFuncName="foo_b" moduleName="foo_b" rtlName="zext_ln12_fu_256_p1" latency="0" BRAM="-1" DSP="-1" FF="-1" LUT="-1" fileDirectory="/home/sokrat/project/learn/Hybridsystem/homework/hw4+/lab4_z4"><\/item>
<item  id="54" filename="./source/lab4_z4.c" linenumber="12" name="mul_ln12" contextFuncName="foo_b" moduleName="foo_b" rtlName="mul_ln12_fu_261_p2" latency="0" BRAM="-1" DSP="3" FF="0" LUT="21" fileDirectory="/home/sokrat/project/learn/Hybridsystem/homework/hw4+/lab4_z4"><\/item>
<item  id="63" filename="./source/lab4_z4.c" linenumber="14" name="icmp_ln14" contextFuncName="foo_b" moduleName="foo_b" rtlName="icmp_ln14_fu_266_p2" latency="0" BRAM="-1" DSP="-1" FF="0" LUT="13" fileDirectory="/home/sokrat/project/learn/Hybridsystem/homework/hw4+/lab4_z4"><\/item>
<item  id="65" filename="./source/lab4_z4.c" linenumber="14" name="k" contextFuncName="foo_b" moduleName="foo_b" rtlName="k_fu_272_p2" latency="0" BRAM="-1" DSP="-1" FF="0" LUT="22" fileDirectory="/home/sokrat/project/learn/Hybridsystem/homework/hw4+/lab4_z4"><\/item>
<item  id="71" filename="./source/lab4_z4.c" linenumber="15" name="zext_ln15" contextFuncName="foo_b" moduleName="foo_b" rtlName="zext_ln15_fu_278_p1" latency="0" BRAM="-1" DSP="-1" FF="-1" LUT="-1" fileDirectory="/home/sokrat/project/learn/Hybridsystem/homework/hw4+/lab4_z4"><\/item>
<item  id="76" filename="./source/lab4_z4.c" linenumber="15" name="add_ln15" contextFuncName="foo_b" moduleName="foo_b" rtlName="data_out_d0" latency="0" BRAM="-1" DSP="-1" FF="0" LUT="39" fileDirectory="/home/sokrat/project/learn/Hybridsystem/homework/hw4+/lab4_z4"><\/item>
</annotationInfo>
